Team,ShortName,G,AB,PA,H,1B,2B,3B,HR,R,RBI,BB,IBB,SO,HBP,SF,SH,GDP,SB,CS,AVG,OBP,SLG,OPS,wOBA,BB%,K%,BB/K,ISO,Spd,BABIP,UBR,GDPRuns,wRC,wRAA,UZR,wBsR,BaseRunning,WAR,Off,Def,wRC+,FPTS,FPTS_G,SPTS,SPTS_G,ADP,Pos,minpos,UPURL,positionDB,teamid,playerTeamId,League,PlayerName,xMLBAMID,playerids,playerid
CIN,Reds,0,2,2,1,0,0,0,0,0,0,0,0,0,0,0,0,,0,0,0.315524,0.349731,0.409216,0.758948,0.334339,0.0494759,0.194967,0.253765,0.093692,1.7598,0.37995,0.0,,0.24684,0.0267905,1.29137,-0.00393038,-0.00393038,0.137873,0.015710763167589903,1.2782569229602814,108.773,3.6,,3.6,,999.0,0.0,3B/OF,/players/oswaldo-cabrera/21707/stats/batting,3B/OF,18,18.0,NL,Oswaldo Cabrera,665828,21707,21707
TBR,Rays,0,1,1,0,0,0,0,0,0,0,0,0,0,0,0,0,,0,0,0.247621,0.294352,0.304718,0.59907,0.26977,0.0590117,0.208116,0.283552,0.0570965,4.96885,0.311442,0.000884839,,0.104598,-0.0489251,0.897768,-0.000913084,-2.82451e-05,0.0918446,-0.04725371667154832,0.903632277622819,68.6806,-1.0,,-1.0,,999.0,0.00549451,2B/3B,/players/ben-williamson/33197/stats/batting,2B/3B,12,12.0,AL,Ben Williamson,810938,33197,33197
KCR,Royals,1,4,4,1,1,0,0,0,1,1,0,0,1,0,0,0,,0,0,0.290223,0.354714,0.498365,0.853079,0.364967,0.0849308,0.167911,0.50581,0.208142,7.05794,0.317748,0.0259075,,0.660527,0.164135,0.0527827,0.0175287,0.0434363,0.0454832,0.20076824352145195,0.09769005700945854,132.27,1.6,1.6,1.6,1.6,3.0999999046325684,0.02333333,SS,/players/bobby-witt-jr/25764/stats/batting,SS,7,7.0,AL,Bobby Witt Jr.,677951,25764,25764
CHC,Cubs,1,4,4,1,1,0,0,0,1,1,0,0,1,0,0,0,,0,0,0.251599,0.322998,0.471169,0.794167,0.341125,0.0835401,0.245279,0.340592,0.21957,7.40236,0.295617,0.02257,,0.573823,0.0825489,0.120702,0.0198498,0.0424198,0.0406348,0.1286703385412693,0.13551638089120388,117.256,1.6,1.6,1.6,1.6,32.939998626708984,0.01572327,OF,/players/pete-crow-armstrong/27769/stats/batting,OF,17,17.0,NL,Pete Crow-Armstrong,691718,27769,27769
LAD,Dodgers,1,3,4,1,1,0,0,0,0,0,0,0,1,0,0,0,,0,0,0.2634,0.317227,0.47273,0.789956,0.341382,0.0678276,0.21122,0.321123,0.209329,3.71043,0.295217,-0.000462451,,0.508835,0.0738529,0.183709,-0.00505282,-0.00551527,0.0386749,0.0635752291418612,0.19682644307613373,115.612,2.6,2.6,2.6,2.6,133.4199981689453,0.00302115,OF,/players/andy-pages/24816/stats/batting,OF,22,22.0,NL,Andy Pages,681624,24816,24816
SDP,Padres,1,4,4,1,1,0,0,0,1,1,0,0,1,0,0,0,,0,0,0.276849,0.356406,0.469232,0.825639,0.358009,0.103146,0.187772,0.549316,0.192384,5.37823,0.308654,0.0160599,,0.63697,0.140579,0.100645,0.0103653,0.0264252,0.0383223,0.1806218158453703,0.05944165959954262,130.532,1.6,1.6,1.6,1.6,14.010000228881836,0.01212121,SS/OF,/players/fernando-tatis-jr/19709/stats/batting,SS/OF,29,29.0,NL,Fernando Tatis Jr.,665487,19709,19709
PIT,Pirates,1,4,4,1,1,0,0,0,1,0,0,0,1,0,0,0,,0,0,0.264968,0.32863,0.400125,0.728755,0.322577,0.0652807,0.246948,0.26435,0.135157,6.17522,0.338062,0.0163965,,0.485019,0.0193322,0.179538,0.0133675,0.029764,0.0380503,0.02879024756839499,0.21703824773430824,99.7945,1.6,1.6,1.6,1.6,999.0,0.05063291,SS,/players/konnor-griffin/35376/stats/batting,SS,27,27.0,NL,Konnor Griffin,804606,35376,35376
SEA,Mariners,1,4,4,1,1,0,0,0,1,1,0,0,1,0,0,0,,0,0,0.270231,0.331251,0.461057,0.792308,0.342418,0.0737298,0.21603,0.341295,0.190826,5.38108,0.309228,0.0103253,,0.584181,0.0877893,0.0402795,0.0116325,0.0219578,0.0360639,0.15067633613944054,0.055248587392270565,126.401,1.6,1.6,1.6,1.6,9.489999771118164,0.02588997,OF,/players/julio-rodriguez/23697/stats/batting,OF,11,11.0,AL,Julio Rodríguez,677594,23697,23697
BAL,Orioles,1,4,4,1,1,0,0,0,1,0,0,0,1,0,0,0,,0,0,0.256255,0.335702,0.455238,0.79094,0.34349,0.0987618,0.213429,0.462739,0.198982,6.08616,0.294735,0.0125843,,0.56963,0.0885912,0.0304206,0.00644701,0.0190314,0.0349941,0.12606437876820564,0.07393914461135864,122.654,1.6,1.6,1.6,1.6,12.510000228881836,0.05466238,SS,/players/gunnar-henderson/26289/stats/batting,SS,2,2.0,AL,Gunnar Henderson,683002,26289,26289
SEA,Mariners,1,3,4,1,0,0,0,0,0,1,0,0,1,0,0,0,,0,0,0.221121,0.326216,0.477082,0.803298,0.344941,0.126138,0.275237,0.458288,0.255962,3.19871,0.241682,-0.0101206,,0.526901,0.0856321,0.046802,-4.61684e-05,-0.0101668,0.0342403,0.11184947844594717,0.09263534843921661,128.153,2.6,2.6,2.6,2.6,18.729999542236328,0.21052632,C,/players/cal-raleigh/21534/stats/batting,C,11,11.0,AL,Cal Raleigh,663728,21534,21534
HOU,Astros,1,3,4,1,1,0,0,0,1,1,1,0,1,0,0,0,,0,0,0.297783,0.400631,0.557946,0.958577,0.406471,0.138838,0.169035,0.821353,0.260164,2.02315,0.309614,-0.0123453,,0.751505,0.285818,-0.00361563,-0.00569263,-0.0180379,0.0327294,0.28117615543305874,-0.09883167827501893,165.418,5.6,5.6,5.6,5.6,33.38999938964844,0.80487805,DH/OF,/players/yordan-alvarez/19556/stats/batting,DH/OF,21,21.0,AL,Yordan Alvarez,670541,19556,19556
NYM,Mets,1,4,4,1,1,0,0,0,1,1,0,0,1,0,0,0,,0,0,0.25369,0.333963,0.439489,0.773452,0.339404,0.0941709,0.183935,0.511978,0.185799,5.16769,0.278363,0.00178814,,0.573973,0.0775816,0.0535575,0.0058626,0.00765075,0.0326279,0.08874445129185915,0.09537852182984352,116.057,1.6,1.6,1.6,1.6,25.350000381469727,0.01515152,SS,/players/francisco-lindor/12916/stats/batting,SS,25,25.0,NL,Francisco Lindor,596019,12916,12916
LAD,Dodgers,1,3,4,1,1,0,0,0,1,1,1,0,1,0,0,0,,0,0,0.279959,0.38369,0.565377,0.949067,0.400554,0.137992,0.235483,0.585996,0.285419,6.19139,0.315763,0.00543595,,0.764918,0.278762,0.0,0.00291837,0.00835432,0.0318374,0.28179322089999914,-0.10262345522642136,155.283,5.6,5.6,5.6,5.6,1.2699999809265137,0.91222571,DH,/players/shohei-ohtani/19755/stats/batting,DH,22,22.0,NL,Shohei Ohtani,660271,19755,19755
MIA,Marlins,0,1,1,0,0,0,0,0,0,0,0,0,0,0,0,0,,0,0,0.202794,0.256575,0.283216,0.53979,0.242792,0.0638295,0.178182,0.358227,0.0804216,3.68099,0.240463,-0.00034457,,0.0534432,-0.054023,0.332904,-0.000417847,-0.000762417,0.0315272,-0.05750257475301623,0.33768751472234726,48.1046,-1.0,,-1.0,,999.0,0.0,2B,/players/jared-serna/28326/stats/batting,2B,20,20.0,NL,Jared Serna,691858,28326,28326
HOU,Astros,1,4,4,1,1,0,0,0,1,0,0,0,1,0,0,0,,0,0,0.272509,0.327371,0.430154,0.757525,0.331625,0.0582607,0.189125,0.308054,0.157645,5.21756,0.310957,0.00820041,,0.525052,0.0491298,0.0428328,0.00508478,0.0132852,0.0309692,0.07610528357326984,0.08588836342096329,113.439,1.6,1.6,1.6,1.6,122.9800033569336,0.01694915,SS,/players/jeremy-pena/21636/stats/batting,SS,21,21.0,AL,Jeremy Peña,665161,21636,21636
LAD,Dodgers,1,3,3,1,0,0,0,0,0,0,0,0,1,0,0,0,,0,0,0.259458,0.356044,0.437282,0.793325,0.348841,0.117176,0.18773,0.624175,0.177824,2.74702,0.290921,-0.00932495,,0.434053,0.0784642,0.0871693,-0.00485798,-0.0141829,0.0309366,0.060388180427253246,0.1458112709224224,120.613,2.6,2.6,2.6,2.6,95.69000244140625,0.02325581,C,/players/will-smith/19197/stats/batting,C,22,22.0,NL,Will Smith,669257,19197,19197
LAA,Angels,1,4,4,1,1,0,0,0,1,0,0,0,1,0,0,0,,0,0,0.243313,0.319614,0.431712,0.751327,0.328991,0.0784807,0.265749,0.295319,0.188399,5.44324,0.300329,0.00674637,,0.533162,0.0418879,0.046383,0.00667005,0.0134164,0.0308858,0.06730156391859055,0.08928423374891281,111.168,1.6,1.6,1.6,1.6,32.29999923706055,0.00714286,SS,/players/zach-neto/31347/stats/batting,SS,1,1.0,AL,Zach Neto,687263,31347,31347
ARI,Diamondbacks,1,4,4,1,0,0,0,0,1,1,0,0,1,0,0,0,,0,0,0.255124,0.344408,0.483089,0.827498,0.356551,0.110528,0.207087,0.533725,0.227965,7.92979,0.289791,0.0308621,,0.619002,0.132845,0.0420621,0.0156652,0.0465273,0.0308261,0.17115352302789688,-0.0019193775951862335,125.197,1.6,1.6,1.6,1.6,14.100000381469727,0.02341137,OF,/players/corbin-carroll/25878/stats/batting,OF,15,15.0,NL,Corbin Carroll,682998,25878,25878
SDP,Padres,1,4,4,1,1,0,0,0,1,1,0,0,1,0,0,0,,0,0,0.261266,0.314362,0.446456,0.760818,0.328968,0.0673438,0.211557,0.318324,0.18519,5.80909,0.30175,0.0132028,,0.533087,0.0418132,0.080673,0.00370224,0.016905,0.0306857,0.0721958540380001,0.09425327833741903,111.062,1.6,1.6,1.6,1.6,70.79000091552734,0.00369004,OF,/players/jackson-merrill/29490/stats/batting,OF,29,29.0,NL,Jackson Merrill,701538,29490,29490
HOU,Astros,0,1,1,0,0,0,0,0,0,0,0,0,0,0,0,0,,0,0,0.204664,0.264017,0.282357,0.546374,0.247022,0.0712687,0.241921,0.294595,0.0776927,4.4446,0.263393,-0.000260343,,0.0753912,-0.0678971,0.319629,-0.000939851,-0.00120019,0.0306585,-0.06497543549630791,0.32333310483954847,54.6838,-1.0,,-1.0,,999.0,0.00729927,OF,/players/jorge-barrosa/23968/stats/batting,OF,21,21.0,AL,Jorge Barrosa,678489,23968,23968
NYM,Mets,1,3,4,1,0,0,0,0,1,1,1,0,1,0,0,0,,0,0,0.275187,0.408857,0.532394,0.941251,0.403246,0.184364,0.166741,1.10569,0.257206,4.02916,0.279907,-0.00286496,,0.733117,0.272547,-0.0506244,0.0012202,-0.00164476,0.0291973,0.2741611348465085,-0.11389598995447159,158.86,5.6,5.6,5.6,5.6,4.650000095367432,0.17164179,OF,/players/juan-soto/20123/stats/batting,OF,25,25.0,NL,Juan Soto,665742,20123,20123
TEX,Rangers,1,3,4,1,1,0,0,0,0,0,0,0,1,0,0,0,,0,0,0.257913,0.346425,0.458499,0.804924,0.34671,0.111907,0.197803,0.565752,0.200586,2.14815,0.282821,-0.00971975,,0.530816,0.0907162,0.0301593,-0.00490373,-0.0146235,0.0291281,0.09235523175448179,0.06225806102156639,124.749,2.6,2.6,2.6,2.6,95.08999633789062,0.05445545,SS,/players/corey-seager/13624/stats/batting,SS,13,13.0,AL,Corey Seager,608369,13624,13624
CLE,Guardians,1,4,4,1,1,0,0,0,1,1,0,0,0,0,0,0,,0,0,0.267715,0.348464,0.452372,0.800837,0.344021,0.105122,0.116185,0.904783,0.184657,5.72843,0.271483,0.017454,,0.565294,0.0893722,0.00300459,0.0190288,0.0364828,0.0288227,0.13589607551693916,0.005010764114558697,121.268,1.6,1.6,1.6,1.6,6.28000020980835,0.17957746,3B,/players/jose-ramirez/13510/stats/batting,3B,5,5.0,AL,José Ramírez,608070,13510,13510
MIL,Brewers,1,3,4,1,1,0,0,0,0,0,0,0,1,0,0,0,,0,0,0.269379,0.351017,0.417004,0.768021,0.33722,0.107363,0.168549,0.63698,0.147624,3.31166,0.302305,-0.00823908,,0.497322,0.0616084,0.0649284,-0.00243846,-0.0106775,0.0287922,0.04942208435386419,0.11369378492236137,113.558,2.6,2.6,2.6,2.6,56.560001373291016,0.14,C,/players/william-contreras/20503/stats/batting,C,23,23.0,NL,William Contreras,661388,20503,20503
DET,Tigers,1,4,4,1,1,0,0,0,1,0,0,0,1,0,0,0,,0,0,0.256269,0.344834,0.418569,0.763403,0.336484,0.116544,0.143957,0.809574,0.162299,5.12158,0.276034,0.00297869,,0.552457,0.0663004,0.0342686,-0.000164523,0.00281416,0.0281537,0.07370458962395787,0.05757104605436325,114.846,1.6,1.6,1.6,1.6,999.0,0.0257732,3B/SS,/players/kevin-mcgonigle/33572/stats/batting,3B/SS,6,6.0,AL,Kevin McGonigle,805808,33572,33572
HOU,Astros,1,4,4,1,1,0,0,0,0,1,0,0,1,0,0,0,,0,0,0.245084,0.341514,0.423523,0.765037,0.338123,0.10878,0.153821,0.707186,0.178439,1.99986,0.256117,-0.00866119,,0.557892,0.0717356,0.0479004,-0.00629505,-0.0149562,0.027734,0.07076402381062508,0.05638807825744152,117.952,1.6,1.6,1.6,1.6,243.60000610351562,0.08270677,3B,/players/isaac-paredes/20036/stats/batting,3B,21,21.0,AL,Isaac Paredes,670623,20036,20036
ARI,Diamondbacks,1,3,4,1,1,0,0,0,1,0,1,0,1,0,0,0,,0,0,0.261969,0.362375,0.388155,0.75053,0.336066,0.126064,0.126211,0.998833,0.126185,5.85381,0.287599,0.00399716,,0.556871,0.0655967,0.0213682,0.00259135,0.00658852,0.0269441,0.06387992342934012,0.06581268832087517,111.462,5.6,5.6,5.6,5.6,76.7699966430664,0.0,SS,/players/geraldo-perdomo/22799/stats/batting,SS,15,15.0,NL,Geraldo Perdomo,672695,22799,22799
ARI,Diamondbacks,1,3,4,1,1,0,0,0,1,1,0,0,1,0,0,0,,0,0,0.270416,0.348652,0.473341,0.821993,0.35472,0.0994136,0.153593,0.647252,0.202925,3.753,0.282222,-0.00331459,,0.593573,0.122768,0.0225069,-0.0015616,-0.00487619,0.0268397,0.10993293020874262,0.024358787573873997,123.969,2.6,2.6,2.6,2.6,32.63999938964844,0.17424242,2B,/players/ketel-marte/13613/stats/batting,2B,15,15.0,NL,Ketel Marte,606466,13613,13613
STL,Cardinals,1,3,4,1,1,0,0,0,0,0,0,0,1,0,0,0,,0,0,0.255587,0.345448,0.391732,0.737181,0.329185,0.10177,0.168896,0.602562,0.136145,4.59752,0.290772,0.00651411,,0.50045,0.0398802,0.061827,0.00618543,0.0126995,0.0261419,0.054224370047450066,0.07602454628795385,108.862,2.6,2.6,2.6,2.6,999.0,0.0,2B,/players/jj-wetherholt/34985/stats/batting,2B,28,28.0,NL,JJ Wetherholt,802139,34985,34985
ARI,Diamondbacks,1,3,4,1,1,0,0,0,0,0,0,0,1,0,0,0,,0,0,0.282919,0.357632,0.425537,0.783169,0.344526,0.0997259,0.161396,0.617894,0.142618,3.41712,0.318791,-0.00272376,,0.517295,0.0830433,0.0410768,-0.00258673,-0.00531049,0.0249077,0.07039150968194008,0.05496567115187645,117.135,2.6,2.6,2.6,2.6,181.22000122070312,0.15492958,C,/players/gabriel-moreno/22664/stats/batting,C,15,15.0,NL,Gabriel Moreno,672515,22664,22664
PHI,Phillies,1,4,4,1,1,0,0,0,1,0,0,0,1,0,0,0,,0,0,0.268811,0.321294,0.41442,0.735714,0.322405,0.065268,0.192148,0.339675,0.145609,5.90409,0.310476,0.0208124,,0.505769,0.0196125,0.0343962,0.0111175,0.03193,0.024542,0.02912310231477022,0.07837770879268646,99.4325,1.6,1.6,1.6,1.6,26.780000686645508,0.01016949,SS,/players/trea-turner/16252/stats/batting,SS,26,26.0,NL,Trea Turner,607208,16252,16252
SEA,Mariners,1,3,3,1,0,0,0,0,0,0,0,0,1,0,0,0,,0,0,0.207603,0.317256,0.27833,0.595586,0.278436,0.132871,0.252397,0.526435,0.0707271,4.76367,0.279227,0.00509962,,0.261448,-0.0916552,0.176647,0.00159804,0.00669766,0.0241865,-0.055842926260083914,0.18791224528104067,81.9668,2.6,2.6,2.6,2.6,999.0,0.06,2B/SS,/players/leo-rivas/21009/stats/batting,2B/SS,11,11.0,AL,Leo Rivas,660844,21009,21009
LAD,Dodgers,1,3,4,1,1,0,0,0,1,1,1,0,1,0,0,0,,0,0,0.256456,0.358583,0.44732,0.805903,0.351772,0.132982,0.157808,0.842682,0.190865,4.77569,0.270665,0.00363957,,0.603153,0.116996,0.0220044,0.010566,0.0142056,0.0241757,0.12587895430624485,-0.021977055817842484,122.578,5.6,5.6,5.6,5.6,13.130000114440918,0.06666667,OF,/players/kyle-tucker/18345/stats/batting,OF,22,22.0,NL,Kyle Tucker,663656,18345,18345
STL,Cardinals,1,3,4,1,1,0,0,0,0,0,0,0,1,0,0,0,,0,0,0.250538,0.31186,0.36253,0.674391,0.299765,0.0736602,0.187123,0.393645,0.111992,4.9695,0.295107,0.00564918,,0.37629,-0.048457,0.114314,0.00396185,0.00961103,0.0236294,-0.037329248152673244,0.1527402438223362,89.1376,2.6,2.6,2.6,2.6,364.7799987792969,0.0,SS,/players/masyn-winn/27479/stats/batting,SS,28,28.0,NL,Masyn Winn,691026,27479,27479
LAA,Angels,1,3,4,1,0,0,0,0,0,0,1,0,1,0,0,0,,0,0,0.241271,0.360137,0.44276,0.802897,0.350409,0.145367,0.276538,0.525668,0.201489,3.76212,0.304959,-0.00547057,,0.548223,0.103006,0.0092902,-0.000684382,-0.00615495,0.0235556,0.10772323189303279,-0.0093826400116086,126.042,5.6,5.6,5.6,5.6,178.44000244140625,0.51481481,OF,/players/mike-trout/10155/stats/batting,OF,1,1.0,AL,Mike Trout,545361,10155,10155
LAD,Dodgers,1,4,4,1,1,0,0,0,1,1,0,0,0,0,0,0,,0,0,0.264967,0.343152,0.431697,0.774849,0.339565,0.100509,0.112868,0.890505,0.16673,4.03372,0.270009,-0.00453201,,0.550827,0.0749053,-0.0102197,-0.00148394,-0.00601594,0.0231374,0.06367881316691637,0.03283590544015169,114.394,1.6,1.6,1.6,1.6,60.58000183105469,0.0,OF,/players/mookie-betts/13611/stats/batting,OF,22,22.0,NL,Mookie Betts,605141,13611,13611
TBR,Rays,1,4,4,1,1,0,0,0,1,1,0,0,1,0,0,0,,0,0,0.270082,0.336327,0.508514,0.844841,0.360912,0.0851458,0.188797,0.450991,0.238433,3.27678,0.280722,-0.00548117,,0.646799,0.150407,-0.0825643,-0.00117836,-0.00665954,0.0230363,0.14924344653263688,-0.07129890751093626,131.977,1.6,1.6,1.6,1.6,16.479999542236328,0.01898734,3B,/players/junior-caminero/28163/stats/batting,3B,12,12.0,AL,Junior Caminero,691406,28163,28163
TEX,Rangers,1,4,4,1,1,0,0,0,1,0,0,0,1,0,0,0,,0,0,0.247653,0.338614,0.437421,0.776035,0.340794,0.111697,0.225027,0.496371,0.189768,5.16956,0.289245,0.00697542,,0.572716,0.0814422,0.00216548,0.00973317,0.0167086,0.0229215,0.11630430817604065,-0.037957977037876844,120.641,1.6,1.6,1.6,1.6,37.75,0.03383459,OF,/players/wyatt-langford/33333/stats/batting,OF,13,13.0,AL,Wyatt Langford,694671,33333,33333
MIN,Twins,1,3,4,1,1,0,0,0,0,0,0,0,1,0,0,0,,0,0,0.247277,0.324245,0.391609,0.715854,0.316842,0.0931398,0.208434,0.446855,0.144333,5.56114,0.29644,0.00485576,,0.420635,0.00100522,0.0725613,0.00321214,0.00806791,0.0226865,0.014703450724482536,0.0827464796602726,101.61,2.6,2.6,2.6,2.6,999.0,0.04,OF,/players/walker-jenkins/33571/stats/batting,OF,8,8.0,AL,Walker Jenkins,805805,33571,33571
PHI,Phillies,1,3,4,1,1,0,0,0,1,1,1,0,1,0,0,0,,0,0,0.271291,0.372943,0.484244,0.857187,0.370491,0.135274,0.21044,0.642814,0.212952,3.33048,0.310673,-0.00369494,,0.658225,0.177186,0.00345904,-0.0062195,-0.00991443,0.0226391,0.14508783258497715,-0.054874293971806765,131.671,5.6,5.6,5.6,5.6,47.900001525878906,0.04745763,OF,/players/bryce-harper/11579/stats/batting,OF,26,26.0,NL,Bryce Harper,547180,11579,11579
KCR,Royals,1,3,4,1,1,0,0,0,0,0,0,0,1,0,0,0,,0,0,0.267964,0.330165,0.398244,0.728409,0.321831,0.0848165,0.148661,0.570536,0.130279,5.79139,0.300542,0.0079367,,0.466739,0.0164048,0.0434238,0.00914899,0.0170857,0.0222844,0.027318600565195084,0.057004026137292385,102.314,2.6,2.6,2.6,2.6,63.150001525878906,0.02734375,3B,/players/maikel-garcia/22715/stats/batting,3B,7,7.0,AL,Maikel Garcia,672580,22715,22715
CIN,Reds,1,4,4,1,1,0,0,0,1,0,0,0,1,0,0,0,,0,0,0.252725,0.327405,0.441466,0.768871,0.333762,0.0984534,0.274306,0.358918,0.188741,7.18466,0.322706,0.0236991,,0.554872,0.0584809,-0.0464943,0.019489,0.0431881,0.0218031,0.0855414867401123,-0.007759738713502884,108.386,1.6,1.6,1.6,1.6,8.449999809265137,0.04934211,SS,/players/elly-de-la-cruz/26668/stats/batting,SS,18,18.0,NL,Elly De La Cruz,682829,26668,26668
TOR,Blue Jays,1,4,4,1,1,0,0,0,1,1,0,0,1,0,0,0,,0,0,0.288327,0.371164,0.460938,0.832102,0.361245,0.109673,0.127467,0.860404,0.17261,2.90678,0.30211,-0.00708867,,0.627886,0.146847,-0.00250825,-0.00451065,-0.0115993,0.0217956,0.14569253753870726,-0.07534775626845658,133.292,1.6,1.6,1.6,1.6,18.049999237060547,0.13289037,1B,/players/vladimir-guerrero-jr/19611/stats/batting,1B,14,14.0,AL,Vladimir Guerrero Jr.,665489,19611,19611
MIL,Brewers,1,3,4,1,1,0,0,0,1,0,0,0,1,0,0,0,,0,0,0.255392,0.333729,0.396346,0.730075,0.323578,0.103912,0.223219,0.465517,0.140954,5.31702,0.312678,0.0109931,,0.47747,0.0220178,0.031142,0.0110639,0.022057,0.0216972,0.04249769076704979,0.045493810437619686,104.411,2.6,2.6,2.6,2.6,48.18000030517578,0.0,2B,/players/brice-turang/22186/stats/batting,2B,23,23.0,NL,Brice Turang,668930,22186,22186
DET,Tigers,1,3,3,1,0,0,0,0,0,0,0,0,1,0,0,0,,0,0,0.245348,0.303252,0.417565,0.720818,0.314903,0.0602576,0.236357,0.254943,0.172217,2.89143,0.290646,-0.00260666,,0.403226,-0.00441425,0.0531278,-0.00401434,-0.00662099,0.0215712,-0.007186514150816947,0.09726358205080032,99.8587,2.6,2.6,2.6,2.6,254.6199951171875,0.12030075,C,/players/dillon-dingler/27464/stats/batting,C,6,6.0,AL,Dillon Dingler,693307,27464,27464
ATL,Braves,1,4,4,1,1,0,0,0,1,1,0,0,1,0,0,0,,0,0,0.248228,0.336974,0.472538,0.809512,0.349226,0.111555,0.243569,0.458004,0.22431,2.17634,0.28454,-0.0084283,,0.60723,0.110839,0.056783,-0.00601146,-0.0144398,0.0211388,0.08931850548833609,-0.018062684684991837,120.545,1.6,1.6,1.6,1.6,48.0099983215332,0.0,1B,/players/matt-olson/14344/stats/batting,1B,16,16.0,NL,Matt Olson,621566,14344,14344
SDP,Padres,1,4,4,1,1,0,0,0,0,0,0,0,1,0,0,0,,0,0,0.260378,0.333958,0.385622,0.71958,0.31913,0.0936686,0.17131,0.546777,0.125244,4.65303,0.296599,0.00830809,,0.47928,0.00847559,-0.00418693,0.00930189,0.01761,0.0210492,0.03900166600942612,0.03840565914288163,104.466,1.6,1.6,1.6,1.6,237.1999969482422,0.03832753,SS,/players/xander-bogaerts/12161/stats/batting,SS,29,29.0,NL,Xander Bogaerts,593428,12161,12161
ATL,Braves,1,3,4,1,1,0,0,0,1,0,1,0,1,0,0,0,,0,0,0.265498,0.368866,0.457009,0.825875,0.362243,0.131455,0.219341,0.599319,0.191511,5.05865,0.309763,0.0139409,,0.611017,0.14533,-0.0410922,0.0090428,0.0229837,0.0205094,0.16167079843580723,-0.08816009387373924,129.272,5.6,5.6,5.6,5.6,5.260000228881836,0.08910891,OF,/players/ronald-acuna-jr/18401/stats/batting,OF,16,16.0,NL,Ronald Acuña Jr.,660670,18401,18401
CLE,Guardians,1,3,4,1,1,0,0,0,0,0,0,0,0,0,0,0,,0,0,0.273116,0.354067,0.353334,0.707401,0.319263,0.10498,0.0919189,1.14209,0.0802175,4.28881,0.294475,0.00463307,,0.469281,0.00871128,0.0460113,0.000272308,0.00490538,0.0204742,0.02333380887284875,0.040147146210074425,104.074,2.6,2.6,2.6,2.6,169.60000610351562,0.02023121,OF,/players/steven-kwan/24610/stats/batting,OF,5,5.0,AL,Steven Kwan,680757,24610,24610
LAD,Dodgers,1,3,4,1,1,0,0,0,1,1,0,0,1,0,0,0,,0,0,0.284459,0.366208,0.458052,0.82426,0.357976,0.106941,0.175052,0.61091,0.173593,3.49733,0.319981,-0.00722034,,0.604029,0.133225,0.0206467,-0.001682,-0.00890234,0.020113,0.11916776560246944,-0.050958262756466866,126.737,2.6,2.6,2.6,2.6,67.87999725341797,0.0033557,1B,/players/freddie-freeman/5361/stats/batting,1B,22,22.0,NL,Freddie Freeman,518692,5361,5361
CHC,Cubs,1,4,4,1,1,0,0,0,1,1,0,0,1,0,0,0,,0,0,0.240096,0.311117,0.414938,0.726055,0.318645,0.0918434,0.248876,0.369032,0.174842,5.21021,0.288694,0.0119973,,0.4933,0.00714329,-0.0158548,0.0107152,0.0227124,0.0198742,0.033518833108246326,0.028126681223511696,102.185,1.6,1.6,1.6,1.6,152.30999755859375,0.00353357,SS,/players/dansby-swanson/18314/stats/batting,SS,17,17.0,NL,Dansby Swanson,621020,18314,18314
SEA,Mariners,1,3,4,1,1,0,0,0,0,0,0,0,1,0,0,0,,0,0,0.24057,0.340331,0.366117,0.706448,0.318222,0.122851,0.193625,0.634478,0.125547,3.10899,0.282758,-0.0052918,,0.476363,0.00555878,-0.0267508,-0.00165031,-0.00694211,0.019747,0.037436158396303654,0.015841811895370483,109.597,2.6,2.6,2.6,2.6,748.5399780273438,0.00363636,SS,/players/jp-crawford/15491/stats/batting,SS,11,11.0,AL,J.P. Crawford,641487,15491,15491
BAL,Orioles,1,4,4,1,1,0,0,0,1,1,0,0,1,0,0,0,,0,0,0.249044,0.336094,0.47533,0.811425,0.349755,0.0996026,0.233689,0.426218,0.226286,2.75686,0.27722,-0.0133375,,0.609021,0.11263,0.00410361,-0.00392477,-0.0172623,0.0192318,0.11439808458089828,-0.07382848486304283,127.005,1.6,1.6,1.6,1.6,24.440000534057617,0.06481481,1B,/players/pete-alonso/19251/stats/batting,1B,2,2.0,AL,Pete Alonso,624413,19251,19251
BOS,Red Sox,1,3,4,1,1,0,0,0,1,1,0,0,1,0,0,0,,0,0,0.24901,0.325254,0.446533,0.771787,0.33473,0.101897,0.225863,0.451145,0.197523,3.8009,0.285935,-0.00242852,,0.523625,0.0579378,0.0468909,-0.00457663,-0.00700515,0.0191789,0.04631754569709301,0.0029094628989696503,111.658,2.6,2.6,2.6,2.6,199.89999389648438,0.03030303,OF,/players/wilyer-abreu/23772/stats/batting,OF,3,3.0,AL,Wilyer Abreu,677800,23772,23772
TOR,Blue Jays,1,3,4,1,1,0,0,0,0,0,0,0,1,0,0,0,,0,0,0.244935,0.299605,0.361392,0.660996,0.292429,0.049247,0.176511,0.279002,0.116457,5.18139,0.280741,0.00832604,,0.36359,-0.0713925,0.0629137,0.00971268,0.0180387,0.0191741,-0.04390895180404186,0.10226552188396454,85.5001,2.6,2.6,2.6,2.6,412.2200012207031,0.0,2B/SS,/players/andres-gimenez/19950/stats/batting,2B/SS,14,14.0,AL,Andrés Giménez,665926,19950,19950
NYY,Yankees,1,4,4,1,1,0,0,0,1,1,0,0,1,0,0,0,,0,0,0.258619,0.326289,0.429524,0.755814,0.32951,0.0925093,0.150303,0.615485,0.170905,4.34138,0.273066,0.00155661,,0.534903,0.0436291,0.0304355,-0.000559284,0.000997327,0.0190951,0.05322235426865518,-0.012465734034776688,110.823,1.6,1.6,1.6,1.6,80.98999786376953,0.00296736,OF,/players/cody-bellinger/15998/stats/batting,OF,9,9.0,AL,Cody Bellinger,641355,15998,15998
DET,Tigers,1,4,4,1,1,0,0,0,1,1,0,0,1,0,0,0,,0,0,0.256772,0.335203,0.453044,0.788246,0.342753,0.098709,0.273367,0.361087,0.196272,3.11068,0.320298,-0.00443142,,0.579279,0.0880046,0.012301,-0.00393849,-0.00836992,0.0189961,0.0842730812728405,-0.04448909778147936,119.2,1.6,1.6,1.6,1.6,78.4800033569336,0.12828947,OF,/players/riley-greene/25976/stats/batting,OF,6,6.0,AL,Riley Greene,682985,25976,25976
PIT,Pirates,1,3,4,1,0,0,0,0,0,0,0,0,1,0,0,0,,0,0,0.241254,0.311362,0.434466,0.745828,0.324642,0.0871501,0.264644,0.32931,0.193213,3.07677,0.290573,-0.00449332,,0.448363,0.0236155,0.0718884,-0.00314031,-0.00763362,0.0189878,-0.0025389883667230606,0.07235140260308981,101.179,2.6,2.6,2.6,2.6,187.57000732421875,0.07092199,2B,/players/brandon-lowe/18882/stats/batting,2B,27,27.0,NL,Brandon Lowe,664040,18882,18882
COL,Rockies,0,0,0,0,0,0,0,0,0,0,0,0,0,0,0,0,,0,0,0.239057,0.297271,0.366938,0.66421,0.293942,0.0695619,0.290398,0.23954,0.127881,3.30969,0.322394,-9.67004e-05,,0.0277143,-0.00503735,0.181468,-0.000333253,-0.000429953,0.0189151,-0.010051509947516024,0.1868693637661636,71.1249,0.0,,0.0,,999.0,0.2739726,C/DH,/players/braxton-fulford/29704/stats/batting,C/DH,19,19.0,NL,Braxton Fulford,690924,29704,29704
WSN,Nationals,1,4,4,1,1,0,0,0,1,0,0,0,1,0,0,0,,0,0,0.247114,0.316175,0.428438,0.744613,0.324517,0.0726798,0.20796,0.34949,0.181324,6.72339,0.283119,0.0159026,,0.512773,0.0266165,-0.0196243,0.0126191,0.0285216,0.0185278,0.03949336800724268,0.008925050497055054,102.218,1.6,1.6,1.6,1.6,65.0,0.04013378,SS,/players/cj-abrams/25768/stats/batting,SS,24,24.0,NL,CJ Abrams,682928,25768,25768
PHI,Phillies,0,0,0,0,0,0,0,0,0,0,0,0,0,0,0,0,,0,0,0.0597664,0.0993185,0.146721,0.24604,0.111817,0.0403803,0.388641,0.103901,0.0869546,5.41887,0.0709225,0.0,,-0.0081077,-0.0285775,0.205873,0.000483489,0.000483489,0.0184476,-0.029037942324066535,0.2046383402775973,-41.7539,0.0,,0.0,,999.0,0.02247191,OF,/players/kameron-misner/26374/stats/batting,OF,26,26.0,NL,Kameron Misner,670224,26374,26374
BOS,Red Sox,1,3,4,1,1,0,0,0,1,0,0,0,1,0,0,0,,0,0,0.262637,0.361559,0.435962,0.797521,0.352123,0.124275,0.246536,0.504085,0.173325,5.38186,0.335876,0.000561485,,0.566149,0.110697,0.00217466,0.00168171,0.00224319,0.0183445,0.10842690081335604,-0.06433768360875547,123.737,2.6,2.6,2.6,2.6,50.75,0.30708661,DH/OF,/players/roman-anthony/31812/stats/batting,DH/OF,3,3.0,AL,Roman Anthony,701350,31812,31812
PHI,Phillies,1,3,4,1,1,0,0,0,0,0,0,0,1,0,0,0,,0,0,0.255353,0.325023,0.400301,0.725324,0.320008,0.0919687,0.168124,0.54703,0.144948,6.41345,0.289395,0.015269,,0.440179,0.0103141,0.0252473,0.0158478,0.0311168,0.0182078,0.021607468836009502,0.03913618065416813,97.8257,2.6,2.6,2.6,2.6,181.44000244140625,0.0,2B,/players/bryson-stott/26294/stats/batting,2B,26,26.0,NL,Bryson Stott,681082,26294,26294
MIN,Twins,1,3,3,1,0,0,0,0,0,0,0,0,1,0,0,0,,0,0,0.230493,0.293215,0.448004,0.741219,0.32055,0.070575,0.232935,0.302981,0.217511,5.32497,0.257891,0.00122702,,0.389176,0.0104853,0.0377261,0.000320996,0.00154802,0.0180775,0.017114310641773045,0.047293998301029205,104.185,2.6,2.6,2.6,2.6,700.7000122070312,0.003125,1B/2B,/players/kody-clemens/20572/stats/batting,1B/2B,8,8.0,AL,Kody Clemens,665019,20572,20572
SEA,Mariners,1,3,4,1,1,0,0,0,1,0,0,0,1,0,0,0,,0,0,0.251177,0.347616,0.427212,0.774828,0.342699,0.101377,0.238479,0.425099,0.176034,5.15698,0.304731,-0.000262846,,0.536871,0.081419,-0.0400711,0.00541553,0.00515268,0.0179043,0.12412530602887273,-0.08436122536659241,126.596,2.6,2.6,2.6,2.6,89.37999725341797,0.02236422,OF,/players/randy-arozarena/19290/stats/batting,OF,11,11.0,AL,Randy Arozarena,668227,19290,19290
BOS,Red Sox,1,3,4,1,1,0,0,0,0,0,0,0,1,0,0,0,,0,0,0.237976,0.288524,0.388813,0.677338,0.296041,0.0582183,0.278321,0.209177,0.150838,5.42347,0.304094,0.00934967,,0.37871,-0.0613896,0.0484763,0.0114172,0.0207669,0.0177978,-0.04498426057398319,0.08829110860824585,84.7888,2.6,2.6,2.6,2.6,111.33000183105469,0.00913242,SS,/players/trevor-story/12564/stats/batting,SS,3,3.0,AL,Trevor Story,596115,12564,12564
NYY,Yankees,1,3,3,1,0,0,0,0,0,0,0,0,1,0,0,0,,0,0,0.23598,0.315747,0.425334,0.741081,0.323355,0.0988759,0.271752,0.363846,0.189354,5.91127,0.285604,0.0176438,,0.412493,0.0184498,-0.0154732,0.0160371,0.0336809,0.0176312,0.05902540870010853,-0.003590506501495838,106.549,2.6,2.6,2.6,2.6,19.520000457763672,0.00374532,2B/OF,/players/jazz-chisholm-jr/20454/stats/batting,2B/OF,9,9.0,AL,Jazz Chisholm Jr.,665862,20454,20454
TOR,Blue Jays,1,3,4,1,0,0,0,0,0,1,0,0,1,0,0,0,,0,0,0.235892,0.313569,0.437162,0.750731,0.327037,0.0921284,0.228161,0.403787,0.20127,1.97361,0.264465,-0.00769627,,0.493701,0.0331311,-0.00264721,-0.00485581,-0.0125521,0.0176096,0.030579417943954468,0.0047601989936083555,109.535,2.6,2.6,2.6,2.6,999.0,0.01886792,3B,/players/kazuma-okamoto/37123/stats/batting,3B,14,14.0,AL,Kazuma Okamoto,672960,37123,37123
MIN,Twins,1,3,3,1,0,0,0,0,0,0,0,0,1,0,0,0,,0,0,0.251894,0.341153,0.422307,0.763461,0.337463,0.104284,0.194008,0.537526,0.170413,2.4818,0.286954,-0.00726616,,0.424674,0.0531479,-0.0195687,-0.00446883,-0.011735,0.0173331,0.04639779310673475,0.012838715687394142,115.931,2.6,2.6,2.6,2.6,298.05999755859375,0.1773399,C,/players/ryan-jeffers/24618/stats/batting,C,8,8.0,AL,Ryan Jeffers,680777,24618,24618
SDP,Padres,1,4,4,1,1,0,0,0,1,1,0,0,1,0,0,0,,0,0,0.256005,0.324277,0.444954,0.769231,0.333412,0.0931279,0.195027,0.477514,0.188949,3.30176,0.280296,-0.00665859,,0.542269,0.0561127,-0.0282605,-0.00059065,-0.00724924,0.0170383,0.06220070272684097,-0.0284147709608078,114.041,1.6,1.6,1.6,1.6,37.52000045776367,0.10443038,3B,/players/manny-machado/11493/stats/batting,3B,29,29.0,NL,Manny Machado,592518,11493,11493
CHC,Cubs,1,3,4,1,0,0,0,0,1,0,0,0,1,0,0,0,,0,0,0.230809,0.334282,0.40742,0.741703,0.328943,0.125249,0.257016,0.48732,0.176611,3.68224,0.286011,-0.00461764,,0.499689,0.0391197,0.0462249,-0.000901144,-0.00551879,0.0169953,0.03707120520994067,0.003323715180158615,109.089,2.6,2.6,2.6,2.6,184.86000061035156,0.02960526,OF,/players/ian-happ/17919/stats/batting,OF,17,17.0,NL,Ian Happ,664023,17919,17919
PHI,Phillies,1,3,3,1,0,0,0,0,0,0,0,0,1,0,0,0,,0,0,0.24807,0.308314,0.390838,0.699152,0.30752,0.0687976,0.226699,0.303476,0.142768,4.38751,0.298482,-0.0022073,,0.351401,-0.0229028,0.0447923,-4.89839e-05,-0.00225628,0.0169953,-0.042420355370268226,0.10652070865035057,89.4531,2.6,2.6,2.6,2.6,212.27000427246094,0.00392157,C,/players/jt-realmuto/11739/stats/batting,C,26,26.0,NL,J.T. Realmuto,592663,11739,11739
TOR,Blue Jays,1,2,2,1,0,0,0,0,0,0,0,0,0,0,0,0,,0,0,0.266552,0.341694,0.413507,0.755202,0.332042,0.100647,0.124153,0.810673,0.146955,1.62372,0.279023,-0.0103397,,0.321827,0.0308636,0.0123656,-0.00356337,-0.0139031,0.0169732,0.02327830158174038,0.05650140717625618,113.011,3.6,3.6,3.6,3.6,160.25,0.05,C,/players/alejandro-kirk/22581/stats/batting,C,14,14.0,AL,Alejandro Kirk,672386,22581,22581
LAD,Dodgers,1,3,3,1,0,0,0,0,0,0,0,0,1,0,0,0,,0,0,0.230433,0.344462,0.447746,0.792207,0.346787,0.136658,0.242703,0.563068,0.217313,2.74558,0.26233,-0.00761336,,0.469298,0.0803727,-0.0163459,-0.00380657,-0.0114199,0.016712,0.06469464767724276,-0.007395252585411072,119.236,2.6,2.6,2.6,2.6,234.3699951171875,0.00823045,1B/3B,/players/max-muncy/13301/stats/batting,1B/3B,22,22.0,NL,Max Muncy,571970,13301,13301
NYY,Yankees,1,4,4,1,1,0,0,0,1,1,0,0,1,0,0,0,,0,0,0.249939,0.339029,0.475853,0.814882,0.354128,0.105782,0.222725,0.474947,0.225914,3.66393,0.277173,-0.00571479,,0.610965,0.124808,-0.00654692,-0.00226497,-0.00797976,0.0166874,0.1253346400335431,-0.1067012376151979,127.92,1.6,1.6,1.6,1.6,53.189998626708984,0.50175439,1B/DH,/players/ben-rice/29576/stats/batting,1B/DH,9,9.0,AL,Ben Rice,700250,29576,29576
BOS,Red Sox,1,3,3,1,0,0,0,0,0,0,0,0,0,0,0,0,,0,0,0.249741,0.330084,0.402736,0.73282,0.32302,0.107497,0.155667,0.690558,0.152995,1.95985,0.271872,-0.00693084,,0.381353,0.0162606,0.0145003,-0.00453931,-0.0114701,0.0166772,0.001172257587313652,0.053543467074632645,103.526,2.6,2.6,2.6,2.6,148.92999267578125,0.19047619,C,/players/adley-rutschman/26288/stats/batting,C,3,3.0,AL,Adley Rutschman,668939,26288,26288
COL,Rockies,1,3,4,1,1,0,0,0,0,0,0,0,1,0,0,0,,0,0,0.260393,0.340581,0.387668,0.728249,0.323905,0.0967977,0.222758,0.434543,0.127275,3.93865,0.325404,-0.00221932,,0.446229,0.0214814,0.0751903,-0.00118572,-0.00340504,0.0166273,-0.04137503239326179,0.08799891080707312,91.2134,2.6,2.6,2.6,2.6,999.0,0.00584795,3B,/players/kyle-karros/33252/stats/batting,3B,19,19.0,NL,Kyle Karros,691720,33252,33252
CHW,White Sox,1,4,4,1,0,0,0,0,1,0,0,0,1,0,0,0,,0,0,0.241315,0.33611,0.428736,0.764846,0.335542,0.117072,0.183481,0.638063,0.187421,4.33098,0.263935,-0.00072087,,0.543549,0.06251,-0.0575778,0.000750855,2.99855e-05,0.0165329,0.07221004060738778,-0.053565412759780884,115.277,1.6,1.6,1.6,1.6,303.0899963378906,0.03076923,3B,/players/miguel-vargas/20178/stats/batting,3B,4,4.0,AL,Miguel Vargas,678246,20178,20178
PIT,Pirates,1,3,4,1,1,0,0,0,1,1,0,0,1,0,0,0,,0,0,0.241708,0.328842,0.431319,0.760161,0.331648,0.107626,0.30499,0.352885,0.189611,6.09581,0.319301,0.0201713,,0.519482,0.0486778,-0.0565191,0.0213283,0.0414996,0.0159513,0.06964823231101036,-0.04232154879719019,105.877,2.6,2.6,2.6,2.6,92.93000030517578,0.04932735,SS/OF,/players/oneil-cruz/21711/stats/batting,SS/OF,27,27.0,NL,Oneil Cruz,665833,21711,21711
TEX,Rangers,1,3,3,1,0,0,0,0,0,0,0,0,1,0,0,0,,0,0,0.224533,0.313219,0.382862,0.696081,0.309185,0.098696,0.231186,0.426911,0.158328,6.67468,0.273201,0.00801508,,0.34037,-0.0178505,0.0235948,0.00861122,0.0166263,0.0156226,0.012012688908725977,0.034397256560623646,98.6887,2.6,2.6,2.6,2.6,280.4800109863281,0.00995025,OF,/players/evan-carter/27790/stats/batting,OF,13,13.0,AL,Evan Carter,694497,27790,27790
WSN,Nationals,1,3,4,1,1,0,0,0,1,1,1,0,1,0,0,0,,0,0,0.256957,0.362906,0.470123,0.833028,0.360543,0.139076,0.287445,0.483835,0.213166,4.20292,0.331706,0.0039817,,0.618928,0.143006,-0.0429162,-0.000449911,0.00353179,0.0154056,0.13122270023450255,-0.11066315323114395,126.371,5.6,5.6,5.6,5.6,37.790000915527344,0.21404682,OF,/players/james-wood/29518/stats/batting,OF,24,24.0,NL,James Wood,695578,29518,29518
WSN,Nationals,1,2,2,0,0,0,0,0,0,0,0,0,1,0,0,0,,0,0,0.243134,0.304452,0.370749,0.675201,0.298598,0.0779427,0.278282,0.280085,0.127615,2.57824,0.322644,-0.00201287,,0.224643,-0.0312285,0.163589,-0.00341747,-0.00543034,0.015187,-0.04489295883104205,0.1237737238407135,84.8409,-2.0,-2.0,-2.0,-2.0,999.0,0.13333333,1B,/players/yohandy-morales/33361/stats/batting,1B,24,24.0,NL,Yohandy Morales,691002,33361,33361
CHC,Cubs,1,4,4,1,1,0,0,0,0,0,0,0,0,0,0,0,,0,0,0.274594,0.329606,0.359025,0.688631,0.307081,0.0657603,0.0922055,0.713193,0.0844308,5.57403,0.294262,0.0152629,,0.46453,-0.0318615,-0.00173122,0.0114134,0.0266763,0.0151487,-0.0014449488371610641,0.01385519839823246,94.4317,1.6,1.6,1.6,1.6,101.93000030517578,0.0,2B/SS,/players/nico-hoerner/21479/stats/batting,2B/SS,17,17.0,NL,Nico Hoerner,663538,21479,21479
NYY,Yankees,1,3,3,1,0,0,0,0,0,0,0,0,1,0,0,0,,0,0,0.214847,0.294902,0.379672,0.674574,0.298308,0.0902605,0.248468,0.363269,0.164825,3.45593,0.254583,-0.00224984,,0.315587,-0.0446806,0.0210013,-0.000250287,-0.00250013,0.0149854,-0.040877091232687235,0.08041491732001305,89.1543,2.6,2.6,2.6,2.6,246.13999938964844,0.00408163,C,/players/austin-wells/27562/stats/batting,C,9,9.0,AL,Austin Wells,669224,27562,27562
BOS,Red Sox,1,3,4,1,1,0,0,0,0,0,0,0,1,0,0,0,,0,0,0.255692,0.292914,0.412469,0.705383,0.306007,0.0414967,0.211185,0.196495,0.156777,6.4044,0.301064,0.00592582,,0.40863,-0.0314698,0.0266576,0.00530508,0.0112309,0.0149498,-0.024600449949502945,0.03992918971925974,91.7106,2.6,2.6,2.6,2.6,125.02999877929688,0.0,OF,/players/ceddanne-rafaela/24262/stats/batting,OF,3,3.0,AL,Ceddanne Rafaela,678882,24262,24262
BOS,Red Sox,1,3,4,1,1,0,0,0,0,0,0,0,0,0,0,0,,0,0,0.249961,0.321142,0.376016,0.697158,0.310055,0.0709717,0.11753,0.603861,0.126054,5.0272,0.264628,0.007145,,0.440353,-0.0202165,0.00575002,0.00672267,0.0138677,0.0149004,-0.010913252830505371,0.019638904836028814,94.5219,2.6,2.6,2.6,2.6,219.8300018310547,0.0,3B,/players/caleb-durbin/29646/stats/batting,3B,3,3.0,AL,Caleb Durbin,702332,29646,29646
CHW,White Sox,1,3,4,1,0,0,0,0,1,1,1,0,1,0,0,0,,0,0,0.217844,0.341463,0.445604,0.787067,0.342905,0.149367,0.318401,0.469117,0.22776,3.00706,0.274666,-0.00562326,,0.537512,0.0820605,-0.000454842,-0.0058922,-0.0115155,0.01487,0.07970068790018559,-0.06974496573093347,120.391,5.6,5.6,5.6,5.6,999.0,0.0483871,1B,/players/munetaka-murakami/37120/stats/batting,1B,4,4.0,AL,Munetaka Murakami,808959,37120,37120
MIA,Marlins,1,4,4,1,1,0,0,0,0,0,0,0,1,0,0,0,,0,0,0.273292,0.320397,0.407015,0.727412,0.318197,0.0594999,0.142685,0.417002,0.133723,6.0258,0.301618,0.00993358,,0.476285,0.00548051,-0.0343222,0.00484859,0.0147822,0.0148624,0.008359022904187441,0.00827038288116455,98.659,1.6,1.6,1.6,1.6,229.16000366210938,0.00664452,2B/SS,/players/otto-lopez/19608/stats/batting,2B/SS,20,20.0,NL,Otto Lopez,672640,19608,19608
NYM,Mets,1,3,4,1,1,0,0,0,0,0,0,0,1,0,0,0,,0,0,0.255699,0.324072,0.400794,0.724867,0.319818,0.0814838,0.215017,0.378964,0.145095,5.7191,0.308625,0.00452943,,0.455322,0.0101053,0.0412519,0.00231476,0.00684419,0.0148504,0.020099527202546597,0.0034432820975780487,102.926,2.6,2.6,2.6,2.6,999.0,0.00609756,OF,/players/carson-benge/35177/stats/batting,OF,25,25.0,NL,Carson Benge,701807,35177,35177
MIA,Marlins,1,3,3,1,1,0,0,0,0,0,0,0,0,0,0,0,,0,0,0.274125,0.344485,0.357577,0.702061,0.314331,0.0957498,0.142009,0.674252,0.0834518,6.20935,0.319078,0.00965675,,0.378155,-0.00565323,0.0277191,0.00480959,0.0144663,0.0146452,-0.0008909460157155991,0.039293152280151844,96.0671,2.6,2.6,2.6,2.6,182.42999267578125,0.01079137,2B/SS,/players/xavier-edwards/22266/stats/batting,2B/SS,20,20.0,NL,Xavier Edwards,669364,22266,22266
SDP,Padres,1,4,4,1,1,0,0,0,0,0,0,0,1,0,0,0,,0,0,0.259327,0.328518,0.408236,0.736754,0.325124,0.065759,0.18844,0.348966,0.148909,1.89032,0.294754,-0.0089453,,0.514784,0.0286278,0.0565592,-0.00623267,-0.015178,0.0146215,0.026787057518959045,-0.01674330234527588,108.484,1.6,1.6,1.6,1.6,999.0,0.03053435,1B,/players/ty-france/17982/stats/batting,1B,29,29.0,NL,Ty France,664034,17982,17982
ATL,Braves,1,3,4,1,1,0,0,0,0,1,0,0,1,0,0,0,,0,0,0.261003,0.33571,0.437128,0.772838,0.339283,0.0911135,0.189196,0.481581,0.176125,2.26215,0.290022,-0.00603733,,0.518151,0.069717,-0.0267094,-0.00548333,-0.0115207,0.0145953,0.051799894310534,-0.031647633761167526,113.879,2.6,2.6,2.6,2.6,78.62999725341797,0.28185328,C/DH,/players/drake-baldwin/31539/stats/batting,C/DH,16,16.0,NL,Drake Baldwin,686948,31539,31539
LAA,Angels,0,1,1,0,0,0,0,0,0,0,0,0,0,0,0,0,,0,0,0.209083,0.261403,0.278853,0.540256,0.244546,0.0597918,0.311891,0.191707,0.0697701,5.89844,0.300726,0.00345781,,0.0599408,-0.0577603,0.158764,0.00263119,0.00608901,0.0145707,-0.0487969652749598,0.15675804042257369,52.522,-1.0,,-1.0,,999.0,0.01098901,OF,/players/bryce-teodosio/29524/stats/batting,OF,1,1.0,AL,Bryce Teodosio,669326,29524,29524
TOR,Blue Jays,1,3,4,1,1,0,0,0,0,0,0,0,1,0,0,0,,0,0,0.26021,0.320782,0.380134,0.700916,0.310489,0.0740642,0.154248,0.480162,0.119924,3.42692,0.292147,-0.00466003,,0.397543,-0.0169691,0.0673,-0.00192024,-0.00658027,0.0145405,-0.014548946637660265,0.0335036925971508,98.0427,2.6,2.6,2.6,2.6,999.0,0.00332226,OF,/players/nathan-lukes/18123/stats/batting,OF,14,14.0,AL,Nathan Lukes,664770,18123,18123
MIN,Twins,1,3,3,1,1,0,0,0,0,0,0,0,1,0,0,0,,0,0,0.244022,0.303236,0.372695,0.67593,0.29906,0.0672718,0.209782,0.320675,0.128672,4.89842,0.287443,0.00118172,,0.347194,-0.0468488,0.0240673,0.0056506,0.00683232,0.0145317,-0.0347294588573277,0.05971546657383442,89.261,2.6,2.6,2.6,2.6,999.0,0.0,SS,/players/kaelen-culpepper/35111/stats/batting,SS,8,8.0,AL,Kaelen Culpepper,701785,35111,35111
MIA,Marlins,1,3,3,1,0,0,0,0,0,0,0,0,1,0,0,0,,0,0,0.219423,0.287523,0.360664,0.648187,0.288016,0.0753602,0.267955,0.281242,0.141241,2.58643,0.275597,-0.0024984,,0.278983,-0.067248,0.071539,-0.00293439,-0.00543279,0.01449,-0.08143482590094209,0.12863773480057716,78.4241,2.6,2.6,2.6,2.6,999.0,0.0,C,/players/joe-mack/29780/stats/batting,C,20,20.0,NL,Joe Mack,691788,29780,29780
PHI,Phillies,1,4,4,1,0,0,0,0,1,1,1,0,1,0,0,0,,0,0,0.22687,0.348389,0.482361,0.83075,0.358826,0.148626,0.295453,0.503046,0.25549,3.3074,0.265124,-0.0135818,,0.666117,0.149256,-0.00188576,-0.00189727,-0.0154791,0.0144769,0.1099413363263011,-0.10975613503251225,123.851,4.6,4.6,4.6,4.6,24.690000534057617,0.94339623,DH/OF,/players/kyle-schwarber/16478/stats/batting,DH/OF,26,26.0,NL,Kyle Schwarber,656941,16478,16478
MIA,Marlins,1,3,4,1,0,0,0,0,0,1,0,0,1,0,0,0,,0,0,0.239193,0.324827,0.44845,0.773277,0.336781,0.100712,0.290227,0.34701,0.209257,4.34515,0.305079,-0.00179589,,0.489358,0.0594932,0.0475403,-0.00275501,-0.00455091,0.0144383,0.04407378472387791,-0.020360905677080154,111.118,2.6,2.6,2.6,2.6,164.42999267578125,0.10447761,OF,/players/kyle-stowers/26151/stats/batting,OF,20,20.0,NL,Kyle Stowers,669065,26151,26151
TEX,Rangers,1,4,4,1,1,0,0,0,0,0,0,0,1,0,0,0,,0,0,0.255818,0.327653,0.421358,0.749011,0.328372,0.0871182,0.215596,0.404081,0.165541,4.50922,0.300456,-0.00163863,,0.520024,0.0389849,-0.0106816,0.000208111,-0.00143052,0.0144358,0.05532968416810036,-0.05728656146675348,112.014,1.6,1.6,1.6,1.6,145.4600067138672,0.04140127,OF,/players/brandon-nimmo/12927/stats/batting,OF,13,13.0,AL,Brandon Nimmo,607043,12927,12927
ATH,Athletics,1,3,4,1,0,0,0,0,0,0,0,0,1,0,0,0,,0,0,0.235579,0.309255,0.399894,0.709149,0.312224,0.0966528,0.260969,0.370361,0.164315,4.42547,0.290891,0.00504442,,0.427291,-0.0128087,0.0810036,0.00288591,0.00793033,0.0143467,-0.03301973734050989,0.04242336377501488,90.5264,2.6,2.6,2.6,2.6,157.22000122070312,0.00630915,OF,/players/lawrence-butler/22542/stats/batting,OF,10,10.0,AL,Lawrence Butler,671732,22542,22542
TOR,Blue Jays,1,3,4,1,1,0,0,0,0,0,0,0,1,0,0,0,,0,0,0.253415,0.333532,0.311184,0.644716,0.295128,0.1049,0.221407,0.473787,0.0577691,4.89552,0.333294,0.00372247,,0.358485,-0.061145,0.0460623,0.00604858,0.00977106,0.0142531,-0.04226239304989576,0.056864808313548565,87.3751,2.6,2.6,2.6,2.6,999.0,0.0,OF,/players/brett-bateman/33312/stats/batting,OF,14,14.0,AL,Brett Bateman,703520,33312,33312
ATL,Braves,1,4,4,1,1,0,0,0,0,1,0,0,1,0,0,0,,0,0,0.268779,0.303766,0.439481,0.743247,0.321161,0.0420277,0.19645,0.213936,0.170703,5.15845,0.303604,0.00590421,,0.491085,0.015163,-0.0233189,0.00455663,0.0104608,0.0141917,0.018835296854376793,-0.010201637633144855,101.73,1.6,1.6,1.6,1.6,99.06999969482422,0.00967742,OF,/players/michael-harris-ii/25931/stats/batting,OF,16,16.0,NL,Michael Harris II,671739,25931,25931
ARI,Diamondbacks,1,3,4,1,1,0,0,0,0,0,0,0,1,0,0,0,,0,0,0.246274,0.309587,0.402285,0.711873,0.312251,0.0747252,0.159565,0.468306,0.156011,3.01008,0.264725,-0.00600602,,0.437312,-0.0130222,0.0330745,-0.00324098,-0.00924699,0.0141787,-0.02988236676901579,0.04542018473148346,95.4961,2.6,2.6,2.6,2.6,638.0599975585938,0.04263566,3B,/players/nolan-arenado/9777/stats/batting,3B,15,15.0,NL,Nolan Arenado,571448,9777,9777
CHC,Cubs,1,2,2,0,0,0,0,0,0,0,0,0,0,0,0,0,,0,0,0.241421,0.324752,0.380774,0.705526,0.315129,0.0962076,0.190701,0.504495,0.139353,2.68306,0.276604,-0.00616993,,0.241907,-0.00226751,0.0417835,-0.00231122,-0.00848115,0.013884,-0.008908850810257718,0.0782032385468483,99.8278,-2.0,-2.0,-2.0,-2.0,591.9099731445312,0.03982301,C,/players/carson-kelly/13620/stats/batting,C,17,17.0,NL,Carson Kelly,608348,13620,13620
MIL,Brewers,1,3,3,1,0,0,0,0,0,0,0,0,0,0,0,0,,0,0,0.260184,0.331309,0.362893,0.694202,0.310918,0.0839752,0.135018,0.621954,0.102709,5.28241,0.291187,0.00398618,,0.329835,-0.0130331,0.0731482,0.0087289,0.0127151,0.0137891,-0.0015053171664476395,0.04274697043001652,95.9234,2.6,2.6,2.6,2.6,216.39999389648438,0.00772201,OF,/players/sal-frelick/29622/stats/batting,OF,23,23.0,NL,Sal Frelick,686217,29622,29622
CHW,White Sox,1,2,3,1,0,0,0,0,0,0,0,0,1,0,0,0,,0,0,0.246415,0.330771,0.390348,0.721119,0.321344,0.106884,0.263186,0.406114,0.143933,3.69455,0.316725,-0.00281071,,0.335337,0.010745,-0.0218459,-0.000646568,-0.00345728,0.0137231,0.013812770135700703,0.023987416177988052,105.417,3.6,3.6,3.6,3.6,266.8800048828125,0.13043478,C,/players/kyle-teel/33549/stats/batting,C,4,4.0,AL,Kyle Teel,691019,33549,33549
TBR,Rays,1,4,4,1,1,0,0,0,0,0,0,0,1,0,0,0,,0,0,0.285594,0.355645,0.435133,0.790777,0.346187,0.0912952,0.147068,0.620769,0.149539,2.203,0.311046,-0.0100069,,0.578478,0.0974391,-0.000254017,-0.00652192,-0.0165288,0.0137107,0.08623584918677807,-0.09531574373249896,121.751,1.6,1.6,1.6,1.6,138.63999938964844,0.87868852,1B/3B/DH,/players/yandy-diaz/16578/stats/batting,1B/3B/DH,12,12.0,AL,Yandy Díaz,650490,16578,16578
MIL,Brewers,1,3,3,1,0,0,0,0,0,0,0,0,1,0,0,0,,0,0,0.237565,0.326256,0.382905,0.709161,0.315888,0.104339,0.300914,0.346739,0.14534,5.62575,0.331591,0.00442593,,0.356748,-0.00147249,0.0197734,0.00266422,0.00709015,0.0135784,0.0043772493954747915,0.030575831420719624,99.2556,2.6,2.6,2.6,2.6,691.1699829101562,0.01796407,OF,/players/garrett-mitchell/27555/stats/batting,OF,23,23.0,NL,Garrett Mitchell,669003,27555,27555
MIL,Brewers,1,4,4,1,1,0,0,0,1,1,0,0,1,0,0,0,,0,0,0.269996,0.321782,0.456419,0.778201,0.33515,0.0691274,0.210973,0.32766,0.186423,5.27683,0.30996,0.00924293,,0.530728,0.0599236,-0.0301433,0.00649169,0.0157346,0.0134897,0.07402797229588032,-0.07088407687842846,112.17,1.6,1.6,1.6,1.6,19.3799991607666,0.01041667,OF,/players/jackson-chourio/28806/stats/batting,OF,23,23.0,NL,Jackson Chourio,694192,28806,28806
ATH,Athletics,0,2,2,0,0,0,0,0,0,0,0,0,1,0,0,0,,0,0,0.225121,0.296772,0.35923,0.656002,0.29291,0.0714773,0.326832,0.218698,0.134108,6.02376,0.324541,0.00309135,,0.171773,-0.0329241,0.10158,0.00583943,0.00893078,0.0134215,-0.03708228375762701,0.1077532353810966,77.1135,-2.0,,-2.0,,728.3300170898438,0.0,OF,/players/denzel-clarke/29858/stats/batting,OF,10,10.0,AL,Denzel Clarke,672016,29858,29858
CHC,Cubs,1,4,4,1,1,0,0,0,1,1,0,0,1,0,0,0,,0,0,0.24508,0.337355,0.443963,0.781318,0.341974,0.110914,0.24114,0.459955,0.198883,2.67606,0.287638,-0.0100181,,0.570661,0.0845039,-0.0032515,-0.00424817,-0.0142663,0.013329,0.07390077598392963,-0.07655396754853427,117.825,1.6,1.6,1.6,1.6,106.45999908447266,0.00641026,1B,/players/michael-busch/26319/stats/batting,1B,17,17.0,NL,Michael Busch,683737,26319,26319
CHC,Cubs,1,3,4,1,1,0,0,0,1,1,0,0,1,0,0,0,,0,0,0.258072,0.344545,0.459379,0.803924,0.34974,0.113232,0.248218,0.45618,0.201307,4.00356,0.310206,-0.00882597,,0.577581,0.106777,-0.0347334,-0.00163103,-0.010457,0.0131393,0.09986733924597502,-0.10016545280814171,123.033,2.6,2.6,2.6,2.6,113.43000030517578,0.45360825,DH/OF,/players/seiya-suzuki/30116/stats/batting,DH/OF,17,17.0,NL,Seiya Suzuki,673548,30116,30116
TOR,Blue Jays,1,3,4,1,1,0,0,0,0,0,0,0,1,0,0,0,,0,0,0.259485,0.342101,0.436557,0.778658,0.342573,0.100897,0.186656,0.540552,0.177073,4.88796,0.289542,0.00366462,,0.488258,0.0737454,-0.00373478,0.00621306,0.00987768,0.0131294,0.09262350481003523,-0.08753107488155365,120.325,2.6,2.6,2.6,2.6,94.37999725341797,0.74253731,OF,/players/george-springer/12856/stats/batting,OF,14,14.0,AL,George Springer,543807,12856,12856
HOU,Astros,1,2,2,1,0,0,0,0,0,0,0,0,0,0,0,0,,0,0,0.266865,0.298787,0.43211,0.730898,0.316842,0.0418939,0.169466,0.247212,0.165246,2.1212,0.289718,-0.00300328,,0.257951,0.000617101,0.00502981,-0.00274029,-0.00574357,0.0128927,0.0022759647108614445,0.04746808158233762,103.173,3.6,3.6,3.6,3.6,113.04000091552734,0.14468085,C,/players/yainer-diaz/23003/stats/batting,C,21,21.0,AL,Yainer Diaz,673237,23003,23003
CLE,Guardians,1,2,3,1,0,0,0,0,0,0,0,0,1,0,0,0,,0,0,0.223722,0.288487,0.337428,0.625915,0.27974,0.0814085,0.257082,0.316664,0.113705,2.55366,0.287358,-0.00447786,,0.224381,-0.0750626,0.0638031,-0.00319727,-0.00767514,0.0128527,-0.07642009342089295,0.1131858378648758,76.6257,3.6,3.6,3.6,3.6,747.8900146484375,0.0,C,/players/patrick-bailey/27478/stats/batting,C,5,5.0,AL,Patrick Bailey,672275,27478,27478
MIN,Twins,0,2,2,0,0,0,0,0,0,0,0,0,0,0,0,0,,0,0,0.244804,0.317324,0.330106,0.647429,0.29244,0.0875439,0.190725,0.459007,0.0853014,3.59439,0.295677,-0.000495481,,0.175395,-0.0344199,0.11777,-0.00192646,-0.00242194,0.01285,-0.03402666887268424,0.09755403362214565,84.6635,-2.0,,-2.0,,999.0,0.01136364,OF,/players/alan-roden/31564/stats/batting,OF,8,8.0,AL,Alan Roden,702176,31564,31564
MIL,Brewers,1,3,3,1,1,0,0,0,0,0,0,0,1,0,0,0,,0,0,0.240998,0.313388,0.336534,0.649922,0.291756,0.0871003,0.192981,0.451342,0.0955361,5.26026,0.287898,0.00698766,,0.319053,-0.0647552,0.0355666,0.00932912,0.0163168,0.0128251,-0.04976747743785381,0.07028881087899208,83.0763,2.6,2.6,2.6,2.6,999.0,0.0,SS,/players/cooper-pratt/33530/stats/batting,SS,23,23.0,NL,Cooper Pratt,806198,33530,33530
TOR,Blue Jays,1,4,4,1,1,0,0,0,0,0,0,0,0,0,0,0,,0,0,0.26574,0.299387,0.371442,0.670829,0.294431,0.0405771,0.100092,0.405398,0.105703,4.06875,0.281079,0.00044855,,0.378225,-0.0669921,0.0333935,-0.000824776,-0.000376227,0.0128145,-0.05770121730165556,0.05052308738231659,86.8906,1.6,1.6,1.6,1.6,337.67999267578125,0.0,2B/3B,/players/ernie-clement/20352/stats/batting,2B/3B,14,14.0,AL,Ernie Clement,676391,20352,20352
DET,Tigers,1,3,3,1,1,0,0,0,0,0,0,0,1,0,0,0,,0,0,0.253455,0.345149,0.379849,0.724998,0.324413,0.117225,0.175117,0.669408,0.126393,2.97674,0.289414,-0.0109526,,0.426126,0.0218482,-0.00941088,-0.00456506,-0.0155176,0.0126102,0.010147486813366413,-0.007096068933606148,106.464,2.6,2.6,2.6,2.6,261.510009765625,0.12133891,2B,/players/gleyber-torres/16997/stats/batting,2B,6,6.0,AL,Gleyber Torres,650402,16997,16997
CHW,White Sox,1,3,3,1,0,0,0,0,0,0,0,0,1,0,0,0,,0,0,0.243004,0.310623,0.370085,0.680708,0.302661,0.0802003,0.222041,0.361196,0.127082,4.14211,0.299423,-0.000943751,,0.30589,-0.031861,0.0466027,-0.00409639,-0.00504015,0.0124884,-0.030111486092209816,0.05184964695945382,92.4423,2.6,2.6,2.6,2.6,999.0,0.0,OF,/players/tristan-peters/30063/stats/batting,OF,4,4.0,AL,Tristan Peters,671976,30063,30063
TBR,Rays,1,3,4,1,1,0,0,0,0,1,0,0,1,0,0,0,,0,0,0.258751,0.342777,0.419888,0.762666,0.335629,0.101067,0.239203,0.422517,0.161137,1.96413,0.316551,-0.0149879,,0.526479,0.0607921,0.0131,-0.00547133,-0.0204592,0.0124502,0.045488543808460236,-0.06236293539404869,114.418,2.6,2.6,2.6,2.6,195.60000610351562,0.0625,1B,/players/jonathan-aranda/21837/stats/batting,1B,12,12.0,AL,Jonathan Aranda,666018,21837,21837
MIN,Twins,1,3,4,1,1,0,0,0,0,0,0,0,1,0,0,0,,0,0,0.267721,0.350172,0.399505,0.749677,0.333182,0.0925355,0.161306,0.573664,0.131784,5.25656,0.3035,0.00776622,,0.473106,0.0483589,-0.0410799,0.00795652,0.0157227,0.0124351,0.0697806179523468,-0.07456754893064499,112.958,2.6,2.6,2.6,2.6,114.8499984741211,0.03902439,2B/OF,/players/luke-keaschall/33321/stats/batting,2B/OF,8,8.0,AL,Luke Keaschall,807712,33321,33321
SEA,Mariners,1,3,3,1,0,0,0,0,0,0,0,0,1,0,0,0,,0,0,0.248309,0.314656,0.429319,0.743975,0.324553,0.0809943,0.22176,0.365234,0.18101,3.6076,0.285502,-0.00543121,,0.426509,0.0222317,0.00530628,-0.000149317,-0.00558053,0.0123827,0.049985292833298445,-0.04916902398690581,113.994,2.6,2.6,2.6,2.6,477.1600036621094,0.47465438,DH/OF,/players/dominic-canzone/26438/stats/batting,DH/OF,11,11.0,AL,Dominic Canzone,686527,26438,26438
MIA,Marlins,1,3,4,1,0,0,0,0,0,0,0,0,1,0,0,0,,0,0,0.231005,0.330608,0.361882,0.69249,0.311961,0.115006,0.212821,0.540391,0.130878,6.94057,0.286124,0.00876733,,0.421543,-0.0134392,-0.010875,0.0138675,0.0226348,0.0122124,-0.0018022526055574417,0.002242320217192173,94.4781,2.6,2.6,2.6,2.6,137.0800018310547,0.00930233,OF,/players/jakob-marsee/31370/stats/batting,OF,20,20.0,NL,Jakob Marsee,805300,31370,31370
NYM,Mets,1,3,4,1,1,0,0,0,0,0,0,0,1,0,0,0,,0,0,0.232603,0.301862,0.375303,0.677165,0.299437,0.0885027,0.177491,0.498632,0.1427,4.16171,0.256168,0.00247133,,0.375338,-0.0494092,0.0318159,0.00231164,0.00478297,0.0121871,-0.04162097908556461,0.04462453629821539,89.2617,2.6,2.6,2.6,2.6,266.25,0.0,2B/SS,/players/marcus-semien/12533/stats/batting,2B/SS,25,25.0,NL,Marcus Semien,543760,12533,12533
CHW,White Sox,0,2,2,0,0,0,0,0,0,0,0,0,0,0,0,0,,0,0,0.232618,0.284916,0.377951,0.662867,0.291609,0.0664838,0.274751,0.241978,0.145333,5.87178,0.295616,0.00431829,,0.165708,-0.0338724,0.0719749,0.00735586,0.0116742,0.01216,-0.018186175264418125,0.07799339201301336,84.7669,-2.0,,-2.0,,166.25,0.02293578,OF,/players/brenton-doyle/25479/stats/batting,OF,4,4.0,AL,Brenton Doyle,686668,25479,25479
SEA,Mariners,1,4,4,1,1,0,0,0,0,1,0,0,1,0,0,0,,0,0,0.265482,0.330143,0.413731,0.743874,0.324415,0.0806487,0.136888,0.589157,0.148249,4.37656,0.282044,-0.000188763,,0.51783,0.0265563,-0.0282647,0.00752478,0.00733602,0.0121023,0.07439958117902279,-0.10233880579471588,113.899,1.6,1.6,1.6,1.6,67.45999908447266,0.06666667,1B,/players/josh-naylor/18839/stats/batting,1B,11,11.0,AL,Josh Naylor,647304,18839,18839
BOS,Red Sox,1,2,3,1,0,0,0,0,0,0,0,0,1,0,0,0,,0,0,0.254149,0.350744,0.448252,0.798995,0.351612,0.100468,0.250154,0.401623,0.194103,2.83069,0.310725,-0.00647719,,0.386948,0.074784,0.0141754,-0.00374616,-0.0102234,0.0120603,0.06146697048097849,-0.036287552677094936,123.382,3.6,3.6,3.6,3.6,168.1999969482422,0.06060606,C,/players/willson-contreras/11609/stats/batting,C,3,3.0,AL,Willson Contreras,575929,11609,11609
NYM,Mets,0,2,2,0,0,0,0,0,0,0,0,0,0,0,0,0,,0,0,0.234503,0.29039,0.362733,0.653123,0.289119,0.0686315,0.216088,0.31761,0.12823,2.73305,0.28072,-0.00194443,,0.182652,-0.0419307,0.0632171,-0.00194539,-0.00388982,0.0119849,-0.04423156729899347,0.10025417059659958,82.3441,-2.0,,-2.0,,999.0,0.01657459,C,/players/luis-torrens/15905/stats/batting,C,25,25.0,NL,Luis Torrens,620443,15905,15905
CHW,White Sox,1,3,3,1,1,0,0,0,0,0,0,0,1,0,0,0,,0,0,0.261223,0.348992,0.369273,0.718265,0.323254,0.0885539,0.165349,0.535559,0.10805,6.40688,0.308937,0.00728968,,0.428282,0.0188866,-0.00843871,0.00560365,0.0128933,0.0118989,0.04000975098460913,-0.04547575209289789,106.744,2.6,2.6,2.6,2.6,999.0,0.01923077,OF,/players/sam-antonacci/35101/stats/batting,OF,4,4.0,AL,Sam Antonacci,803011,35101,35101
ATL,Braves,1,4,4,1,1,0,0,0,0,0,0,0,1,0,0,0,,0,0,0.24891,0.308243,0.401199,0.709442,0.31091,0.0719029,0.147815,0.486437,0.152289,4.0889,0.264566,-0.00144413,,0.457806,-0.0181159,-0.000785103,-0.00114694,-0.00259107,0.011895,-0.027495515532791615,0.013566749345045537,94.8566,1.6,1.6,1.6,1.6,150.5,0.01257862,2B,/players/ozzie-albies/16556/stats/batting,2B,16,16.0,NL,Ozzie Albies,645277,16556,16556
DET,Tigers,1,3,3,1,0,0,0,0,0,0,0,0,1,0,0,0,,0,0,0.241539,0.318532,0.388783,0.707315,0.312101,0.0951824,0.19809,0.4805,0.147244,5.97331,0.283088,0.00131586,,0.397137,-0.0122576,-0.0157412,0.00366416,0.00498002,0.0117623,-0.003412330988794565,-0.0033955462276935577,97.9129,2.6,2.6,2.6,2.6,999.0,0.0,OF,/players/maxwell-clark/33381/stats/batting,OF,6,6.0,AL,Max Clark,703601,33381,33381
NYY,Yankees,1,2,2,0,0,0,0,0,0,0,0,0,1,0,0,0,,0,0,0.220703,0.307064,0.380806,0.68787,0.305363,0.108539,0.308173,0.3522,0.160103,2.60695,0.294806,-0.00252751,,0.245909,-0.0201975,0.0491432,-0.00308362,-0.00561112,0.0117621,-0.021152493078261614,0.05716792028397322,94.0537,-2.0,-2.0,-2.0,-2.0,732.8599853515625,0.00358423,3B,/players/ryan-mcmahon/15112/stats/batting,3B,9,9.0,AL,Ryan McMahon,641857,15112,15112
CHW,White Sox,1,4,4,1,0,0,0,0,0,1,0,0,1,0,0,0,,0,0,0.217895,0.296834,0.404541,0.701374,0.307501,0.0841929,0.301133,0.279587,0.186645,2.34749,0.272824,-0.00606245,,0.446738,-0.0291835,-0.0342972,-0.00513003,-0.0111925,0.011732,-0.03080881666392088,0.003820125013589859,95.8034,1.6,1.6,1.6,1.6,254.75,0.02834008,SS,/players/colson-montgomery/29712/stats/batting,SS,4,4.0,AL,Colson Montgomery,695657,29712,29712
PIT,Pirates,1,4,4,1,1,0,0,0,1,0,0,0,1,0,0,0,,0,0,0.257388,0.341463,0.401486,0.74295,0.328965,0.103527,0.231977,0.446279,0.144099,3.93292,0.319917,-0.00233457,,0.521969,0.0409296,0.0210652,-0.00291259,-0.00524716,0.0116621,0.014707072637975216,-0.03232988342642784,104.077,1.6,1.6,1.6,1.6,204.72000122070312,0.19760479,OF,/players/bryan-reynolds/19326/stats/batting,OF,27,27.0,NL,Bryan Reynolds,668804,19326,19326
SEA,Mariners,1,3,4,1,1,0,0,0,0,0,0,0,1,0,0,0,,0,0,0.241447,0.311771,0.366771,0.678541,0.301911,0.0826621,0.173736,0.47579,0.125324,3.77777,0.274143,-0.00268096,,0.391724,-0.0432585,-0.0159021,-0.00484515,-0.00752611,0.0116202,-0.01491877855733037,-0.0009329421445727348,98.2696,2.6,2.6,2.6,2.6,704.2899780273438,0.0,2B,/players/cole-young/31680/stats/batting,2B,11,11.0,AL,Cole Young,702284,31680,31680
HOU,Astros,1,4,4,1,1,0,0,0,0,0,0,0,1,0,0,0,,0,0,0.25789,0.324039,0.412071,0.736109,0.323191,0.0816992,0.18019,0.453405,0.154181,3.87345,0.288929,-0.00409912,,0.48162,0.0210504,-0.0530692,-0.00362508,-0.00772421,0.011598,0.026574820280075073,-0.05029144510626793,107.582,1.6,1.6,1.6,1.6,116.5199966430664,0.18855219,2B,/players/jose-altuve/5417/stats/batting,2B,21,21.0,AL,Jose Altuve,514888,5417,5417
ATL,Braves,1,2,2,0,0,0,0,0,0,0,0,0,1,0,0,0,,0,0,0.218033,0.306288,0.39533,0.701618,0.310845,0.0933324,0.280181,0.333115,0.177297,2.24976,0.271186,-0.0029455,,0.235615,-0.00943703,0.0315248,-0.00247996,-0.00542545,0.0115254,-0.018357910681515932,0.06424084678292274,94.8128,-2.0,-2.0,-2.0,-2.0,746.0599975585938,0.06956522,C,/players/sean-murphy/19352/stats/batting,C,16,16.0,NL,Sean Murphy,669221,19352,19352
BAL,Orioles,1,3,3,1,0,0,0,0,0,0,0,0,1,0,0,0,,0,0,0.221569,0.310202,0.3951,0.705302,0.312491,0.100293,0.311939,0.321514,0.173531,4.39105,0.293953,0.00330164,,0.328537,-0.00921408,-0.00379476,0.0032526,0.00655423,0.0114079,0.010288676479831338,0.0008348696865141392,101.126,2.6,2.6,2.6,2.6,251.72000122070312,0.01327434,OF,/players/colton-cowser/29591/stats/batting,OF,2,2.0,AL,Colton Cowser,681297,29591,29591
SDP,Padres,1,2,3,1,0,0,0,0,0,0,0,0,1,0,0,0,,0,0,0.240526,0.308229,0.350738,0.658967,0.294693,0.0785878,0.217661,0.361057,0.110212,5.36599,0.296637,0.00524159,,0.25268,-0.0441311,0.0823973,0.00429357,0.00953516,0.0113269,-0.026453210040926933,0.056162772700190544,88.0823,3.6,3.6,3.6,3.6,999.0,0.03174603,OF,/players/dustin-harris/25705/stats/batting,OF,29,29.0,NL,Dustin Harris,687957,25705,25705
ARI,Diamondbacks,1,2,3,1,0,0,0,0,0,0,0,0,1,0,0,0,,0,0,0.244847,0.327098,0.369939,0.697037,0.312296,0.0927661,0.239601,0.387168,0.125092,5.37777,0.312725,0.00163222,,0.318145,-0.0093713,0.0490477,0.00187949,0.0035117,0.0112348,-0.01139646815136075,0.031763706356287,95.5259,3.6,3.6,3.6,3.6,999.0,0.01941748,OF,/players/ryan-waldschmidt/35061/stats/batting,OF,15,15.0,NL,Ryan Waldschmidt,814439,35061,35061
BAL,Orioles,1,2,2,0,0,0,0,0,0,0,0,0,1,0,0,0,,0,0,0.206279,0.287566,0.333943,0.621509,0.279778,0.0878829,0.28917,0.303914,0.127664,2.47729,0.272366,-0.00442317,,0.220951,-0.0738137,0.0431551,-0.00271032,-0.00713349,0.0112195,-0.06964661739766598,0.09176618978381157,78.4073,-2.0,-2.0,-2.0,-2.0,443.010009765625,0.01435407,C,/players/carlos-narvaez/19722/stats/batting,C,2,2.0,AL,Carlos Narváez,665966,19722,19722
WSN,Nationals,1,3,4,1,1,0,0,0,0,0,0,0,1,0,0,0,,0,0,0.245458,0.310526,0.338615,0.649141,0.291766,0.0700903,0.17841,0.392861,0.0931567,5.63633,0.293583,0.0121509,,0.34886,-0.0707702,0.0475843,0.00649659,0.0186475,0.0111897,-0.06562661193311214,0.06023857928812504,80.2604,2.6,2.6,2.6,2.6,746.0700073242188,0.00403226,OF,/players/jacob-young/29931/stats/batting,OF,24,24.0,NL,Jacob Young,696285,29931,29931
STL,Cardinals,1,3,4,1,1,0,0,0,0,0,0,0,1,0,0,0,,0,0,0.263872,0.357285,0.398541,0.755827,0.336853,0.103841,0.186815,0.555848,0.134669,3.80235,0.307187,-0.00318648,,0.499562,0.0609248,-0.00275852,-0.001361,-0.00454748,0.0111482,0.05794355599209666,-0.06896222941577435,114.003,2.6,2.6,2.6,2.6,178.42999267578125,0.7340824,C/DH,/players/ivan-herrera/20599/stats/batting,C/DH,28,28.0,NL,Iván Herrera,671056,20599,20599
TBR,Rays,1,3,4,1,1,0,0,0,0,0,0,0,0,0,0,0,,0,0,0.286596,0.320959,0.342862,0.663821,0.294581,0.0504666,0.0999814,0.50476,0.0562661,7.40715,0.316634,0.0271194,,0.361271,-0.0634761,0.0195594,0.0307941,0.0579136,0.0109772,-0.0008601248264312744,-0.018249282613396645,85.9115,2.6,2.6,2.6,2.6,180.19000244140625,0.01132075,OF,/players/chandler-simpson/31912/stats/batting,OF,12,12.0,AL,Chandler Simpson,802415,31912,31912
CLE,Guardians,1,3,4,1,1,0,0,0,0,0,0,0,1,0,0,0,,0,0,0.240429,0.302482,0.35758,0.660062,0.293241,0.0693654,0.174521,0.397461,0.117152,4.67557,0.276109,-0.000165851,,0.357388,-0.067359,-0.00089262,0.00015983,-6.02152e-06,0.0107979,-0.05840368713961652,0.03753330616746098,86.0017,2.6,2.6,2.6,2.6,999.0,0.0,SS,/players/brayan-rocchio/23690/stats/batting,SS,5,5.0,AL,Brayan Rocchio,677587,23690,23690
KCR,Royals,1,3,3,1,0,0,0,0,0,0,0,0,1,0,0,0,,0,0,0.233982,0.312594,0.40586,0.718454,0.315305,0.102589,0.254104,0.403729,0.171878,3.80099,0.285443,-0.000450683,,0.383894,-0.00313013,-0.0100294,-9.48304e-05,-0.000545513,0.0106566,-0.008979824022389948,-0.0020046913996338844,97.7812,2.6,2.6,2.6,2.6,999.0,0.30538922,C/DH,/players/carter-jensen/29478/stats/batting,C/DH,7,7.0,AL,Carter Jensen,695600,29478,29478
BAL,Orioles,0,1,2,0,0,0,0,0,0,0,0,0,0,0,0,0,,0,0,0.235611,0.304753,0.402899,0.707652,0.310828,0.0807846,0.272138,0.296852,0.167287,5.11366,0.293683,0.000345392,,0.177112,-0.00711539,0.047783,0.0037299,0.00407529,0.0105642,0.004022734399768524,0.0446966087911278,99.971,-1.0,,-1.0,,105.63999938964844,0.02994012,OF,/players/luis-robert-jr/20043/stats/batting,OF,2,2.0,AL,Luis Robert Jr.,673357,20043,20043
KCR,Royals,1,3,3,1,0,0,0,0,0,0,0,0,1,0,0,0,,0,0,0.248686,0.287737,0.396525,0.684261,0.297644,0.0494004,0.174385,0.283284,0.147838,3.51418,0.275215,-0.00297108,,0.32555,-0.0480233,0.0410725,-0.00042637,-0.00339745,0.0105607,-0.05654055462218821,0.048634208738803864,85.5162,2.6,2.6,2.6,2.6,999.0,0.02369668,2B,/players/michael-massey/27684/stats/batting,2B,7,7.0,AL,Michael Massey,686681,27684,27684
HOU,Astros,1,3,4,1,0,0,0,0,0,0,0,0,1,0,0,0,,0,0,0.239021,0.306953,0.400394,0.707347,0.310342,0.0799441,0.255039,0.313459,0.161373,5.63054,0.298137,0.00501935,,0.397127,-0.017385,0.0161296,0.0015563,0.00657564,0.0105491,0.0011144019663333893,-0.02137043885886669,98.6586,2.6,2.6,2.6,2.6,341.8699951171875,0.00344828,OF,/players/cam-smith/35108/stats/batting,OF,21,21.0,AL,Cam Smith,701358,35108,35108
STL,Cardinals,1,3,3,1,0,0,0,0,0,0,0,0,0,0,0,0,,0,0,0.244297,0.299555,0.357461,0.657017,0.291529,0.0592782,0.176435,0.335978,0.113164,4.73643,0.280474,0.00157242,,0.275999,-0.0566344,0.0523474,0.0025825,0.00415491,0.0104332,-0.051291672978550196,0.06237821839749813,83.616,2.6,2.6,2.6,2.6,999.0,0.0,OF,/players/nathan-church/31357/stats/batting,OF,28,28.0,NL,Nathan Church,701675,31357,31357
MIL,Brewers,0,0,0,0,0,0,0,0,0,0,0,0,0,0,0,0,,0,0,0.198674,0.278182,0.363469,0.64165,0.283956,0.0959587,0.271899,0.35292,0.164795,2.84656,0.241402,-0.000190948,,0.0182024,-0.00519165,0.0974056,-0.000141091,-0.000332039,0.0103919,-0.005604695586953312,0.10126359248533845,77.8469,0.0,,0.0,,574.2899780273438,0.0,C,/players/bo-naylor/21865/stats/batting,C,23,23.0,NL,Bo Naylor,666310,21865,21865
TOR,Blue Jays,0,2,2,0,0,0,0,0,0,0,0,0,0,0,0,0,,0,0,0.217375,0.286812,0.353511,0.640323,0.284639,0.0865024,0.258263,0.334939,0.136136,2.00101,0.272999,-0.00174767,,0.162857,-0.0452032,0.0599254,-0.00239419,-0.00414186,0.0103803,-0.04482739279046655,0.08461673930287361,80.0904,-2.0,,-2.0,,999.0,0.02222222,C,/players/brandon-valenzuela/23813/stats/batting,C,14,14.0,AL,Brandon Valenzuela,678218,23813,23813
MIL,Brewers,1,3,3,1,0,0,0,0,0,0,0,0,1,0,0,0,,0,0,0.216997,0.285151,0.329605,0.614756,0.275678,0.0836775,0.241027,0.347171,0.112608,6.53745,0.273293,0.0170242,,0.240033,-0.0926005,0.0527302,0.0212102,0.0382344,0.0102305,-0.05551787465810776,0.06461289245635271,72.297,2.6,2.6,2.6,2.6,743.3300170898438,0.01826484,2B/3B/SS,/players/david-hamilton/27531/stats/batting,2B/3B/SS,23,23.0,NL,David Hamilton,666152,27531,27531
WSN,Nationals,1,3,3,1,0,0,0,0,0,0,0,0,1,0,0,0,,0,0,0.230409,0.296418,0.372329,0.668747,0.296315,0.0725576,0.230017,0.315445,0.14192,5.45462,0.27792,0.00530477,,0.34423,-0.0549307,0.073706,0.00484748,0.0101523,0.010195,-0.05762362293899059,0.04808873124420643,83.3107,2.6,2.6,2.6,2.6,282.2200012207031,0.02272727,OF,/players/dylan-crews/33541/stats/batting,OF,24,24.0,NL,Dylan Crews,686611,33541,33541
MIA,Marlins,1,3,4,1,1,0,0,0,0,0,0,0,0,0,0,0,,0,0,0.259646,0.302496,0.387672,0.690168,0.302278,0.0569283,0.108042,0.526911,0.128027,5.42755,0.279114,-0.00119931,,0.397435,-0.0426644,0.0319447,-0.00148848,-0.00268778,0.0101903,-0.05647949734702706,0.03564842906780541,87.9864,2.6,2.6,2.6,2.6,999.0,0.0,3B,/players/javier-sanoja/28253/stats/batting,3B,20,20.0,NL,Javier Sanoja,691594,28253,28253
MIL,Brewers,1,3,3,1,0,0,0,0,0,0,0,0,1,0,0,0,,0,0,0.243499,0.304222,0.361087,0.665309,0.294751,0.0779102,0.176453,0.441536,0.117587,5.18289,0.280671,0.00260845,,0.300743,-0.0523607,0.0380157,3.7187e-05,0.00264564,0.0101799,-0.05093779368326068,0.0539107620716095,85.0845,2.6,2.6,2.6,2.6,743.4400024414062,0.0,3B/SS,/players/joey-ortiz/25493/stats/batting,3B/SS,23,23.0,NL,Joey Ortiz,687401,25493,25493
TEX,Rangers,1,4,4,1,1,0,0,0,0,0,0,0,1,0,0,0,,0,0,0.241189,0.294145,0.369654,0.663799,0.29267,0.06201,0.236721,0.261954,0.128466,5.07636,0.299258,-0.00065948,,0.394306,-0.076498,0.000325141,0.0023236,0.00166412,0.0101437,-0.05743673350661993,0.016374524479033425,87.219,1.6,1.6,1.6,1.6,999.0,0.00993377,3B,/players/ezequiel-duran/23733/stats/batting,3B,13,13.0,AL,Ezequiel Duran,677649,23733,23733
LAD,Dodgers,1,3,3,1,0,0,0,0,0,0,0,0,1,0,0,0,,0,0,0.241213,0.303292,0.375991,0.679282,0.300384,0.0668631,0.185797,0.359871,0.134777,5.20414,0.276309,0.00328709,,0.32342,-0.0399186,0.0252469,0.00319067,0.00647775,0.0100399,-0.03741876035928726,0.03620370291173458,88.1251,2.6,2.6,2.6,2.6,730.1199951171875,0.01010101,2B,/players/tommy-edman/19470/stats/batting,2B,22,22.0,NL,Tommy Edman,669242,19470,19470
TBR,Rays,1,2,3,1,0,0,0,0,0,0,0,0,0,0,0,0,,0,0,0.251611,0.3371,0.378852,0.715953,0.319156,0.0994654,0.133978,0.742402,0.127241,2.46376,0.268643,-0.00844159,,0.347018,0.00619631,-0.0406687,-0.00394805,-0.0123896,0.0100044,-0.00242010410875082,-0.0011625662446022034,102.978,3.6,3.6,3.6,3.6,748.5399780273438,0.24513619,C,/players/liam-hicks/29844/stats/batting,C,12,12.0,AL,Liam Hicks,689414,29844,29844
CIN,Reds,1,2,3,1,0,0,0,0,0,0,0,0,1,0,0,0,,0,0,0.229646,0.283941,0.340604,0.624545,0.27774,0.0670543,0.202218,0.331594,0.110958,4.53823,0.271215,0.000720956,,0.225889,-0.0811571,0.0912316,0.00351425,0.0042352,0.00997261,-0.08689769171178341,0.1004908662289381,70.827,3.6,3.6,3.6,3.6,999.0,0.0,3B,/players/kebryan-hayes/18577/stats/batting,3B,18,18.0,NL,Ke'Bryan Hayes,663647,18577,18577
KCR,Royals,1,3,4,1,1,0,0,0,0,1,0,0,1,0,0,0,,0,0,0.253936,0.328731,0.429319,0.75805,0.329615,0.0932617,0.147663,0.631584,0.175383,3.0157,0.2662,-0.0104085,,0.501799,0.04123,0.00887763,-0.00181281,-0.0122213,0.00993736,0.02269657701253891,-0.0627273116260767,107.719,2.6,2.6,2.6,2.6,77.0999984741211,0.1402214,1B,/players/vinnie-pasquantino/27676/stats/batting,1B,7,7.0,AL,Vinnie Pasquantino,686469,27676,27676
PHI,Phillies,1,3,4,1,1,0,0,0,0,0,0,0,1,0,0,0,,0,0,0.266447,0.320022,0.398839,0.718861,0.315766,0.0661722,0.150859,0.438635,0.132392,2.64511,0.29279,-0.0061393,,0.437924,-0.00217621,0.0459721,-0.00428851,-0.0104278,0.00990277,-0.0328994682058692,0.009243708103895187,94.9813,2.6,2.6,2.6,2.6,239.8699951171875,0.0,3B,/players/alec-bohm/21618/stats/batting,3B,26,26.0,NL,Alec Bohm,664761,21618,21618
PIT,Pirates,1,3,4,1,1,0,0,0,0,0,0,0,1,0,0,0,,0,0,0.273428,0.328955,0.387207,0.716162,0.317274,0.0656608,0.185869,0.353264,0.113779,4.09696,0.327359,-0.00273584,,0.442451,0.00235082,0.00565204,-0.00534653,-0.00808237,0.00981513,-0.024921802803874016,0.00040513183921575546,96.2391,2.6,2.6,2.6,2.6,999.0,0.03474903,2B/3B,/players/nick-gonzales/27490/stats/batting,2B/3B,27,27.0,NL,Nick Gonzales,693304,27490,27490
KCR,Royals,1,3,4,1,1,0,0,0,0,1,0,0,1,0,0,0,,0,0,0.244114,0.292635,0.420047,0.712682,0.3073,0.04647,0.198527,0.234074,0.175933,1.32041,0.266675,-0.0164992,,0.399216,-0.0267008,0.0309297,-0.00436592,-0.0208651,0.00980634,-0.053403113037347794,0.022442081943154335,92.2218,2.6,2.6,2.6,2.6,91.13999938964844,0.38387097,C,/players/salvador-perez/7304/stats/batting,C,7,7.0,AL,Salvador Perez,521692,7304,7304
PHI,Phillies,1,3,4,1,1,0,0,0,0,0,0,0,1,0,0,0,,0,0,0.246,0.294739,0.39335,0.68809,0.302355,0.0426315,0.222587,0.191527,0.147351,4.33163,0.292227,0.00272907,,0.374544,-0.0399683,0.0463314,-0.00335314,-0.000624075,0.00968358,-0.05970785004319623,0.040930156130343676,85.9899,2.6,2.6,2.6,2.6,999.0,0.01149425,3B/SS,/players/edmundo-sosa/17022/stats/batting,3B/SS,26,26.0,NL,Edmundo Sosa,624641,17022,17022
CHW,White Sox,1,3,4,1,1,0,0,0,0,0,0,0,1,0,0,0,,0,0,0.256146,0.337651,0.356062,0.693713,0.312902,0.0983252,0.173135,0.567911,0.0999155,3.89956,0.301225,-0.00392502,,0.449295,-0.0112741,-0.0499006,-0.00222288,-0.0061479,0.00957831,-0.008163467515259981,-0.03539445251226425,99.5544,2.6,2.6,2.6,2.6,646.8699951171875,0.0,2B/SS,/players/chase-meidroth/31580/stats/batting,2B/SS,4,4.0,AL,Chase Meidroth,805367,31580,31580
MIA,Marlins,1,2,2,0,0,0,0,0,0,0,0,0,1,0,0,0,,0,0,0.211998,0.275368,0.344554,0.619922,0.275417,0.077232,0.2318,0.333184,0.132556,4.19466,0.2566,-0.00106426,,0.184186,-0.0716862,0.101217,0.0016833,0.000619047,0.00953656,-0.07753650040831417,0.1009086649864912,69.9775,-2.0,-2.0,-2.0,-2.0,999.0,0.0,3B,/players/graham-pauley/31363/stats/batting,3B,20,20.0,NL,Graham Pauley,688363,31363,31363
SDP,Padres,0,2,2,0,0,0,0,0,0,0,0,0,0,0,0,0,,0,0,0.239784,0.318061,0.378861,0.696922,0.31057,0.0997771,0.229127,0.435467,0.139076,2.50237,0.291766,-0.00220962,,0.219722,-0.00924706,0.0191369,-0.00216862,-0.00437825,0.00949041,-0.007343753706663847,0.0376554150134325,98.727,-2.0,,-2.0,,999.0,0.27272727,C,/players/luis-campusano/22217/stats/batting,C,29,29.0,NL,Luis Campusano,669134,22217,22217
CLE,Guardians,1,3,3,1,0,0,0,0,0,0,0,0,1,0,0,0,,0,0,0.233938,0.324541,0.361306,0.685847,0.307467,0.109595,0.239934,0.456771,0.127368,4.73825,0.294699,0.00603674,,0.384197,-0.0251983,-0.0174083,0.0018463,0.00788304,0.0094229,-0.008677839301526546,-0.021112019196152687,95.8814,2.6,2.6,2.6,2.6,999.0,0.08943089,2B,/players/travis-bazzana/34967/stats/batting,2B,5,5.0,AL,Travis Bazzana,683953,34967,34967
CLE,Guardians,1,3,3,1,0,0,0,0,0,0,0,0,0,0,0,0,,0,0,0.268088,0.339245,0.414941,0.754186,0.332866,0.0960081,0.162229,0.591806,0.146853,3.44842,0.301803,-0.00218945,,0.369787,0.0371535,0.00727855,-0.00160846,-0.00379791,0.0092683,0.04037357331253588,-0.04873997066169977,113.52,2.6,2.6,2.6,2.6,999.0,0.46875,DH/OF,/players/chase-delauter/32127/stats/batting,DH/OF,5,5.0,AL,Chase DeLauter,800050,32127,32127
PHI,Phillies,1,3,3,1,1,0,0,0,0,0,0,0,1,0,0,0,,0,0,0.259782,0.325954,0.408675,0.73463,0.322633,0.0876765,0.26924,0.325645,0.148894,4.74438,0.338206,0.00330753,,0.394558,0.0158675,0.012648,0.00547313,0.00878066,0.00925012,0.0071846644859761,-0.020376709289848804,99.5858,2.6,2.6,2.6,2.6,609.72998046875,0.0,OF,/players/brandon-marsh/20202/stats/batting,OF,26,26.0,NL,Brandon Marsh,669016,20202,20202
MIL,Brewers,0,1,1,0,0,0,0,0,0,0,0,0,0,0,0,0,,0,0,0.227381,0.297738,0.284249,0.581986,0.266388,0.0878452,0.254491,0.34518,0.0568674,5.46258,0.308304,0.00210662,,0.0606337,-0.0314802,0.0980523,0.0011323,0.00323892,0.00911642,-0.028560240752995014,0.09280541678890586,66.0687,-1.0,,-1.0,,999.0,0.0,OF,/players/brandon-lockridge/21496/stats/batting,OF,23,23.0,NL,Brandon Lockridge,663604,21496,21496
CHC,Cubs,1,2,2,1,0,0,0,0,0,0,0,0,0,0,0,0,,0,0,0.251014,0.335724,0.413466,0.74919,0.330298,0.104523,0.144768,0.722006,0.162452,2.64079,0.264964,-0.00466613,,0.302368,0.026026,0.0158179,-0.00319975,-0.00786588,0.00910722,0.020242302678525448,-0.00671299546957016,109.998,3.6,3.6,3.6,3.6,119.16999816894531,0.04832714,3B,/players/alex-bregman/17678/stats/batting,3B,17,17.0,NL,Alex Bregman,608324,17678,17678
ATL,Braves,1,4,4,1,1,0,0,0,0,0,0,0,1,0,0,0,,0,0,0.241177,0.307259,0.417198,0.724457,0.316746,0.0780532,0.279689,0.279071,0.176021,3.60488,0.30353,-0.00278663,,0.466497,0.000810059,-0.042473,-0.00220264,-0.00498927,0.00903096,-0.010821764823049307,-0.028429778292775154,98.769,1.6,1.6,1.6,1.6,59.36000061035156,0.0,3B,/players/austin-riley/18360/stats/batting,3B,16,16.0,NL,Austin Riley,663586,18360,18360
CIN,Reds,1,4,4,1,1,0,0,0,1,1,0,0,1,0,0,0,,0,0,0.254371,0.322686,0.447043,0.769729,0.334139,0.0854366,0.213782,0.399643,0.192672,3.88071,0.286271,-0.00299707,,0.556148,0.0597566,-0.0152225,-0.000203072,-0.00320015,0.00902095,0.04042892553843558,-0.08821635320782661,108.639,1.6,1.6,1.6,1.6,161.8699951171875,0.05583756,1B/3B,/players/sal-stewart/31505/stats/batting,1B/3B,18,18.0,NL,Sal Stewart,701398,31505,31505
NYY,Yankees,1,3,4,1,1,0,0,0,0,0,0,0,1,0,0,0,,0,0,0.221563,0.290421,0.351632,0.642053,0.285705,0.0779964,0.250412,0.311473,0.130069,4.5459,0.277189,0.0,,0.355769,-0.0945653,0.0,-0.000640833,-0.000640833,0.00895871,-0.08732657233485952,0.040740739554166794,80.4015,2.6,2.6,2.6,2.6,999.0,0.0,SS,/players/george-lombard/33433/stats/batting,SS,9,9.0,AL,George Lombard Jr.,806146,33433,33433
DET,Tigers,1,2,2,1,0,0,0,0,0,0,0,0,1,0,0,0,,0,0,0.250096,0.308974,0.375424,0.684398,0.302718,0.0745034,0.219201,0.339887,0.125328,4.36666,0.305948,-0.00152265,,0.259655,-0.0269214,0.0347348,-0.000740716,-0.00226337,0.00893074,-0.02647910127416253,0.02856194693595171,91.3966,3.6,3.6,3.6,3.6,999.0,0.03361345,2B/3B,/players/hao-yu-lee/30080/stats/batting,2B/3B,6,6.0,AL,Hao-Yu Lee,701678,30080,30080
STL,Cardinals,1,3,3,1,0,0,0,0,0,0,0,0,1,0,0,0,,0,0,0.239196,0.298906,0.358359,0.657265,0.291922,0.0751745,0.21194,0.354696,0.119163,4.06706,0.288635,-0.00209387,,0.299649,-0.0603261,0.00511749,0.00191186,-0.000182003,0.00880331,-0.05922275478951633,0.04678415320813656,83.8791,2.6,2.6,2.6,2.6,999.0,0.17857143,C,/players/leo-bernal/29016/stats/batting,C,28,28.0,NL,Leo Bernal,699024,29016,29016
ARI,Diamondbacks,1,3,3,1,0,0,0,0,0,0,0,0,1,0,0,0,,0,0,0.236589,0.308554,0.382489,0.691042,0.306281,0.0774198,0.27213,0.284496,0.145899,5.52328,0.308289,0.00597483,,0.318991,-0.0238776,-0.00112383,0.00601815,0.011993,0.00872924,-0.01768098957836628,0.009215679368935525,91.4933,2.6,2.6,2.6,2.6,261.6499938964844,0.08219178,OF,/players/jordan-lawlar/29976/stats/batting,OF,15,15.0,NL,Jordan Lawlar,691783,29976,29976
NYM,Mets,1,2,3,1,0,0,0,0,0,0,0,0,1,0,0,0,,0,0,0.227944,0.311166,0.414691,0.725857,0.319481,0.0945856,0.268889,0.351765,0.186747,2.12471,0.275094,-0.00436907,,0.327036,0.00653775,-0.0260431,-0.00324586,-0.00761493,0.00868172,0.0011904402635991573,-0.003975166007876396,102.7,3.6,3.6,3.6,3.6,165.25,0.13368984,C,/players/francisco-alvarez/26121/stats/batting,C,25,25.0,NL,Francisco Alvarez,682626,26121,26121
NYM,Mets,1,4,4,1,1,0,0,0,0,0,0,0,1,0,0,0,,0,0,0.276079,0.323617,0.40577,0.729387,0.319959,0.0649681,0.168173,0.386316,0.129691,3.38214,0.312467,-0.0041048,,0.492421,0.0113815,-0.0590632,-0.00247428,-0.00657908,0.00862461,0.008205947931855917,-0.05566814192570746,103.021,1.6,1.6,1.6,1.6,92.86000061035156,0.04262295,SS,/players/bo-bichette/19612/stats/batting,SS,25,25.0,NL,Bo Bichette,666182,19612,19612
COL,Rockies,1,3,4,1,1,0,0,0,0,0,0,0,1,0,0,0,,0,0,0.267163,0.319963,0.401425,0.721388,0.316579,0.0593586,0.167807,0.353732,0.134261,6.93241,0.306758,0.0194781,,0.450607,0.000272442,0.0231209,0.010942,0.0304201,0.00851682,-0.03234027326107025,-0.007743259891867638,86.3019,2.6,2.6,2.6,2.6,506.760009765625,0.048583,OF,/players/jake-mccarthy/21622/stats/batting,OF,19,19.0,NL,Jake McCarthy,664983,21622,21622
TEX,Rangers,1,4,4,1,1,0,0,0,0,1,0,0,1,0,0,0,,0,0,0.235771,0.291647,0.429084,0.720731,0.313122,0.0616906,0.251665,0.245129,0.193313,2.33538,0.2733,-0.004712,,0.464986,-0.0109356,0.015922,-0.0050168,-0.0097288,0.00835642,-0.003078141715377569,-0.057071831077337265,101.423,1.6,1.6,1.6,1.6,236.72000122070312,0.04313725,1B/3B,/players/jake-burger/22275/stats/batting,1B/3B,13,13.0,AL,Jake Burger,669394,22275,22275
ATH,Athletics,1,3,3,1,0,0,0,0,0,0,0,0,1,0,0,0,,0,0,0.253669,0.312977,0.492663,0.80564,0.345665,0.0742857,0.226667,0.327731,0.238994,3.6103,0.276276,-0.000765571,,0.460186,0.0763784,0.0,-0.00274169,-0.00350726,0.00834931,0.04832929256372154,-0.08101851493120193,113.751,2.6,2.6,2.6,2.6,54.04999923706055,0.21212121,C,/players/shea-langeliers/25816/stats/batting,C,10,10.0,AL,Shea Langeliers,669127,25816,25816
BOS,Red Sox,1,3,4,1,0,0,0,0,0,0,0,0,1,0,0,0,,0,0,0.244818,0.309478,0.420556,0.730034,0.317893,0.0750229,0.242825,0.308959,0.175738,7.04723,0.300601,0.0178505,,0.428812,0.00406447,-0.0345309,0.00955227,0.0274028,0.00827052,0.02725785129587166,-0.0729568600654602,99.9653,2.6,2.6,2.6,2.6,64.04000091552734,0.02795031,OF,/players/jarren-duran/24617/stats/batting,OF,3,3.0,AL,Jarren Duran,680776,24617,24617
HOU,Astros,1,4,4,1,1,0,0,0,0,1,0,0,1,0,0,0,,0,0,0.233798,0.305284,0.430583,0.735867,0.320451,0.0815233,0.244749,0.333089,0.196786,2.40807,0.268293,-0.00776467,,0.504545,0.0132712,-0.00781792,-0.0044811,-0.0122458,0.00815322,0.015157295390963554,-0.08189199212938547,105.679,1.6,1.6,1.6,1.6,212.94000244140625,0.01294498,1B,/players/christian-walker/13419/stats/batting,1B,21,21.0,AL,Christian Walker,572233,13419,13419
HOU,Astros,1,2,2,0,0,0,0,0,0,0,0,0,1,0,0,0,,0,0,0.207954,0.301008,0.376047,0.677054,0.301613,0.102934,0.30133,0.341597,0.168093,4.45393,0.270184,-0.000661746,,0.252897,-0.028562,0.0384968,0.00184802,0.00118627,0.00811578,-0.019279349595308304,0.01488565094769001,92.5968,-2.0,-2.0,-2.0,-2.0,999.0,0.01212121,OF,/players/taylor-trammell/19960/stats/batting,OF,21,21.0,AL,Taylor Trammell,666211,19960,19960
TBR,Rays,1,3,3,1,0,0,0,0,0,0,0,0,1,0,0,0,,0,0,0.208222,0.285178,0.297776,0.582953,0.264594,0.0968918,0.240239,0.403314,0.0895536,5.77297,0.267332,0.0115159,,0.264473,-0.144922,0.0361743,0.0122037,0.0237196,0.00803151,-0.1166699230670929,0.07321136444807053,65.0857,2.6,2.6,2.6,2.6,999.0,0.00446429,SS,/players/taylor-walls/22458/stats/batting,SS,12,12.0,AL,Taylor Walls,670764,22458,22458
LAA,Angels,1,3,4,1,1,0,0,0,0,0,0,0,1,0,0,0,,0,0,0.246413,0.303576,0.371068,0.674644,0.298261,0.0656085,0.194075,0.338058,0.124655,3.81328,0.286025,-0.000391575,,0.394339,-0.0559957,0.054066,0.000542482,0.000150907,0.0080101,-0.04484728774696123,-0.011057503521442413,89.8265,2.6,2.6,2.6,2.6,999.0,0.02419355,1B/2B,/players/vaughn-grissom/26031/stats/batting,1B/2B,1,1.0,AL,Vaughn Grissom,687093,26031,26031
ATL,Braves,0,1,1,0,0,0,0,0,0,0,0,0,0,0,0,0,,0,0,0.221843,0.289086,0.314513,0.603599,0.272326,0.0792311,0.319426,0.248042,0.0926699,6.31533,0.320063,0.00200311,,0.0715163,-0.0308325,0.0817249,0.00575005,0.00775317,0.00799291,-0.024539203848689795,0.07493473635986447,68.9882,-1.0,,-1.0,,999.0,0.0,OF,/players/brewer-hicklen/20450/stats/batting,OF,16,16.0,NL,Brewer Hicklen,676551,20450,20450
CIN,Reds,1,3,4,1,0,0,0,0,0,0,0,0,1,0,0,0,,0,0,0.224212,0.315625,0.418431,0.734056,0.321834,0.117751,0.233168,0.505006,0.19422,3.14665,0.253732,-0.00474816,,0.450836,0.0158538,0.00980741,-0.00416365,-0.00891181,0.00792557,-0.007190397707745433,-0.034482710994780064,100.389,2.6,2.6,2.6,2.6,748.5800170898438,0.02978723,OF,/players/jj-bleday/26368/stats/batting,OF,18,18.0,NL,JJ Bleday,668709,26368,26368
STL,Cardinals,1,4,4,1,1,0,0,0,0,1,0,0,1,0,0,0,,0,0,0.274566,0.333573,0.435878,0.769451,0.335579,0.0751589,0.14789,0.508208,0.161313,3.13577,0.294037,-0.00737473,,0.549455,0.0632978,-0.0381601,-0.00141393,-0.00878866,0.00791549,0.05624512117356062,-0.11207988113164902,113.148,1.6,1.6,1.6,1.6,175.19000244140625,0.08143322,1B/OF,/players/alec-burleson/27615/stats/batting,1B/OF,28,28.0,NL,Alec Burleson,676475,27615,27615
DET,Tigers,1,3,4,1,0,0,0,0,0,0,0,0,1,0,0,0,,0,0,0.226044,0.314577,0.420644,0.735221,0.321881,0.105534,0.275367,0.38325,0.1946,2.20436,0.2751,-0.0038911,,0.450977,0.0159948,8.45413e-05,-0.0046359,-0.008527,0.00774433,0.011574714444577694,-0.06550187658285722,104.705,2.6,2.6,2.6,2.6,188.35000610351562,0.03536977,1B,/players/spencer-torkelson/27465/stats/batting,1B,6,6.0,AL,Spencer Torkelson,679529,27465,27465
NYY,Yankees,0,1,1,0,0,0,0,0,0,0,0,0,0,0,0,0,,0,0,0.23066,0.322653,0.349697,0.67235,0.304069,0.100099,0.244862,0.408796,0.119037,6.72353,0.296749,0.0071693,,0.140515,-0.0130077,0.0205831,0.0125781,0.0197474,0.00769406,0.00942594651132822,0.020274493843317032,93.1549,-1.0,,-1.0,,200.02999877929688,0.0096463,SS,/players/jose-caballero/23401/stats/batting,SS,9,9.0,AL,José Caballero,676609,23401,23401
ATH,Athletics,1,3,3,1,1,0,0,0,0,0,0,0,1,0,0,0,,0,0,0.255247,0.323906,0.384458,0.708364,0.315233,0.0728057,0.310791,0.234259,0.12921,6.02134,0.36397,0.00946774,,0.385589,-0.00333595,-0.0357663,0.0128328,0.0223006,0.00746506,-0.005904508754611015,-0.037000856595113873,92.6163,2.6,2.6,2.6,2.6,999.0,0.0078125,OF,/players/henry-bolte/31448/stats/batting,OF,10,10.0,AL,Henry Bolte,703607,31448,31448
BAL,Orioles,1,2,2,0,0,0,0,0,0,0,0,0,1,0,0,0,,0,0,0.218299,0.302796,0.292023,0.594819,0.273599,0.102868,0.266428,0.386102,0.0737236,4.33713,0.296825,-8.56935e-05,,0.184633,-0.0763559,0.0808725,-0.000342933,-0.000428626,0.0074113,-0.06677888514241204,0.061582405120134354,74.116,-2.0,-2.0,-2.0,-2.0,999.0,0.04761905,OF,/players/christian-franklin/29896/stats/batting,OF,2,2.0,AL,Christian Franklin,681047,29896,29896
PIT,Pirates,1,3,3,1,1,0,0,0,0,0,0,0,1,0,0,0,,0,0,0.273399,0.319175,0.362267,0.681441,0.303094,0.0490617,0.174659,0.280899,0.0888677,5.27435,0.326466,0.00718648,,0.371984,-0.0374107,0.0364583,0.0055974,0.0127839,0.00738313,-0.042478240095078945,0.0025076530873775482,86.7323,2.6,2.6,2.6,2.6,672.4199829101562,0.00334448,OF,/players/jake-mangum/26202/stats/batting,OF,27,27.0,NL,Jake Mangum,663968,26202,26202
CIN,Reds,1,2,3,1,0,0,0,0,0,0,0,0,1,0,0,0,,0,0,0.231537,0.316395,0.389556,0.705951,0.313139,0.0998062,0.286777,0.348027,0.158019,1.9553,0.30328,-0.00537261,,0.31317,-0.00732752,-0.0108531,-0.00383695,-0.00920956,0.00736345,-0.026949893683195114,0.011214797385036945,94.5594,3.6,3.6,3.6,3.6,294.75,0.13084112,C,/players/tyler-stephenson/17988/stats/batting,C,18,18.0,NL,Tyler Stephenson,663886,17988,17988
LAD,Dodgers,1,3,4,1,1,0,0,0,0,1,0,0,1,0,0,0,,0,0,0.254002,0.311053,0.440834,0.751887,0.326361,0.0693537,0.262805,0.263898,0.186832,3.66071,0.308893,-0.00602813,,0.480655,0.0303204,-0.0291459,-0.000899792,-0.00692792,0.00736238,0.018462038598954678,-0.06988659873604774,105.542,2.6,2.6,2.6,2.6,125.41999816894531,0.01544402,OF,/players/teoscar-hernandez/13066/stats/batting,OF,22,22.0,NL,Teoscar Hernández,606192,13066,13066
SFG,Giants,1,2,2,0,0,0,0,0,0,0,0,0,1,0,0,0,,0,0,0.221563,0.290421,0.351632,0.642053,0.285705,0.0779964,0.250412,0.311473,0.130069,4.5459,0.277189,0.0,,0.232867,-0.0618973,0.0,-0.000419455,-0.000419455,0.00727223,-0.05817093138466589,0.0486111119389534,80.7426,-2.0,-2.0,-2.0,-2.0,999.0,0.03773585,C,/players/drew-cavanaugh/33380/stats/batting,C,30,30.0,NL,Drew Cavanaugh,701852,33380,33380
COL,Rockies,1,3,4,1,1,0,0,0,0,0,0,0,1,0,0,0,,0,0,0.250514,0.290538,0.40344,0.693978,0.301887,0.0538434,0.246561,0.218377,0.152927,4.39671,0.308049,0.001778,,0.391653,-0.0433296,0.0160264,-0.00155511,0.000222884,0.00721919,-0.10399070402490906,0.055378248915076256,76.4515,2.6,2.6,2.6,2.6,209.22999572753906,0.0,SS,/players/ezequiel-tovar/24064/stats/batting,SS,19,19.0,NL,Ezequiel Tovar,678662,24064,24064
BAL,Orioles,1,3,4,1,0,0,0,0,0,1,0,0,1,0,0,0,,0,0,0.227855,0.275886,0.411321,0.687207,0.298729,0.0496466,0.272448,0.182224,0.183465,2.46698,0.273906,-0.00400221,,0.391279,-0.0539385,-0.00624331,-0.00416496,-0.00816717,0.00708413,-0.04503718111664057,-0.018434671685099602,91.5683,2.6,2.6,2.6,2.6,999.0,0.04395604,1B/3B,/players/christian-encarnacion-strand/30011/stats/batting,1B/3B,2,2.0,AL,Christian Encarnacion-Strand,687952,30011,30011
TOR,Blue Jays,1,2,2,0,0,0,0,0,0,0,0,0,0,0,0,0,,0,0,0.240711,0.332065,0.365951,0.698016,0.314024,0.097248,0.189256,0.513844,0.12524,4.73747,0.282748,7.14373e-05,,0.271692,-0.00464951,-0.00734955,0.00276025,0.00283168,0.00707958,0.004182424978353083,-0.017226091120392084,100.498,-2.0,-2.0,-2.0,-2.0,428.9100036621094,0.05579399,3B/SS,/players/josh-smith/26396/stats/batting,3B/SS,14,14.0,AL,Josh Smith,669701,26396,26396
MIN,Twins,1,3,3,1,0,0,0,0,0,0,0,0,1,0,0,0,,0,0,0.213421,0.327702,0.346359,0.674061,0.306144,0.138536,0.322283,0.429858,0.132938,5.22788,0.311611,0.00389953,,0.361477,-0.0274487,0.0,0.000418168,0.0043177,0.00699305,-0.01791269052773714,-0.029629629105329514,94.1804,2.6,2.6,2.6,2.6,748.52001953125,0.0,OF,/players/emmanuel-rodriguez/28084/stats/batting,OF,8,8.0,AL,Emmanuel Rodriguez,691181,28084,28084
HOU,Astros,0,1,2,0,0,0,0,0,0,0,0,0,0,0,0,0,,0,0,0.216865,0.329136,0.350566,0.679702,0.307461,0.134266,0.239344,0.560974,0.133701,2.58811,0.269482,-0.00428705,,0.172881,-0.0113472,0.043445,-0.00210447,-0.00639152,0.00697027,-0.012439275160431862,0.025852447375655174,96.6577,-1.0,,-1.0,,999.0,0.01639344,1B/OF,/players/lamonte-wade-jr/18126/stats/batting,1B/OF,21,21.0,AL,LaMonte Wade Jr.,664774,18126,18126
CHC,Cubs,0,2,2,0,0,0,0,0,0,0,0,0,0,0,0,0,,0,0,0.241291,0.318866,0.38907,0.707935,0.314294,0.087207,0.1997,0.43669,0.147779,5.75852,0.280973,0.00224963,,0.211712,-0.00322022,0.00590676,0.00442305,0.00667268,0.00694129,0.005071932799182832,0.004054912482388318,99.268,-2.0,,-2.0,,336.67999267578125,0.07920792,3B,/players/matt-shaw/33322/stats/batting,3B,17,17.0,NL,Matt Shaw,807713,33322,33322
MIL,Brewers,1,3,3,1,0,0,0,0,0,0,0,0,1,0,0,0,,0,0,0.253322,0.341066,0.401582,0.742648,0.327304,0.107156,0.242039,0.44272,0.14826,4.59545,0.31698,0.00683098,,0.401128,0.0275553,0.000864418,0.00543964,0.0122706,0.00662145,0.038532402366399765,-0.07614175765775144,106.91,2.6,2.6,2.6,2.6,127.22000122070312,0.91984733,OF,/players/christian-yelich/11477/stats/batting,OF,23,23.0,NL,Christian Yelich,592885,11477,11477
KCR,Royals,1,3,4,1,1,0,0,0,0,0,0,0,1,0,0,0,,0,0,0.254111,0.314422,0.440815,0.755237,0.328182,0.0710028,0.235322,0.301726,0.186703,3.41482,0.298131,-0.000224032,,0.464147,0.0342821,-0.04924,-0.0013647,-0.00158873,0.00661548,0.026802041800692677,-0.09028933942317963,106.724,2.6,2.6,2.6,2.6,164.58999633789062,0.08878505,OF,/players/jac-caglianone/35041/stats/batting,OF,7,7.0,AL,Jac Caglianone,695506,35041,35041
NYY,Yankees,1,3,3,1,0,0,0,0,0,0,0,0,0,0,0,0,,0,0,0.267987,0.307996,0.457035,0.765031,0.330445,0.0545546,0.160582,0.339731,0.189048,4.41028,0.28287,-0.00177048,,0.3699,0.032149,-0.0233381,0.000924864,-0.000845616,0.00644125,0.037213096977211535,-0.0748812984675169,111.473,2.6,2.6,2.6,2.6,261.8500061035156,0.04727273,2B,/players/luis-garcia-jr/20391/stats/batting,2B,9,9.0,AL,Luis García Jr.,671277,20391,20391
CIN,Reds,1,2,2,1,0,0,0,0,0,0,0,0,1,0,0,0,,0,0,0.234007,0.30571,0.354113,0.659823,0.295486,0.0822031,0.255404,0.321856,0.120106,4.77008,0.298782,0.00270104,,0.249903,-0.0417912,0.0173913,0.00478697,0.00748802,0.00636865,-0.0437801624648273,0.026187549345195293,82.7245,3.6,3.6,3.6,3.6,999.0,0.02702703,OF,/players/dane-myers/22054/stats/batting,OF,18,18.0,NL,Dane Myers,667472,22054,22054
SEA,Mariners,0,1,2,0,0,0,0,0,0,0,0,0,0,0,0,0,,0,0,0.236971,0.344158,0.399593,0.743751,0.332017,0.128646,0.235109,0.547176,0.162622,3.03126,0.288096,-0.00381784,,0.198079,0.0189687,-0.00111711,-0.00176341,-0.00558124,0.00636362,0.028155730571597815,-0.01917266717646271,119.178,-1.0,,-1.0,,148.42999267578125,0.12542373,OF,/players/taylor-ward/17548/stats/batting,OF,11,11.0,AL,Taylor Ward,621493,17548,17548
MIL,Brewers,1,3,4,1,0,0,0,0,1,1,1,0,1,0,0,0,,0,0,0.228519,0.337037,0.410575,0.747612,0.331291,0.130091,0.275284,0.472572,0.182056,4.25314,0.288327,-0.00210442,,0.518333,0.0475283,-0.0421314,0.0017387,-0.000365724,0.00628977,0.045532299554906785,-0.11311903595924377,109.582,5.6,5.6,5.6,5.6,999.0,0.04048583,1B/OF,/players/jake-bauers/15194/stats/batting,1B/OF,23,23.0,NL,Jake Bauers,641343,15194,15194
ATH,Athletics,1,3,4,1,0,0,0,0,0,0,0,0,1,0,0,0,,0,0,0.232982,0.300022,0.401411,0.701433,0.308484,0.0799156,0.305914,0.261236,0.16843,4.78656,0.309284,0.0079061,,0.416065,-0.0240346,-0.0170677,0.00323611,0.0111422,0.00624981,-0.04103372059762478,-0.029104774817824364,87.9294,2.6,2.6,2.6,2.6,999.0,0.01273885,2B,/players/zack-gelof/29766/stats/batting,2B,10,10.0,AL,Zack Gelof,680869,29766,29766
ATH,Athletics,1,2,3,1,0,0,0,0,0,0,0,0,0,0,0,0,,0,0,0.236521,0.312777,0.354398,0.667175,0.298843,0.0834636,0.164505,0.507362,0.117877,2.39048,0.267718,-0.00373968,,0.270086,-0.0369604,0.0189213,-0.003863,-0.00760268,0.00620939,-0.0641966131515801,0.033427519723773,81.2337,3.6,3.6,3.6,3.6,999.0,0.07446809,2B,/players/donovan-walton/19314/stats/batting,2B,10,10.0,AL,Donovan Walton,622268,19314,19314
KCR,Royals,1,3,3,1,0,0,0,0,0,0,0,0,1,0,0,0,,0,0,0.233224,0.32681,0.365584,0.692394,0.310244,0.111406,0.226196,0.49252,0.13236,5.81954,0.293966,-0.00170229,,0.367454,-0.016354,0.00299292,0.000499553,-0.00120274,0.00618724,-0.0228168664034456,-0.031112019903957844,94.2663,2.6,2.6,2.6,2.6,666.1699829101562,0.01509434,OF,/players/isaac-collins/25477/stats/batting,OF,7,7.0,AL,Isaac Collins,686555,25477,25477
WSN,Nationals,1,2,2,0,0,0,0,0,0,0,0,0,1,0,0,0,,0,0,0.22294,0.298944,0.283291,0.582235,0.267361,0.0949965,0.218839,0.434093,0.0603512,6.16754,0.287277,0.0143307,,0.193943,-0.0977509,0.0345388,0.0165838,0.0309144,0.00613119,-0.07622341997921467,0.056298043578863144,63.8985,-2.0,-2.0,-2.0,-2.0,583.0999755859375,0.00546448,2B/SS,/players/nasim-nunez/25979/stats/batting,2B/SS,24,24.0,NL,Nasim Nuñez,683083,25979,25979
NYM,Mets,1,3,3,1,0,0,0,0,0,0,0,0,1,0,0,0,,0,0,0.236373,0.303852,0.388103,0.691955,0.305727,0.0857001,0.255917,0.334874,0.15173,3.75253,0.291978,-0.00121494,,0.30347,-0.0240463,0.0212296,0.000640689,-0.000574247,0.00609894,-0.022303291596472263,-0.0077827200293540955,93.4789,2.6,2.6,2.6,2.6,292.9200134277344,0.04682274,3B,/players/brett-baty/26123/stats/batting,3B,25,25.0,NL,Brett Baty,683146,26123,26123
SFG,Giants,1,3,4,1,1,0,0,0,0,0,0,0,1,0,0,0,,0,0,0.230325,0.277015,0.326164,0.603179,0.268691,0.0485917,0.237937,0.204221,0.0958395,4.53997,0.293904,0.0013735,,0.300058,-0.145159,0.0358845,-0.00126649,0.000107012,0.00607877,-0.13879046703368658,0.07616226002573967,69.3357,2.6,2.6,2.6,2.6,999.0,0.02816901,2B/SS,/players/christian-koss/27653/stats/batting,2B/SS,30,30.0,NL,Christian Koss,683766,27653,27653
DET,Tigers,1,2,3,1,0,0,0,0,0,0,0,0,1,0,0,0,,0,0,0.221563,0.290421,0.351632,0.642053,0.285705,0.0779964,0.250412,0.311473,0.130069,4.5459,0.277189,0.0,,0.254698,-0.0677002,0.0,-0.000458778,-0.000458778,0.00605499,-0.06511506525566801,0.028240740299224854,79.5813,3.6,3.6,3.6,3.6,999.0,0.0,SS,/players/john-peck/33500/stats/batting,SS,6,6.0,AL,John Peck,807726,33500,33500
LAD,Dodgers,0,1,1,0,0,0,0,0,0,0,0,0,0,0,0,0,,0,0,0.233487,0.326592,0.331589,0.65818,0.29965,0.113564,0.185018,0.613799,0.098102,3.75998,0.280482,-0.000589748,,0.0634142,-0.00822995,0.0551458,-0.000792564,-0.00138231,0.00602515,-0.010396644589491189,0.04989886377006769,87.633,-1.0,,-1.0,,999.0,0.06010929,OF,/players/alex-call/19296/stats/batting,OF,22,22.0,NL,Alex Call,669743,19296,19296
DET,Tigers,1,2,3,1,0,0,0,0,0,0,0,0,1,0,0,0,,0,0,0.241622,0.294529,0.411254,0.705783,0.307626,0.0660431,0.235319,0.280653,0.169631,2.23165,0.280664,-0.00305245,,0.282986,-0.0182121,0.00784356,-0.00323517,-0.00628762,0.0059196,-0.021655960008502007,-0.01021199207752943,94.805,3.6,3.6,3.6,3.6,999.0,0.5,C/DH,/players/eduardo-valencia/24574/stats/batting,C/DH,6,6.0,AL,Eduardo Valencia,680664,24574,24574
KCR,Royals,0,1,2,0,0,0,0,0,0,0,0,0,0,0,0,0,,0,0,0.225487,0.290818,0.332389,0.623206,0.279204,0.065539,0.234611,0.279352,0.106902,7.65209,0.286291,0.00884357,,0.145005,-0.0494577,0.0138109,0.0252233,0.0340668,0.00589258,-0.018056005239486694,0.017823254223912954,72.71,-1.0,,-1.0,,999.0,0.03521127,OF,/players/tyler-tolbert/25779/stats/batting,OF,7,7.0,AL,Tyler Tolbert,686475,25779,25779
STL,Cardinals,1,2,2,0,0,0,0,0,0,0,0,0,0,0,0,0,,0,0,0.245696,0.328748,0.3632,0.691948,0.31078,0.0941639,0.137178,0.686438,0.117504,4.51765,0.272609,0.00100519,,0.26066,-0.010564,-0.00577517,0.00339002,0.0043952,0.00588841,-0.0052003199234604836,-0.01148504763841629,96.5226,-2.0,-2.0,-2.0,-2.0,999.0,0.01863354,2B/3B/OF,/players/jose-fermin/21746/stats/batting,2B/3B/OF,28,28.0,NL,José Fermín,665877,21746,21746
PIT,Pirates,0,2,2,0,0,0,0,0,0,0,0,0,0,0,0,0,,0,0,0.214904,0.294688,0.359857,0.654545,0.291935,0.0826864,0.244788,0.337787,0.144953,4.12816,0.261538,-0.00203028,,0.194756,-0.0391837,0.00522077,0.0011496,-0.00088068,0.00588592,-0.05026519577950239,0.04380101850256324,79.251,-2.0,,-2.0,,999.0,0.00561798,C,/players/henry-davis/29617/stats/batting,C,27,27.0,NL,Henry Davis,680779,29617,29617
LAD,Dodgers,0,1,1,0,0,0,0,0,0,0,0,0,0,0,0,0,,0,0,0.254041,0.308161,0.38467,0.69283,0.305537,0.0690224,0.135756,0.508428,0.130629,3.42079,0.276395,-0.00127507,,0.146788,-0.0118529,0.0240536,-0.0011964,-0.00247148,0.00580099,-0.016061200061812997,0.02945484919473529,91.5801,-1.0,,-1.0,,999.0,0.01401869,SS,/players/miguel-rojas/7802/stats/batting,SS,22,22.0,NL,Miguel Rojas,500743,7802,7802
WSN,Nationals,1,4,4,1,1,0,0,0,0,0,0,0,1,0,0,0,,0,0,0.259204,0.313833,0.418212,0.732045,0.318855,0.0658546,0.181013,0.363812,0.159007,5.76711,0.294332,0.00531939,,0.473197,0.00751039,-0.0189551,-0.00199856,0.00332083,0.00575719,-0.004154865397140384,-0.06725755892693996,98.4221,1.6,1.6,1.6,1.6,206.50999450683594,0.15116279,OF,/players/daylen-lile/29995/stats/batting,OF,24,24.0,NL,Daylen Lile,695734,29995,29995
CHC,Cubs,1,2,2,1,0,0,0,0,0,0,0,0,0,0,0,0,,0,0,0.259357,0.32054,0.363559,0.684098,0.30409,0.069814,0.181971,0.383655,0.104201,5.01752,0.308318,0.00194227,,0.243599,-0.0225082,0.00168984,0.00180941,0.00375167,0.00572204,-0.016751499846577644,-0.00016200821846723557,92.4269,3.6,3.6,3.6,3.6,999.0,0.15584416,2B,/players/pedro-ramirez/29218/stats/batting,2B,17,17.0,NL,Pedro Ramírez,699393,29218,29218
MIA,Marlins,1,3,3,1,0,0,0,0,0,0,0,0,1,0,0,0,,0,0,0.223828,0.308008,0.348338,0.656345,0.295642,0.0834929,0.260643,0.320335,0.12451,7.24034,0.291154,0.0226299,,0.351175,-0.05822,-0.01401,0.0325617,0.0551916,0.00564771,-0.013379424810409546,-0.04363961052149534,83.537,2.6,2.6,2.6,2.6,748.530029296875,0.0,OF,/players/esteury-ruiz/21780/stats/batting,OF,20,20.0,NL,Esteury Ruiz,665923,21780,21780
TBR,Rays,1,3,3,1,0,0,0,0,0,0,0,0,1,0,0,0,,0,0,0.22846,0.287448,0.390832,0.678279,0.297834,0.0733503,0.213259,0.343949,0.162372,4.34205,0.260769,0.000741559,,0.312636,-0.0455849,0.0193949,0.000236707,0.000978266,0.00556251,-0.040640814579091966,-0.011777954176068306,88.1709,2.6,2.6,2.6,2.6,999.0,0.0,OF,/players/victor-mesa-jr/25999/stats/batting,OF,12,12.0,AL,Victor Mesa Jr.,683748,25999,25999
BAL,Orioles,1,3,3,1,0,0,0,0,0,0,0,0,1,0,0,0,,0,0,0.222118,0.298158,0.40479,0.702947,0.309325,0.0835836,0.295691,0.282672,0.182671,3.37254,0.281502,-0.000535204,,0.345579,-0.0177589,-0.000547681,-0.00272286,-0.00325807,0.0055485,-0.00708750425837934,-0.04699829570017755,98.9269,2.6,2.6,2.6,2.6,459.1600036621094,0.21495327,1B/3B,/players/coby-mayo/28312/stats/batting,1B/3B,2,2.0,AL,Coby Mayo,691723,28312,28312
ATH,Athletics,1,2,3,1,0,0,0,0,0,0,0,0,0,0,0,0,,0,0,0.224494,0.281036,0.375301,0.656336,0.288966,0.071148,0.195839,0.363299,0.150807,1.8746,0.249085,-0.00537075,,0.244649,-0.0565485,0.00505644,-0.00303328,-0.00840403,0.00547309,-0.0842120572924614,0.047957672737538815,74.3744,3.6,3.6,3.6,3.6,999.0,0.20720721,C,/players/jonah-heim/16930/stats/batting,C,10,10.0,AL,Jonah Heim,641680,16930,16930
TBR,Rays,1,3,3,1,0,0,0,0,0,0,0,0,1,0,0,0,,0,0,0.217777,0.294853,0.368893,0.663746,0.294193,0.0897889,0.216579,0.414577,0.151116,5.33067,0.250584,0.00473904,,0.312416,-0.0560397,-0.0276534,0.00673926,0.0114783,0.00540505,-0.04048227332532406,-0.016542299650609493,85.6418,2.6,2.6,2.6,2.6,321.5,0.01136364,OF,/players/cedric-mullins/17929/stats/batting,OF,12,12.0,AL,Cedric Mullins,656775,17929,17929
MIN,Twins,0,1,1,0,0,0,0,0,0,0,0,0,0,0,0,0,,0,0,0.209348,0.287636,0.333234,0.62087,0.279494,0.0903729,0.295213,0.306128,0.123886,5.16156,0.283735,-1.18421e-05,,0.110955,-0.037451,0.0340223,0.00289591,0.00288407,0.00540063,-0.032575696939602494,0.041275391820818186,75.6725,-1.0,,-1.0,,999.0,0.0,SS,/players/ryan-kreidler/25867/stats/batting,SS,8,8.0,AL,Ryan Kreidler,668952,25867,25867
CHW,White Sox,0,1,1,0,0,0,0,0,0,0,0,0,0,0,0,0,,0,0,0.205161,0.282787,0.369806,0.652593,0.289053,0.093676,0.284264,0.329539,0.164644,3.14459,0.256322,-0.000870974,,0.0950786,-0.0218914,0.0202245,-0.00108018,-0.00195115,0.00539333,-0.021491213352419436,0.039514632895588875,82.9916,-1.0,,-1.0,,999.0,0.00943396,C,/players/jake-rogers/19452/stats/batting,C,4,4.0,AL,Jake Rogers,668670,19452,19452
HOU,Astros,1,3,3,1,0,0,0,0,0,0,0,0,1,0,0,0,,0,0,0.221563,0.290421,0.351632,0.642053,0.285705,0.0779964,0.250412,0.311473,0.130069,4.5459,0.277189,0.0,,0.282998,-0.0752224,0.0,-0.000509753,-0.000509753,0.00533791,-0.06542767537757754,0.010802469216287136,81.5488,2.6,2.6,2.6,2.6,999.0,0.0,OF,/players/lucas-spence/35126/stats/batting,OF,21,21.0,AL,Lucas Spence,828599,35126,35126
LAA,Angels,1,3,3,1,0,0,0,0,0,0,0,0,1,0,0,0,,0,0,0.227023,0.28735,0.361797,0.649147,0.287993,0.0682674,0.29375,0.232399,0.134774,3.80239,0.30349,-0.0015539,,0.317447,-0.0765958,-0.00928858,0.000525837,-0.00102806,0.00533023,-0.06800108274910599,0.0025941403582692146,82.6951,2.6,2.6,2.6,2.6,999.0,0.0,3B,/players/denzer-guzman/28816/stats/batting,3B,1,1.0,AL,Denzer Guzman,694203,28816,28816
HOU,Astros,0,2,2,0,0,0,0,0,0,0,0,0,0,0,0,0,,0,0,0.218723,0.274221,0.336422,0.610643,0.271282,0.0680232,0.200182,0.339807,0.117699,2.63849,0.251873,-0.00460428,,0.142384,-0.0634832,0.0205827,-0.00199536,-0.00659964,0.00528321,-0.06416091416031122,0.05453328788280487,71.5321,-2.0,,-2.0,,999.0,0.02702703,C,/players/christian-vazquez/9774/stats/batting,C,21,21.0,AL,Christian Vázquez,543877,9774,9774
STL,Cardinals,0,1,1,0,0,0,0,0,0,0,0,0,0,0,0,0,,0,0,0.224499,0.276909,0.338153,0.615062,0.272986,0.0641656,0.260399,0.246413,0.113654,2.5937,0.289132,-0.00104617,,0.0592267,-0.0249917,0.0408401,-0.000810766,-0.00185694,0.00522447,-0.026547897374257445,0.05472899321466684,71.1835,-1.0,,-1.0,,748.2899780273438,0.00507614,C,/players/pedro-pages/25782/stats/batting,C,28,28.0,NL,Pedro Pagés,686780,25782,25782
MIN,Twins,0,1,1,0,0,0,0,0,0,0,0,0,0,0,0,0,,0,0,0.248577,0.337602,0.340103,0.677705,0.307928,0.111447,0.178393,0.624732,0.0915259,5.65755,0.302128,0.000534994,,0.0674599,-0.00418423,0.0348935,0.00291744,0.00345243,0.00522087,0.00022947578690946102,0.029646580573171377,95.4198,-1.0,,-1.0,,748.5599975585938,0.0,OF,/players/austin-martin/27462/stats/batting,OF,8,8.0,AL,Austin Martin,668885,27462,27462
ARI,Diamondbacks,1,3,3,1,0,0,0,0,0,0,0,0,1,0,0,0,,0,0,0.24813,0.344881,0.406075,0.750956,0.332844,0.126568,0.195534,0.647291,0.157945,3.73496,0.288302,-0.00165187,,0.443685,0.0445252,-0.032882,-0.00150523,-0.0031571,0.00515321,0.03462006291374564,-0.09368443861603737,109.302,2.6,2.6,2.6,2.6,745.989990234375,0.08050847,OF,/players/lars-nootbaar/21454/stats/batting,OF,15,15.0,NL,Lars Nootbaar,663457,21454,21454
SDP,Padres,0,2,2,0,0,0,0,0,0,0,0,0,0,0,0,0,,0,0,0.221563,0.290421,0.351632,0.642053,0.285705,0.0779964,0.250412,0.311473,0.130069,4.5459,0.277189,0.0,,0.178809,-0.0475283,0.0,-0.000322081,-0.000322081,0.00510857,-0.041641015210188925,0.029629629105329514,82.0566,-2.0,,-2.0,,999.0,0.33333333,C/DH,/players/ethan-salas/32051/stats/batting,C/DH,29,29.0,NL,Ethan Salas,806956,32051,32051
WSN,Nationals,0,1,1,0,0,0,0,0,0,0,0,0,0,0,0,0,,0,0,0.220507,0.314992,0.351968,0.666959,0.299709,0.10382,0.254797,0.407463,0.13146,4.14121,0.27673,-0.000864839,,0.1533,-0.0198159,-0.00152905,0.00068872,-0.000176119,0.00499086,-0.025563003349816427,0.027020327979698777,85.586,-1.0,,-1.0,,725.52001953125,0.04878049,C,/players/harry-ford/29958/stats/batting,C,24,24.0,NL,Harry Ford,695670,29958,29958
LAA,Angels,1,3,3,1,0,0,0,0,0,0,0,0,1,0,0,0,,0,0,0.235469,0.298103,0.385247,0.68335,0.299824,0.080293,0.271211,0.296054,0.149778,5.03512,0.301317,0.00647513,,0.331105,-0.0424684,-0.0131496,0.0119347,0.0184099,0.00494066,-0.014935646206140518,-0.04818048235028982,90.9119,2.6,2.6,2.6,2.6,297.0899963378906,0.01801802,OF,/players/josh-lowe/19953/stats/batting,OF,1,1.0,AL,Josh Lowe,666139,19953,19953
TBR,Rays,0,2,2,0,0,0,0,0,0,0,0,0,0,0,0,0,,0,0,0.233114,0.283781,0.361816,0.645596,0.284913,0.0595997,0.211459,0.28185,0.128702,5.89372,0.277669,0.00432171,,0.184699,-0.0507036,0.0223381,0.00562803,0.00994974,0.00489271,-0.0381477577611804,0.015856570098549128,79.1971,-2.0,,-2.0,,999.0,0.02189781,OF,/players/jonny-deluca/26365/stats/batting,OF,12,12.0,AL,Jonny DeLuca,676356,26365,26365
BAL,Orioles,1,3,3,1,0,0,0,0,0,0,0,0,1,0,0,0,,0,0,0.233451,0.317888,0.387234,0.705121,0.312929,0.107221,0.247558,0.433113,0.153783,4.61652,0.290479,0.00086069,,0.389463,-0.00969738,-0.039203,0.000971622,0.00183231,0.00479471,0.007437731488607824,-0.07963506504893303,101.43,2.6,2.6,2.6,2.6,505.0400085449219,0.08965517,OF,/players/dylan-beavers/31695/stats/batting,OF,2,2.0,AL,Dylan Beavers,687637,31695,31695
KCR,Royals,1,3,3,1,0,0,0,0,0,0,0,0,1,0,0,0,,0,0,0.232887,0.288793,0.354232,0.643025,0.284957,0.0600636,0.202399,0.296759,0.121345,5.8823,0.282426,0.0044663,,0.26912,-0.0737482,0.0065049,0.00125852,0.00572482,0.0047433,-0.07272242801263928,0.016844404861330986,76.705,2.6,2.6,2.6,2.6,999.0,0.0,OF,/players/kyle-isbel/21614/stats/batting,OF,7,7.0,AL,Kyle Isbel,664728,21614,21614
BOS,Red Sox,0,1,1,0,0,0,0,0,0,0,0,0,0,0,0,0,,0,0,0.231484,0.291907,0.367264,0.659171,0.291983,0.0722345,0.245687,0.29401,0.13578,3.64943,0.286949,-0.00191027,,0.132487,-0.0265926,0.00357236,-0.00137236,-0.00328263,0.00467235,-0.0314517579972744,0.029806924983859062,81.971,-1.0,,-1.0,,999.0,0.02898551,C,/players/connor-wong/19896/stats/batting,C,3,3.0,AL,Connor Wong,657136,19896,19896
CIN,Reds,1,3,4,1,0,0,0,0,0,0,0,0,1,0,0,0,,0,0,0.220963,0.304327,0.377451,0.681778,0.302867,0.0970078,0.282294,0.343641,0.156488,5.23723,0.283549,0.00502771,,0.403845,-0.0413724,-0.04635,0.00591785,0.0109456,0.00465844,-0.044891717843711376,-0.03168949671089649,87.6729,2.6,2.6,2.6,2.6,144.3000030517578,0.01060071,2B,/players/matt-mclain/29695/stats/batting,2B,18,18.0,NL,Matt McLain,680574,29695,29695
LAA,Angels,1,3,3,1,1,0,0,0,0,0,0,0,1,0,0,0,,0,0,0.248484,0.311836,0.399916,0.711752,0.311866,0.0826558,0.19386,0.426369,0.151432,2.48286,0.281583,-0.00461568,,0.383029,-0.0124761,-0.0143292,-0.0033756,-0.00799128,0.00461978,-0.010808904655277729,-0.062014429830014706,99.2747,2.6,2.6,2.6,2.6,594.3599853515625,0.68595041,DH,/players/moises-ballesteros/28820/stats/batting,DH,1,1.0,AL,Moisés Ballesteros,694208,28820,28820
LAA,Angels,1,2,2,0,0,0,0,0,0,0,0,0,1,0,0,0,,0,0,0.214643,0.278573,0.390127,0.668699,0.293629,0.0664709,0.360302,0.184486,0.175483,5.86265,0.303828,0.00373437,,0.233249,-0.0430923,0.000842704,0.00713049,0.0108649,0.00461139,-0.025479004718363285,-0.01181161729618907,86.6095,-2.0,-2.0,-2.0,-2.0,999.0,0.0,OF,/players/jose-siri/17452/stats/batting,OF,1,1.0,AL,Jose Siri,642350,17452,17452
STL,Cardinals,1,4,4,1,1,0,0,0,1,1,0,0,1,0,0,0,,0,0,0.257606,0.316975,0.426295,0.74327,0.324396,0.0730327,0.254078,0.287442,0.168689,4.51791,0.31769,0.00235576,,0.512371,0.0262147,-0.0753711,0.000560677,0.00291644,0.00446619,0.030867128865793347,-0.12058710679411888,105.651,1.6,1.6,1.6,1.6,511.7200012207031,0.03030303,OF,/players/jordan-walker/27475/stats/batting,OF,28,28.0,NL,Jordan Walker,691023,27475,27475
CHW,White Sox,1,3,4,1,1,0,0,0,0,0,0,0,1,0,0,0,,0,0,0.240817,0.314477,0.380058,0.694535,0.307586,0.0881637,0.255268,0.345377,0.139241,4.88562,0.310523,-0.00417973,,0.418177,-0.0270404,-0.0211841,-0.00559125,-0.00977099,0.00445261,-0.027861465699970722,-0.06146185286343098,95.863,2.6,2.6,2.6,2.6,999.0,0.0,OF,/players/braden-montgomery/35423/stats/batting,OF,4,4.0,AL,Braden Montgomery,695731,35423,35423
PHI,Phillies,0,2,2,0,0,0,0,0,0,0,0,0,0,0,0,0,,0,0,0.299945,0.340469,0.389865,0.730334,0.321056,0.0520757,0.043262,1.20373,0.0899202,4.73774,0.305822,-5.03389e-05,,0.200518,0.00605538,-0.0118312,-0.000850866,-0.000901205,0.00444404,-0.0038135870127007365,-0.005967006087303162,98.528,-2.0,,-2.0,,280.04998779296875,0.09646302,1B/2B,/players/luis-arraez/18568/stats/batting,1B/2B,26,26.0,NL,Luis Arraez,650333,18568,18568
WSN,Nationals,1,2,2,0,0,0,0,0,0,0,0,0,1,0,0,0,,0,0,0.230673,0.3042,0.420734,0.724934,0.317192,0.087273,0.236065,0.369699,0.190061,2.21378,0.265618,-0.00296846,,0.262237,0.00124803,0.0306893,-0.00234154,-0.00530999,0.00442774,-0.012460753321647644,-0.015761349350214005,97.307,-2.0,-2.0,-2.0,-2.0,999.0,0.20869565,1B/DH,/players/andres-chaparro/21797/stats/batting,1B/DH,24,24.0,NL,Andrés Chaparro,665953,21797,21797
NYM,Mets,1,3,4,1,0,0,0,0,0,0,0,0,1,0,0,0,,0,0,0.221563,0.290421,0.351632,0.642053,0.285705,0.0779964,0.250412,0.311473,0.130069,4.5459,0.277189,0.0,,0.339598,-0.0902669,0.0,-0.000611705,-0.000611705,0.00440275,-0.08783720911014825,0.012962962500751019,80.0556,2.6,2.6,2.6,2.6,999.0,0.008,OF,/players/aj-ewing/33656/stats/batting,OF,25,25.0,NL,A.J. Ewing,805999,33656,33656
TBR,Rays,1,2,3,1,0,0,0,0,0,0,0,0,1,0,0,0,,0,0,0.221388,0.310511,0.326612,0.637123,0.289111,0.103104,0.195576,0.527183,0.105224,5.07117,0.264051,0.00314451,,0.249704,-0.0573423,-0.0123213,0.00530055,0.00844507,0.00439839,-0.04549793340265751,-0.003062017261981964,82.1128,3.6,3.6,3.6,3.6,999.0,0.03623188,2B/OF,/players/richie-palacios/24589/stats/batting,2B/OF,12,12.0,AL,Richie Palacios,680700,24589,24589
SFG,Giants,1,3,3,1,0,0,0,0,0,0,0,0,1,0,0,0,,0,0,0.221563,0.290421,0.351632,0.642053,0.285705,0.0779964,0.250412,0.311473,0.130069,4.5459,0.277189,0.0,,0.315341,-0.0838193,0.0,-0.000568011,-0.000568011,0.00437227,-0.07877316401572898,0.012037036940455437,80.7426,2.6,2.6,2.6,2.6,999.0,0.0,2B/OF,/players/jonah-cox/33270/stats/batting,2B/OF,30,30.0,NL,Jonah Cox,813841,33270,33270
ARI,Diamondbacks,1,3,3,1,0,0,0,0,0,0,0,0,1,0,0,0,,0,0,0.229212,0.293937,0.378472,0.672409,0.296554,0.0796966,0.247753,0.321677,0.14926,4.69393,0.281465,-0.000927077,,0.340459,-0.053584,0.0366769,0.00129233,0.000365257,0.00434054,-0.05988030892331153,-0.005761336535215378,84.9723,2.6,2.6,2.6,2.6,748.489990234375,0.02475248,1B/OF,/players/tim-tawa/29571/stats/batting,1B/OF,15,15.0,NL,Tim Tawa,694374,29571,29571
LAA,Angels,0,1,2,0,0,0,0,0,0,0,0,0,0,0,0,0,,0,0,0.211896,0.284418,0.286955,0.571374,0.261341,0.0659071,0.200571,0.328598,0.075059,3.66127,0.260849,-0.00169704,,0.11675,-0.0704025,0.0245455,-0.00132307,-0.00302011,0.0043255,-0.06885219132527709,0.05540972575545311,64.1859,-1.0,,-1.0,,999.0,0.00699301,C,/players/tyler-heineman/13897/stats/batting,C,1,1.0,AL,Tyler Heineman,623168,13897,13897
SEA,Mariners,0,1,1,0,0,0,0,0,0,0,0,0,0,0,0,0,,0,0,0.246479,0.31636,0.343079,0.659439,0.29594,0.089339,0.222289,0.401904,0.0966002,2.07076,0.312701,-0.00148661,,0.0804592,-0.0131168,0.00683026,-0.00121885,-0.00270545,0.00428789,-0.008106602123007178,0.02226235717535019,94.1233,-1.0,,-1.0,,999.0,0.0,C,/players/jhonny-pereda/19802/stats/batting,C,11,11.0,AL,Jhonny Pereda,640902,19802,19802
TBR,Rays,0,1,1,0,0,0,0,0,0,0,0,0,0,0,0,0,,0,0,0.222922,0.27183,0.362647,0.634478,0.279018,0.0610843,0.274525,0.222509,0.139725,7.52169,0.287276,0.00792566,,0.0990443,-0.0340091,0.00732466,0.0108225,0.0187481,0.00426976,-0.013787910342216492,0.01596663147211075,75.1028,-1.0,,-1.0,,999.0,0.11570248,SS,/players/jorge-mateo/17273/stats/batting,SS,12,12.0,AL,Jorge Mateo,622761,17273,17273
SEA,Mariners,1,2,3,0,0,0,0,0,0,0,0,0,1,0,0,0,,0,0,0.216184,0.295378,0.406159,0.701537,0.307027,0.096183,0.329914,0.29154,0.189975,2.93616,0.286472,-0.00216225,,0.277651,-0.0191602,-0.000229157,-0.00195497,-0.00411722,0.0041959,0.0011956975795328617,-0.04868594487197697,101.822,-2.0,-2.0,-2.0,-2.0,999.0,0.35294118,DH/OF,/players/lazaro-montes/30361/stats/batting,DH/OF,11,11.0,AL,Lazaro Montes,703155,30361,30361
SDP,Padres,0,1,1,0,0,0,0,0,0,0,0,0,0,0,0,0,,0,0,0.236099,0.291724,0.357199,0.648924,0.287638,0.0690409,0.196826,0.350771,0.1211,2.69009,0.275414,-0.000622444,,0.0676441,-0.0165743,0.019742,-0.00089756,-0.00152,0.00417253,-0.015783822862431407,0.033630876801908016,83.3529,-1.0,,-1.0,,735.3099975585938,0.02970297,C,/players/freddy-fermin/21840/stats/batting,C,29,29.0,NL,Freddy Fermin,666023,21840,21840
WSN,Nationals,0,2,2,0,0,0,0,0,0,0,0,0,0,0,0,0,,0,0,0.232783,0.317427,0.310401,0.627827,0.287086,0.0958675,0.148597,0.645149,0.077618,3.18928,0.270221,-0.00105682,,0.180006,-0.0451617,0.0291227,-0.00228319,-0.00334001,0.00415379,-0.05574777815490961,0.03467828454449773,77.1229,-2.0,,-2.0,,999.0,0.02702703,2B/3B,/players/jorbit-vivas/23917/stats/batting,2B/3B,24,24.0,NL,Jorbit Vivas,678391,23917,23917
LAA,Angels,0,2,2,0,0,0,0,0,0,0,0,0,1,0,0,0,,0,0,0.216457,0.281738,0.3382,0.619938,0.277537,0.0647117,0.271942,0.237961,0.121743,4.93995,0.278344,0.00369742,,0.169098,-0.061187,0.0104768,0.00478317,0.00848059,0.00414386,-0.0470826830714941,0.01896448154002428,75.434,-2.0,,-2.0,,999.0,0.02531646,2B/3B,/players/oswald-peraza/22823/stats/batting,2B/3B,1,1.0,AL,Oswald Peraza,672724,22823,22823
CHC,Cubs,1,2,2,0,0,0,0,0,0,0,0,0,0,0,0,0,,0,0,0.22503,0.30236,0.359911,0.662271,0.296161,0.0793706,0.228363,0.347564,0.13488,2.72632,0.272701,-0.00466635,,0.206286,-0.0332099,-0.0228299,-0.00217701,-0.00684336,0.00411069,-0.038248682394623756,0.012818224728107452,87.1111,-2.0,-2.0,-2.0,-2.0,745.969970703125,0.10185185,C,/players/miguel-amaya/21693/stats/batting,C,17,17.0,NL,Miguel Amaya,665804,21693,21693
PIT,Pirates,1,3,3,1,0,0,0,0,0,0,0,0,1,0,0,0,,0,0,0.255307,0.343803,0.396446,0.740248,0.328948,0.10945,0.172534,0.634368,0.141138,2.06236,0.290041,-0.0075428,,0.410868,0.0321773,-0.00927102,-0.004852,-0.0123948,0.004107,0.003270009532570839,-0.06698707211762667,104.066,2.6,2.6,2.6,2.6,738.1500244140625,0.01877934,1B,/players/spencer-horwitz/26477/stats/batting,1B,27,27.0,NL,Spencer Horwitz,687462,26477,26477
ATH,Athletics,1,3,3,1,1,0,0,0,0,0,0,0,1,0,0,0,,0,0,0.24511,0.294992,0.348214,0.643206,0.286187,0.0536758,0.208844,0.257014,0.103103,2.8987,0.302156,-0.004684,,0.316652,-0.0825084,0.00122793,-0.00390861,-0.00859261,0.00407317,-0.11662457976490259,0.03733904252294451,72.444,2.6,2.6,2.6,2.6,999.0,0.0,SS,/players/alika-williams/27604/stats/batting,SS,10,10.0,AL,Alika Williams,675961,27604,27604
STL,Cardinals,1,2,3,1,0,0,0,0,0,0,0,0,1,0,0,0,,0,0,0.252337,0.299598,0.354561,0.654159,0.29026,0.0593439,0.258869,0.229243,0.102224,3.2966,0.333097,-0.000498538,,0.252109,-0.054937,-0.00154224,-0.0025017,-0.00300024,0.00399685,-0.056840874487534165,0.011729362420737743,82.7648,3.6,3.6,3.6,3.6,999.0,0.02013423,2B/SS,/players/thomas-saggese/27883/stats/batting,2B/SS,28,28.0,NL,Thomas Saggese,695336,27883,27883
LAA,Angels,1,3,3,1,0,0,0,0,0,0,0,0,1,0,0,0,,0,0,0.220146,0.296213,0.363383,0.659597,0.293223,0.0935932,0.30325,0.308634,0.143237,5.78947,0.30275,-0.000608883,,0.284147,-0.053604,-0.0265931,0.00122447,0.000615586,0.0039883,-0.04474035243038088,-0.017025189474225044,86.3275,2.6,2.6,2.6,2.6,748.3499755859375,0.04395604,2B,/players/christian-moore/34979/stats/batting,2B,1,1.0,AL,Christian Moore,695681,34979,34979
MIA,Marlins,1,3,3,1,0,0,0,0,0,0,0,0,1,0,0,0,,0,0,0.231725,0.31508,0.409661,0.724741,0.319214,0.0988601,0.272487,0.362807,0.177936,3.78917,0.289134,-0.0029292,,0.416999,0.00760416,-0.0154936,-0.00185431,-0.0047835,0.00395568,-0.00753034302033484,-0.06611084565520287,99.3405,2.6,2.6,2.6,2.6,999.0,0.17674419,OF,/players/heriberto-hernandez/24878/stats/batting,OF,20,20.0,NL,Heriberto Hernández,681715,24878,24878
KCR,Royals,0,1,2,0,0,0,0,0,0,0,0,0,0,0,0,0,,0,0,0.237517,0.318971,0.353406,0.672377,0.302313,0.0942414,0.160917,0.585654,0.11589,3.92217,0.271003,-0.000715733,,0.16179,-0.0173204,0.0179648,-0.000244389,-0.000960122,0.00386336,-0.020735212659928948,0.005156204104423523,88.7589,-1.0,,-1.0,,999.0,0.0097561,2B/3B,/players/nick-loftin/27630/stats/batting,2B/3B,7,7.0,AL,Nick Loftin,679845,27630,27630
CLE,Guardians,0,1,1,0,0,0,0,0,0,0,0,0,0,0,0,0,,0,0,0.221504,0.296311,0.362625,0.658936,0.293267,0.0943538,0.265072,0.355956,0.141121,4.51032,0.281424,-0.000656485,,0.124897,-0.0235087,0.0135658,0.00232008,0.0016636,0.00384962,-0.018713995115831494,0.012176954885944724,86.0198,-1.0,,-1.0,,999.0,0.00796813,2B/OF,/players/daniel-schneemann/25180/stats/batting,2B/OF,5,5.0,AL,Daniel Schneemann,682177,25180,25180
CHW,White Sox,0,0,0,0,0,0,0,0,0,0,0,0,0,0,0,0,,0,0,0.242643,0.281218,0.347847,0.629065,0.277398,0.0469715,0.229171,0.204963,0.105204,3.23327,0.302945,-4.03765e-05,,0.0112586,-0.00409372,0.0363669,-8.85787e-05,-0.000128955,0.00384911,-0.003914055705536157,0.03713849978521466,74.8976,0.0,,0.0,,999.0,0.0,OF,/players/tanner-murray/28848/stats/batting,OF,4,4.0,AL,Tanner Murray,695020,28848,28848
BAL,Orioles,0,2,2,0,0,0,0,0,0,0,0,0,0,0,0,0,,0,0,0.221563,0.290421,0.351632,0.642053,0.285705,0.0779964,0.250412,0.311473,0.130069,4.5459,0.277189,0.0,,0.181927,-0.0483573,0.0,-0.000327699,-0.000327699,0.00378156,-0.039856444753240794,0.008179012686014175,82.5233,-2.0,,-2.0,,999.0,0.0,SS,/players/jose-barrero/23378/stats/batting,SS,2,2.0,AL,José Barrero,676480,23378,23378
NYY,Yankees,0,1,2,0,0,0,0,0,0,0,0,0,0,0,0,0,,0,0,0.249862,0.311834,0.403826,0.71566,0.313965,0.080479,0.222142,0.362286,0.153964,3.12684,0.295518,-0.00301029,,0.176025,-0.00308581,0.0171012,-0.00145859,-0.00446888,0.00373959,-0.0044207635983184446,-0.012374121695756912,100.027,-1.0,,-1.0,,748.3599853515625,0.07264957,1B,/players/paul-goldschmidt/9218/stats/batting,1B,9,9.0,AL,Paul Goldschmidt,502671,9218,9218
MIN,Twins,1,4,4,1,1,0,0,0,0,0,0,0,1,0,0,0,,0,0,0.240195,0.292722,0.380936,0.673659,0.296318,0.0631464,0.168686,0.374343,0.140741,3.42993,0.263617,-0.00517727,,0.397196,-0.0633731,-0.0501122,-0.00327988,-0.00845715,0.00370496,-0.06565059721469879,-0.03560598939657211,87.3566,1.6,1.6,1.6,1.6,542.5700073242188,0.0031746,3B/SS,/players/brooks-lee/31595/stats/batting,3B/SS,8,8.0,AL,Brooks Lee,686797,31595,31595
CHC,Cubs,0,1,1,0,0,0,0,0,0,0,0,0,0,0,0,0,,0,0,0.236656,0.298075,0.39506,0.693135,0.304935,0.0564851,0.218551,0.258452,0.158404,5.78317,0.280667,0.00135252,,0.108424,-0.00927745,0.0169085,0.00272586,0.00407838,0.00367923,-0.004312208388000727,0.008112196810543537,92.9932,-1.0,,-1.0,,999.0,0.02941176,OF,/players/tyrone-taylor/13675/stats/batting,OF,17,17.0,NL,Tyrone Taylor,621438,13675,13675
DET,Tigers,0,1,2,0,0,0,0,0,0,0,0,0,0,0,0,0,,0,0,0.229017,0.307879,0.35494,0.662819,0.296111,0.0895767,0.20139,0.444792,0.125923,6.24923,0.276972,0.0020733,,0.163025,-0.0263205,0.0182123,0.000770794,0.0028441,0.00366303,-0.021688675275072455,0.0010826867073774338,86.8082,-1.0,,-1.0,,510.30999755859375,0.00884956,3B/OF,/players/zach-mckinstry/19392/stats/batting,3B/OF,6,6.0,AL,Zach McKinstry,656716,19392,19392
CLE,Guardians,0,1,1,0,0,0,0,0,0,0,0,0,0,0,0,0,,0,0,0.209944,0.279524,0.328619,0.608143,0.272634,0.0826667,0.233297,0.354341,0.118674,2.67002,0.254555,-0.00231369,,0.111491,-0.047588,0.0101061,-0.00164935,-0.00396304,0.0036331,-0.04819481447339058,0.036340669728815556,71.6905,-1.0,,-1.0,,999.0,0.0,C,/players/austin-hedges/12976/stats/batting,C,5,5.0,AL,Austin Hedges,595978,12976,12976
KCR,Royals,0,0,0,0,0,0,0,0,0,0,0,0,0,0,0,0,,0,0,0.208736,0.273429,0.306335,0.579764,0.261568,0.0735194,0.287179,0.256005,0.0975987,4.01173,0.28512,-0.000211611,,0.0146299,-0.00876412,0.0340489,-1.53267e-05,-0.000226938,0.00362254,-0.009311669491580687,0.03790688747540116,60.4616,0.0,,0.0,,999.0,0.0,C,/players/luke-maile/13355/stats/batting,C,7,7.0,AL,Luke Maile,571912,13355,13355
COL,Rockies,1,3,3,1,0,0,0,0,0,1,0,0,1,0,0,0,,0,0,0.248747,0.306507,0.480704,0.787211,0.338247,0.0688815,0.278987,0.246898,0.231956,3.95104,0.293931,-0.00542669,,0.451681,0.0583692,-0.0912574,-0.00185441,-0.0072811,0.00360263,-0.003963259514421225,-0.06872656755149364,100.829,2.6,2.6,2.6,2.6,67.36000061035156,0.27857143,C,/players/hunter-goodman/29715/stats/batting,C,19,19.0,NL,Hunter Goodman,696100,29715,29715
BOS,Red Sox,0,2,2,0,0,0,0,0,0,0,0,0,0,0,0,0,,0,0,0.239091,0.308405,0.372491,0.680895,0.302843,0.0843354,0.218684,0.38565,0.1334,4.21163,0.289338,-0.000708798,,0.199565,-0.0204848,-0.0102673,-0.000590651,-0.00129945,0.0035714,-0.02396505605429411,-0.006717911222949624,89.5128,-2.0,,-2.0,,999.0,0.06857143,2B/3B/SS,/players/andruw-monasterio/19455/stats/batting,2B/3B/SS,3,3.0,AL,Andruw Monasterio,655316,19455,19455
ATL,Braves,1,3,3,1,0,0,0,0,0,0,0,0,1,0,0,0,,0,0,0.226521,0.312033,0.343478,0.655511,0.2951,0.106739,0.192953,0.553185,0.116957,4.93056,0.26474,0.0033784,,0.288471,-0.04928,-0.0437443,0.00619568,0.00957408,0.00351022,-0.04452357720583677,-0.013805994763970375,84.2568,2.6,2.6,2.6,2.6,748.3800048828125,0.0,SS,/players/ha-seong-kim/27506/stats/batting,SS,16,16.0,NL,Ha-Seong Kim,673490,27506,27506
MIN,Twins,0,0,0,0,0,0,0,0,0,0,0,0,0,0,0,0,,0,0,0.207861,0.257269,0.295936,0.553205,0.247677,0.0592333,0.29746,0.19913,0.0880753,3.5205,0.284342,-0.000145358,,0.0081463,-0.00720601,0.0362881,-0.000170908,-0.000316266,0.00349476,-0.007316291623283178,0.0370596875436604,53.5766,0.0,,0.0,,999.0,0.0,3B/SS,/players/tristan-gray/19877/stats/batting,3B/SS,8,8.0,AL,Tristan Gray,656484,19877,19877
TOR,Blue Jays,1,2,3,1,0,0,0,0,0,0,0,0,0,0,0,0,,0,0,0.239521,0.300357,0.329238,0.629595,0.282189,0.0775014,0.168923,0.458796,0.0897167,5.77005,0.282746,0.00694367,,0.227366,-0.0694453,0.00866499,0.0105047,0.0174484,0.00348441,-0.04555216245353222,-0.008927607908844948,78.389,3.6,3.6,3.6,3.6,999.0,0.00655738,OF,/players/myles-straw/17620/stats/batting,OF,14,14.0,AL,Myles Straw,664702,17620,17620
MIN,Twins,1,3,3,1,0,0,0,0,0,0,0,0,1,0,0,0,,0,0,0.244765,0.320481,0.407743,0.728223,0.320781,0.0919543,0.189814,0.484443,0.162978,1.94936,0.271906,-0.011458,,0.416108,0.0118299,-0.00465093,-0.0054887,-0.0169467,0.00342182,0.00030751898884773254,-0.0875212955288589,104.345,2.6,2.6,2.6,2.6,636.3300170898438,0.81003584,1B/DH,/players/josh-bell/13145/stats/batting,1B/DH,8,8.0,AL,Josh Bell,605137,13145,13145
SFG,Giants,1,2,3,1,0,0,0,0,0,0,0,0,1,0,0,0,,0,0,0.226358,0.303296,0.345226,0.648522,0.290762,0.0846855,0.194385,0.435659,0.118868,3.7969,0.265606,-0.00218415,,0.270038,-0.0574783,-0.00120443,-0.00186821,-0.00405236,0.00337005,-0.056924241594970226,3.013969399034977e-05,84.1327,3.6,3.6,3.6,3.6,999.0,0.0,OF,/players/drew-gilbert/31545/stats/batting,OF,30,30.0,NL,Drew Gilbert,687551,31545,31545
BAL,Orioles,0,2,2,0,0,0,0,0,0,0,0,0,0,0,0,0,,0,0,0.221152,0.281134,0.341255,0.622389,0.276945,0.0757807,0.23297,0.325281,0.120102,5.44204,0.271961,0.00358525,,0.156956,-0.0579763,0.0214502,0.00617114,0.00975639,0.00330187,-0.039979953318834305,0.00817862432450056,76.4396,-2.0,,-2.0,,999.0,0.0,OF,/players/leody-taveras/18900/stats/batting,OF,2,2.0,AL,Leody Taveras,665750,18900,18900
PIT,Pirates,0,1,1,0,0,0,0,0,0,0,0,0,0,0,0,0,,0,0,0.245236,0.320097,0.336496,0.656593,0.296458,0.0949716,0.214695,0.442356,0.0912599,4.79698,0.308086,0.00112907,,0.132545,-0.0209778,0.00962801,0.00218319,0.00331226,0.00329753,-0.024359851144254208,0.014566278085112572,82.2835,-1.0,,-1.0,,735.5399780273438,0.00790514,3B/SS,/players/jared-triolo/25807/stats/batting,3B/SS,27,27.0,NL,Jared Triolo,669707,25807,25807
ARI,Diamondbacks,0,1,1,0,0,0,0,0,0,0,0,0,0,0,0,0,,0,0,0.244529,0.289961,0.407245,0.697205,0.304321,0.0552202,0.247597,0.223024,0.162715,2.71436,0.295444,-0.00326943,,0.150164,-0.0135937,-0.0192584,-0.00134243,-0.00461186,0.00323441,-0.02097401302307844,0.00774778425693512,90.1792,-1.0,,-1.0,,999.0,0.0,C,/players/james-mccann/12859/stats/batting,C,15,15.0,NL,James McCann,543510,12859,12859
SDP,Padres,1,3,4,1,1,0,0,0,0,0,0,0,1,0,0,0,,0,0,0.231866,0.327178,0.35369,0.680868,0.307564,0.103743,0.203369,0.510122,0.121824,3.7225,0.278544,-0.00274817,,0.42772,-0.027732,-0.080093,-0.00261254,-0.00536072,0.00322886,-0.020597771741449833,-0.07283992459997535,96.7117,2.6,2.6,2.6,2.6,738.2999877929688,0.015625,1B/2B,/players/jake-cronenworth/18036/stats/batting,1B/2B,29,29.0,NL,Jake Cronenworth,630105,18036,18036
STL,Cardinals,0,1,1,0,0,0,0,0,0,0,0,0,0,0,0,0,,0,0,0.222385,0.293013,0.298739,0.591752,0.269257,0.0787506,0.228032,0.345349,0.0763547,6.27477,0.287657,0.00713837,,0.100592,-0.0478136,0.0185753,0.00979778,0.0169362,0.00322003,-0.03034748136997223,0.021198762115091085,68.6837,-1.0,,-1.0,,391.1300048828125,0.00444444,OF,/players/victor-scott-ii/31349/stats/batting,OF,28,28.0,NL,Victor Scott II,687363,31349,31349
DET,Tigers,0,2,2,0,0,0,0,0,0,0,0,0,0,0,0,0,,0,0,0.235561,0.27505,0.349355,0.624405,0.275745,0.0383395,0.229334,0.167178,0.113794,4.7936,0.289763,0.00128823,,0.166282,-0.0640024,0.0216724,0.00116732,0.00245555,0.00321561,-0.05937257991172373,0.022135379258543253,72.6642,-2.0,,-2.0,,740.6500244140625,0.0,SS,/players/javier-baez/12979/stats/batting,SS,6,6.0,AL,Javier Báez,595879,12979,12979
WSN,Nationals,1,2,2,1,0,0,0,0,0,0,0,0,0,0,0,0,,0,0,0.246973,0.290084,0.368633,0.658717,0.290118,0.0504277,0.116139,0.434202,0.12166,2.1858,0.260091,-0.00716147,,0.234066,-0.0513413,-0.022919,-0.00364913,-0.0108106,0.0031802,-0.07133646961301565,0.02414887771010399,79.1557,3.6,3.6,3.6,3.6,720.3499755859375,0.0,C,/players/keibert-ruiz/19610/stats/batting,C,24,24.0,NL,Keibert Ruiz,660688,19610,19610
STL,Cardinals,0,2,2,0,0,0,0,0,0,0,0,0,1,0,0,0,,0,0,0.204175,0.287435,0.371695,0.65913,0.291515,0.102982,0.328095,0.313877,0.16752,2.30519,0.273388,-0.00575848,,0.20379,-0.0418467,0.0180335,-0.00214056,-0.00789903,0.00316679,-0.04886865243315697,0.012477945070713758,83.6062,-2.0,,-2.0,,653.1400146484375,0.19587629,2B/3B,/players/nolan-gorman/22263/stats/batting,2B/3B,28,28.0,NL,Nolan Gorman,669357,22263,22263
TEX,Rangers,0,2,2,0,0,0,0,0,0,0,0,0,0,0,0,0,,0,0,0.201965,0.298975,0.363677,0.662652,0.297244,0.101047,0.244156,0.413864,0.161712,2.4521,0.23679,-0.00362946,,0.186969,-0.0282555,-0.0432431,-0.0022611,-0.00589056,0.00309283,-0.026193068828433752,-0.007749248296022415,90.3956,-2.0,,-2.0,,999.0,0.03797468,C,/players/danny-jansen/16535/stats/batting,C,13,13.0,AL,Danny Jansen,643376,16535,16535
TEX,Rangers,1,2,2,1,0,0,0,0,0,0,0,0,0,0,0,0,,0,0,0.236069,0.28244,0.360671,0.643112,0.283411,0.0585276,0.162798,0.359511,0.124602,3.58619,0.262886,-0.00174554,,0.210026,-0.061198,-0.00120196,-0.00137796,-0.00312349,0.0029947,-0.05429928796365857,0.0026560641126707196,80.7891,3.6,3.6,3.6,3.6,999.0,0.04819277,2B/3B,/players/cody-freeman/25629/stats/batting,2B/3B,13,13.0,AL,Cody Freeman,683227,25629,25629
SDP,Padres,0,1,1,0,0,0,0,0,0,0,0,0,0,0,0,0,,0,0,0.229859,0.295054,0.345772,0.640826,0.285341,0.0837592,0.182113,0.459929,0.115913,4.812,0.264807,0.00271158,,0.124934,-0.0337066,0.00230924,0.00378543,0.00649701,0.00298999,-0.022857476957142353,0.008636395912617445,81.8126,-1.0,,-1.0,,999.0,0.01408451,2B/SS,/players/sung-mun-song/37122/stats/batting,2B/SS,29,29.0,NL,Sung-Mun Song,823550,37122,37122
COL,Rockies,1,3,4,1,1,0,0,0,0,0,0,0,1,0,0,0,,0,0,0.25864,0.33841,0.390641,0.729051,0.324886,0.0962426,0.172084,0.559277,0.132001,2.40286,0.297267,-0.0111227,,0.470713,0.0254961,0.0283019,-0.00529293,-0.0164156,0.00286249,-0.05323601886630058,-0.04098822362720966,91.8712,2.6,2.6,2.6,2.6,999.0,0.07333333,1B,/players/tj-rumfield/29805/stats/batting,1B,19,19.0,NL,TJ Rumfield,681198,29805,29805
CLE,Guardians,0,0,0,0,0,0,0,0,0,0,0,0,0,0,0,0,,0,0,0.218731,0.300267,0.296114,0.596381,0.272979,0.101746,0.259496,0.392091,0.0773824,5.10489,0.293115,0.000413295,,0.0251902,-0.0106319,0.027016,-6.84001e-05,0.000344895,0.00285397,-0.009531181975034997,0.026861637015827,71.9298,0.0,,0.0,,999.0,0.01886792,OF,/players/blake-perkins/19921/stats/batting,OF,5,5.0,AL,Blake Perkins,663368,19921,19921
BAL,Orioles,0,1,1,0,0,0,0,0,0,0,0,0,0,0,0,0,,0,0,0.239184,0.31156,0.369102,0.680662,0.304115,0.0916629,0.368524,0.24873,0.129918,4.12144,0.370473,0.0,,0.140563,-0.0129598,0.0,0.00142079,0.00142079,0.0027443,-0.005653359112329781,-0.013271604664623737,95.3085,-1.0,,-1.0,,999.0,0.02564103,OF,/players/rece-hinds/27493/stats/batting,OF,2,2.0,AL,Rece Hinds,677956,27493,27493
ATH,Athletics,1,3,3,1,1,0,0,0,0,0,0,0,0,0,0,0,,0,0,0.256689,0.31934,0.383788,0.703129,0.310275,0.0710701,0.121929,0.58288,0.127099,3.46676,0.272434,-0.00717444,,0.377337,-0.0167053,-0.00476032,-0.00101903,-0.00819346,0.00271272,-0.05009508226066828,-0.041025747545063496,89.1732,2.6,2.6,2.6,2.6,440.5199890136719,0.04745763,2B/OF,/players/jeff-mcneil/15362/stats/batting,2B/OF,10,10.0,AL,Jeff McNeil,643446,15362,15362
CHW,White Sox,0,1,1,0,0,0,0,0,0,0,0,0,0,0,0,0,,0,0,0.247648,0.292816,0.326186,0.619001,0.276484,0.0573573,0.186764,0.307111,0.0785376,6.06724,0.299421,0.00462082,,0.111629,-0.0418945,-0.000259752,0.00440865,0.00902947,0.00271263,-0.029778809286653996,0.010542716860072687,74.2628,-1.0,,-1.0,,395.510009765625,0.02,2B/SS,/players/luisangel-acuna/26548/stats/batting,2B/SS,4,4.0,AL,Luisangel Acuña,682668,26548,26548
CIN,Reds,0,2,2,0,0,0,0,0,0,0,0,0,0,0,0,0,,0,0,0.226036,0.268708,0.351094,0.619802,0.273016,0.0531105,0.173412,0.306267,0.125059,2.19802,0.250901,-0.00312365,,0.151401,-0.0638236,0.00760647,-0.00192326,-0.00504691,0.00268538,-0.07586303912103176,0.0431003007106483,67.6592,-2.0,,-2.0,,999.0,0.00680272,C,/players/jose-trevino/16725/stats/batting,C,18,18.0,NL,Jose Trevino,624431,16725,16725
MIA,Marlins,1,3,4,1,0,0,0,0,0,0,0,0,1,0,0,0,,0,0,0.224121,0.308126,0.391658,0.699784,0.310271,0.0973768,0.305316,0.318938,0.167537,3.23119,0.296387,-0.00392281,,0.406729,-0.0180185,0.000234028,-0.00218312,-0.00610593,0.00268534,-0.034863635897636414,-0.0554758480284363,93.3452,2.6,2.6,2.6,2.6,999.0,0.1557377,OF,/players/griffin-conine/21626/stats/batting,OF,20,20.0,NL,Griffin Conine,665052,21626,21626
LAA,Angels,0,1,2,0,0,0,0,0,0,0,0,0,0,0,0,0,,0,0,0.210761,0.278318,0.353219,0.631538,0.281213,0.0681006,0.285661,0.238396,0.142458,2.06337,0.26996,-0.00344454,,0.135012,-0.0427822,-0.0124449,-0.00192067,-0.00536521,0.00266791,-0.04380560899153352,0.01687607914209366,77.9869,-1.0,,-1.0,,999.0,0.04444444,C,/players/travis-darnaud/7739/stats/batting,C,1,1.0,AL,Travis d'Arnaud,518595,7739,7739
TEX,Rangers,1,2,2,0,0,0,0,0,0,0,0,0,0,0,0,0,,0,0,0.245014,0.313779,0.33742,0.651199,0.292139,0.0844267,0.19042,0.443371,0.0924062,4.6798,0.299609,0.000340112,,0.217637,-0.0433519,0.0245043,0.000427206,0.000767318,0.00266731,-0.0329405611846596,-0.01885986328125,86.8502,-2.0,-2.0,-2.0,-2.0,999.0,0.08333333,OF,/players/alejandro-osuna/27915/stats/batting,OF,13,13.0,AL,Alejandro Osuna,696030,27915,27915
CHW,White Sox,0,1,1,0,0,0,0,0,0,0,0,0,0,0,0,0,,0,0,0.249151,0.295558,0.436034,0.731592,0.316829,0.0578906,0.210718,0.274731,0.186883,2.44132,0.282008,-0.000689672,,0.159007,0.000366026,-0.000244278,-0.00153107,-0.00222074,0.00265961,0.0013343452010303736,-0.022620820731390268,102.282,-1.0,,-1.0,,999.0,0.44230769,OF,/players/randal-grichuk/10243/stats/batting,OF,4,4.0,AL,Randal Grichuk,545341,10243,10243
CLE,Guardians,1,2,2,1,0,0,0,0,0,0,0,0,1,0,0,0,,0,0,0.24951,0.329393,0.391138,0.72053,0.319767,0.104732,0.240822,0.434895,0.141628,1.90531,0.310354,-0.00601617,,0.292981,0.00640488,-0.0175648,-0.00353715,-0.00955332,0.00263872,0.002897782251238823,-0.062626538798213,104.424,3.6,3.6,3.6,3.6,999.0,0.19548872,1B,/players/nathaniel-lowe/19566/stats/batting,1B,5,5.0,AL,Nathaniel Lowe,663993,19566,19566
ATH,Athletics,1,3,3,1,0,0,0,0,0,0,0,0,1,0,0,0,,0,0,0.240314,0.302476,0.400102,0.702578,0.308613,0.0791959,0.203286,0.389579,0.159788,2.50558,0.274751,-0.00437103,,0.314759,-0.0178741,0.00789627,-0.00279901,-0.00717003,0.00245486,-0.046313812024891376,-0.02898644655942917,88.0186,2.6,2.6,2.6,2.6,999.0,0.175,OF,/players/carlos-cortes/21842/stats/batting,OF,10,10.0,AL,Carlos Cortes,666126,21842,21842
SDP,Padres,0,1,1,0,0,0,0,0,0,0,0,0,0,0,0,0,,0,0,0.248795,0.29997,0.409569,0.709539,0.309501,0.0639921,0.248377,0.257641,0.160773,3.59149,0.303497,-0.000849429,,0.146204,-0.00731955,0.00908312,-0.000783079,-0.00163251,0.00244303,-0.004740289994515479,-0.013447738252580166,98.0103,-1.0,,-1.0,,572.469970703125,0.39849624,OF,/players/austin-hays/19363/stats/batting,OF,29,29.0,NL,Austin Hays,669720,19363,19363
SFG,Giants,0,1,1,0,0,0,0,0,0,0,0,0,0,0,0,0,,0,0,0.224527,0.300718,0.345606,0.646324,0.290086,0.074293,0.195629,0.379764,0.121078,2.55423,0.260806,-0.00226638,,0.130428,-0.0286517,-0.0161116,-0.00172288,-0.00398925,0.00238544,-0.030403539538383484,0.010122962296009064,83.6794,-1.0,,-1.0,,999.0,0.01666667,C,/players/andrew-knizner/19514/stats/batting,C,30,30.0,NL,Andrew Knizner,668800,19514,19514
MIA,Marlins,0,0,0,0,0,0,0,0,0,0,0,0,0,0,0,0,,0,0,0.20464,0.249429,0.276954,0.526383,0.236531,0.0538883,0.255363,0.211026,0.072314,3.15414,0.263544,-0.000238347,,0.0170155,-0.0204149,0.0284996,-0.000421387,-0.000659734,0.00233486,-0.02202096948167309,0.03467240883037448,43.9065,0.0,,0.0,,999.0,0.0,C,/players/brian-navarreto/16398/stats/batting,C,20,20.0,NL,Brian Navarreto,640459,16398,16398
TEX,Rangers,1,2,2,0,0,0,0,0,0,0,0,0,1,0,0,0,,0,0,0.216358,0.267329,0.348668,0.615997,0.271649,0.0607417,0.243564,0.249387,0.13231,1.86771,0.264046,-0.00632112,,0.203591,-0.0897113,0.00930457,-0.00259995,-0.00892107,0.00233169,-0.08779424801468849,0.023039132356643677,72.6205,-2.0,-2.0,-2.0,-2.0,999.0,0.04761905,C,/players/elias-diaz/11680/stats/batting,C,13,13.0,AL,Elias Díaz,553869,11680,11680
MIN,Twins,0,1,2,0,0,0,0,0,0,0,0,0,0,0,0,0,,0,0,0.239182,0.317527,0.366172,0.683699,0.305243,0.0835565,0.18727,0.446181,0.126989,2.03881,0.271615,-0.00560737,,0.183863,-0.015278,-0.0382169,-0.00216562,-0.00777299,0.0023246,-0.02037903806194663,-0.01630329340696335,93.5549,-1.0,,-1.0,,681.02001953125,0.16243655,C,/players/victor-caratini/14968/stats/batting,C,8,8.0,AL,Victor Caratini,605170,14968,14968
NYY,Yankees,0,1,1,0,0,0,0,0,0,0,0,0,0,0,0,0,,0,0,0.258045,0.298642,0.398706,0.697349,0.305471,0.0521087,0.196443,0.265261,0.140661,4.43313,0.298406,0.00235968,,0.151449,-0.0123087,-0.0238026,-0.00100761,0.00135208,0.00223821,-0.008091343333944678,-0.018864371813833714,94.1286,-1.0,,-1.0,,999.0,0.05839416,SS,/players/amed-rosario/15518/stats/batting,SS,9,9.0,AL,Amed Rosario,642708,15518,15518
MIN,Twins,0,0,0,0,0,0,0,0,0,0,0,0,0,0,0,0,,0,0,0.204282,0.254698,0.330088,0.584786,0.259169,0.0542864,0.330316,0.164347,0.125806,3.82228,0.284611,-3.22678e-05,,0.00284943,-0.00182937,0.0216529,-4.21616e-05,-7.44294e-05,0.00223762,-0.0018410209304420277,0.022424521390348673,61.5574,0.0,,0.0,,999.0,0.04477612,C,/players/alex-jackson/17276/stats/batting,C,8,8.0,AL,Alex Jackson,656577,17276,17276
ARI,Diamondbacks,0,1,1,0,0,0,0,0,0,0,0,0,0,0,0,0,,0,0,0.237683,0.305447,0.322297,0.627744,0.28372,0.0857191,0.225693,0.379804,0.0846136,4.80313,0.301198,5.89801e-05,,0.0516562,-0.0148705,0.0231,-0.000394343,-0.000335363,0.00212588,-0.01633055816637352,0.01893335534259677,76.3678,-1.0,,-1.0,,999.0,0.04,OF,/players/tommy-troy/33279/stats/batting,OF,15,15.0,NL,Tommy Troy,694371,33279,33279
NYY,Yankees,0,1,1,0,0,0,0,0,0,0,0,0,0,0,0,0,,0,0,0.217021,0.266111,0.304861,0.570972,0.255688,0.059534,0.24566,0.242344,0.0878401,2.43618,0.278439,-0.00126513,,0.0575052,-0.0407496,0.0166257,-0.0010158,-0.00228093,0.00212588,-0.041311325738206506,0.03282945044338703,59.5554,-1.0,,-1.0,,999.0,0.0,C,/players/ali-sanchez/18551/stats/batting,C,9,9.0,AL,Ali Sánchez,645305,18551,18551
ATH,Athletics,0,1,1,0,0,0,0,0,0,0,0,0,0,0,0,0,,0,0,0.260366,0.334177,0.328812,0.662989,0.301158,0.0915798,0.130663,0.700884,0.068446,2.47376,0.299323,-0.00159005,,0.109973,-0.0128453,0.0129215,-0.00200788,-0.00359792,0.00210742,-0.024296595016494393,0.008291876874864101,82.8411,-1.0,,-1.0,,999.0,0.04,2B,/players/michael-stefanic/25353/stats/batting,2B,10,10.0,AL,Michael Stefanic,683021,25353,25353
BAL,Orioles,0,1,1,0,0,0,0,0,0,0,0,0,0,0,0,0,,0,0,0.239545,0.31111,0.356903,0.668013,0.299048,0.0754891,0.282747,0.266985,0.117358,4.48825,0.3261,0.000323346,,0.0811544,-0.0109595,-0.00260033,-0.000671918,-0.000348572,0.00209173,-0.007776668149745092,0.0007947278209030628,91.7896,-1.0,,-1.0,,745.9099731445312,0.00534759,3B,/players/blaze-alexander/23789/stats/batting,3B,2,2.0,AL,Blaze Alexander,677942,23789,23789
CLE,Guardians,1,3,4,1,1,0,0,0,0,1,0,0,1,0,0,0,,0,0,0.241181,0.29815,0.436156,0.734306,0.318617,0.0586529,0.253372,0.231489,0.194975,3.94653,0.282629,-0.00303881,,0.456867,0.00653205,-0.0861679,-0.000208563,-0.00324738,0.00208388,0.012785880360752344,-0.12690866738557816,103.625,2.6,2.6,2.6,2.6,120.33000183105469,0.06079027,OF,/players/jo-adell/20220/stats/batting,OF,5,5.0,AL,Jo Adell,666176,20220,20220
WSN,Nationals,1,3,3,1,0,0,0,0,0,0,0,0,1,0,0,0,,0,0,0.245016,0.291157,0.383659,0.674816,0.29633,0.0525877,0.272428,0.193034,0.138643,3.57846,0.315474,-0.00296892,,0.308959,-0.0492619,-0.0232321,-0.00202829,-0.00499721,0.00205846,-0.06578683573752642,-0.012429607100784779,83.3203,2.6,2.6,2.6,2.6,710.1199951171875,0.06626506,3B,/players/brady-house/29993/stats/batting,3B,24,24.0,NL,Brady House,691781,29993,29993
TBR,Rays,0,1,1,0,0,0,0,0,0,0,0,0,0,0,0,0,,0,0,0.230016,0.285392,0.345579,0.630971,0.281137,0.0502499,0.168469,0.298274,0.115563,2.85514,0.258119,-0.0012758,,0.127819,-0.0406179,-0.0166806,-0.00138618,-0.00266198,0.0020383,-0.041415098356083035,0.011097196489572525,76.5749,-1.0,,-1.0,,999.0,0.02487562,C,/players/nick-fortes/21538/stats/batting,C,12,12.0,AL,Nick Fortes,663743,21538,21538
PHI,Phillies,0,0,0,0,0,0,0,0,0,0,0,0,0,0,0,0,,0,0,0.207302,0.281043,0.28347,0.564514,0.257722,0.0853736,0.208709,0.409056,0.0761688,3.82988,0.256803,2.48799e-05,,0.011213,-0.00750217,0.02,-0.000144023,-0.000119143,0.00200991,-0.008484370380756445,0.023086419329047203,56.0667,0.0,,0.0,,999.0,0.1627907,C,/players/garrett-stubbs/18067/stats/batting,C,26,26.0,NL,Garrett Stubbs,596117,18067,18067
SEA,Mariners,0,2,2,0,0,0,0,0,0,0,0,0,0,0,0,0,,0,0,0.221563,0.290421,0.351632,0.642053,0.285705,0.0779964,0.250412,0.311473,0.130069,4.5459,0.277189,0.0,,0.15767,-0.0419096,0.0,-0.000284006,-0.000284006,0.00199112,-0.025737550808116794,-0.014351852238178253,87.015,-2.0,,-2.0,,999.0,0.15384615,2B,/players/michael-arroyo/30384/stats/batting,2B,11,11.0,AL,Michael Arroyo,703197,30384,30384
PHI,Phillies,0,1,1,0,0,0,0,0,0,0,0,0,0,0,0,0,,0,0,0.208912,0.268876,0.284413,0.55329,0.250872,0.0693014,0.177044,0.391435,0.0755016,2.90933,0.244074,-0.000881577,,0.041354,-0.0335068,0.0250377,-0.000646967,-0.00152854,0.00198166,-0.03848762600682676,0.037383418530225754,51.4737,-1.0,,-1.0,,999.0,0.0,C,/players/rafael-marchan/21646/stats/batting,C,26,26.0,NL,Rafael Marchán,665561,21646,21646
CIN,Reds,1,3,4,1,0,0,0,0,0,1,0,0,1,0,0,0,,0,0,0.217372,0.298262,0.428414,0.726676,0.316826,0.0899969,0.315056,0.285654,0.211042,2.00333,0.269538,-0.0102503,,0.415462,0.000949851,-0.00559241,-0.00392179,-0.0141721,0.00197825,-0.026689525693655014,-0.06778377015143633,97.0318,2.6,2.6,2.6,2.6,97.91999816894531,0.27368421,3B,/players/eugenio-suarez/12552/stats/batting,3B,18,18.0,NL,Eugenio Suárez,553993,12552,12552
CLE,Guardians,0,1,1,0,0,0,0,0,0,0,0,0,0,0,0,0,,0,0,0.229433,0.28422,0.332516,0.616736,0.275168,0.0689154,0.261166,0.263876,0.103083,5.49094,0.301704,0.000814689,,0.0882003,-0.0346183,0.00770609,0.00238345,0.00319814,0.00196344,-0.02882887562736869,0.011409790720790625,73.45,-1.0,,-1.0,,999.0,0.0,OF,/players/petey-halpin/27931/stats/batting,OF,5,5.0,AL,Petey Halpin,690984,27931,27931
MIL,Brewers,0,2,2,0,0,0,0,0,0,0,0,0,0,0,0,0,,0,0,0.215735,0.31093,0.39364,0.704569,0.313033,0.107789,0.247083,0.436248,0.177905,2.30626,0.251105,-0.00414096,,0.21843,-0.00527516,-0.0145411,-0.00220982,-0.00635078,0.00195997,-0.01240056799724698,-0.02981885615736246,97.3419,-2.0,,-2.0,,999.0,0.28571429,C,/players/gary-sanchez/11442/stats/batting,C,23,23.0,NL,Gary Sánchez,596142,11442,11442
DET,Tigers,0,1,1,0,0,0,0,0,0,0,0,0,0,0,0,0,,0,0,0.239431,0.305951,0.443591,0.749542,0.32629,0.0682829,0.247606,0.275773,0.20416,3.0025,0.27457,-0.00136614,,0.10919,0.00684091,-0.00304425,-0.000997296,-0.00236343,0.00191287,0.00544380210340023,-0.017241779016330838,107.767,-1.0,,-1.0,,236.22000122070312,0.37864078,DH/OF,/players/kerry-carpenter/25961/stats/batting,DH/OF,6,6.0,AL,Kerry Carpenter,681481,25961,25961
PIT,Pirates,1,3,4,1,1,0,0,0,0,0,0,0,1,0,0,0,,0,0,0.263603,0.33255,0.412557,0.745107,0.327808,0.0895898,0.194898,0.459675,0.148954,2.71649,0.304749,-0.00912017,,0.452023,0.0323929,-0.0246839,-0.00437638,-0.0134966,0.00190328,0.0005986960604786873,-0.09721475839614868,103.302,2.6,2.6,2.6,2.6,285.44000244140625,0.27985075,1B/DH,/players/ryan-ohearn/16442/stats/batting,1B/DH,27,27.0,NL,Ryan O'Hearn,656811,16442,16442
COL,Rockies,1,3,3,1,0,0,0,0,0,0,0,0,1,0,0,0,,0,0,0.252369,0.298471,0.471327,0.769798,0.330005,0.0537824,0.246932,0.217802,0.218958,5.8623,0.292576,-0.00180194,,0.40801,0.0344373,-0.0110086,0.00062675,-0.00117519,0.00181581,-0.019026456051506102,-0.06579252518713474,95.3032,2.6,2.6,2.6,2.6,245.8300018310547,0.20454545,OF,/players/mickey-moniak/19956/stats/batting,OF,19,19.0,NL,Mickey Moniak,666160,19956,19956
BOS,Red Sox,0,1,1,0,0,0,0,0,0,0,0,0,0,0,0,0,,0,0,0.237169,0.327099,0.417089,0.744188,0.329009,0.0982341,0.254227,0.386403,0.17992,4.62758,0.292161,-3.44337e-06,,0.116642,0.00917611,-0.000421939,-0.000167433,-0.000170876,0.00178846,0.007940200186567381,-0.022489840222988278,107.685,-1.0,,-1.0,,999.0,0.7080292,DH/OF,/players/jahmai-jones/18872/stats/batting,DH/OF,3,3.0,AL,Jahmai Jones,663330,18872,18872
NYM,Mets,0,1,1,0,0,0,0,0,0,0,0,0,0,0,0,0,,0,0,0.197554,0.261528,0.271944,0.533473,0.242629,0.0759647,0.327152,0.2322,0.0743906,3.92797,0.295765,-0.000193799,,0.0482449,-0.0489865,0.045519,-0.00116647,-0.00136027,0.00178002,-0.04965881025418639,0.04042636090889573,51.1755,-1.0,,-1.0,,999.0,0.15384615,OF,/players/cristian-pache/19948/stats/batting,OF,25,25.0,NL,Cristian Pache,665506,19948,19948
MIN,Twins,1,3,4,1,0,0,0,0,0,0,0,0,1,0,0,0,,0,0,0.239,0.29651,0.412452,0.708962,0.308646,0.0759906,0.221734,0.34271,0.173452,4.49306,0.273074,0.00373307,,0.402019,-0.0227284,-0.060019,0.00606932,0.00980239,0.00172581,-0.007227014750242233,-0.10276596248149872,95.9179,2.6,2.6,2.6,2.6,193.64999389648438,0.02880658,3B,/players/royce-lewis/20437/stats/batting,3B,8,8.0,AL,Royce Lewis,668904,20437,20437
TOR,Blue Jays,0,0,0,0,0,0,0,0,0,0,0,0,0,0,0,0,,0,0,0.221102,0.328741,0.42264,0.751382,0.332093,0.130336,0.274268,0.475214,0.201539,3.68654,0.269098,-0.000347989,,0.0509585,0.00490152,0.0,-0.00017209,-0.000520079,0.00171339,0.005381486436817795,-0.002314814832061529,113.046,0.0,,0.0,,999.0,0.01986755,2B/OF,/players/davis-schneider/23565/stats/batting,2B/OF,14,14.0,AL,Davis Schneider,676914,23565,23565
SEA,Mariners,0,0,0,0,0,0,0,0,0,0,0,0,0,0,0,0,,0,0,0.249593,0.315564,0.326672,0.642237,0.290465,0.0702574,0.210272,0.334126,0.0770791,6.73607,0.3135,0.00116021,,0.0378808,-0.0081762,0.00517204,0.00311845,0.00427865,0.00168189,-9.998446330428123e-05,0.0028572240844368935,90.3204,0.0,,0.0,,727.5399780273438,0.01,OF,/players/victor-robles/18363/stats/batting,OF,11,11.0,AL,Victor Robles,645302,18363,18363
CLE,Guardians,0,1,1,0,0,0,0,0,0,0,0,0,0,0,0,0,,0,0,0.219279,0.302402,0.413413,0.715815,0.313908,0.0996078,0.271769,0.366517,0.194134,2.88522,0.264533,-0.00098159,,0.0946568,-0.00169723,0.00041721,-0.000580495,-0.00156209,0.00167091,-0.0012264259567018598,-0.01115686391131021,100.355,-1.0,,-1.0,,999.0,0.43650794,DH,/players/david-fry/24934/stats/batting,DH,5,5.0,AL,David Fry,681807,24934,24934
COL,Rockies,0,1,1,0,0,0,0,0,0,0,0,0,0,0,0,0,,0,0,0.231121,0.283748,0.375442,0.65919,0.288414,0.0650375,0.197111,0.329954,0.144321,3.02008,0.260692,-0.000885861,,0.124831,-0.0295696,0.00169088,-0.00184644,-0.0027323,0.00159507,-0.05391313228756189,0.027153847506269813,67.4186,-1.0,,-1.0,,999.0,0.03614458,C,/players/brett-sullivan/18217/stats/batting,C,19,19.0,NL,Brett Sullivan,664954,18217,18217
BOS,Red Sox,0,1,1,0,0,0,0,0,0,0,0,0,0,0,0,0,,0,0,0.251443,0.299563,0.318498,0.618062,0.277564,0.0589446,0.165111,0.356999,0.0670558,4.93698,0.29827,0.003493,,0.124036,-0.0448398,-0.00207036,0.00290034,0.00639334,0.00158142,-0.040120100136846304,0.005182727240025997,71.9571,-1.0,,-1.0,,746.1500244140625,0.00469484,SS,/players/isiah-kiner-falefa/16512/stats/batting,SS,3,3.0,AL,Isiah Kiner-Falefa,643396,16512,16512
TEX,Rangers,0,1,1,0,0,0,0,0,0,0,0,0,0,0,0,0,,0,0,0.217865,0.278657,0.368322,0.646979,0.286086,0.0686458,0.227197,0.302143,0.150458,5.63208,0.260626,0.0,,0.0648981,-0.0169809,0.0,0.00174079,0.00174079,0.00149905,-0.012214509537443519,0.0024691359139978886,82.6469,-1.0,,-1.0,,999.0,0.0,OF,/players/michael-helman/24605/stats/batting,OF,13,13.0,AL,Michael Helman,680737,24605,24605
ATH,Athletics,0,1,2,0,0,0,0,0,0,0,0,0,0,0,0,0,,0,0,0.211291,0.273196,0.341164,0.61436,0.273709,0.0731185,0.304891,0.239818,0.129873,2.21812,0.283643,-0.00224433,,0.129225,-0.0532478,-0.00153553,-0.00178862,-0.00403295,0.00143991,-0.06894864793866873,0.028557064128108323,63.7789,-1.0,,-1.0,,999.0,0.07407407,C,/players/brian-serven/19422/stats/batting,C,10,10.0,AL,Brian Serven,661531,19422,19422
ATL,Braves,1,4,4,1,1,0,0,0,0,0,0,0,0,0,0,0,,0,0,0.253546,0.293325,0.356306,0.649631,0.286703,0.0531945,0.125893,0.422538,0.10276,3.65721,0.276496,-0.00197959,,0.354756,-0.090461,-0.00489589,-0.00101887,-0.00299847,0.00137138,-0.09981008875183761,-0.009062550961971283,78.627,1.6,1.6,1.6,1.6,743.3800048828125,0.00286533,OF,/players/mauricio-dubon/16530/stats/batting,OF,16,16.0,NL,Mauricio Dubón,643289,16530,16530
TOR,Blue Jays,0,1,1,0,0,0,0,0,0,0,0,0,0,0,0,0,,0,0,0.221563,0.290421,0.351632,0.642053,0.285705,0.0779964,0.250412,0.311473,0.130069,4.5459,0.277189,0.0,,0.137456,-0.0365366,0.0,-0.000247595,-0.000247595,0.00136816,-0.033006255427608266,-0.0055555556900799274,80.8307,-1.0,,-1.0,,999.0,0.0,1B/2B,/players/charles-mcadoo/33323/stats/batting,1B/2B,14,14.0,AL,Charles McAdoo,807727,33323,33323
TOR,Blue Jays,0,1,1,0,0,0,0,0,0,0,0,0,0,0,0,0,,0,0,0.217225,0.291832,0.408085,0.699917,0.305313,0.0906161,0.244258,0.370985,0.19086,2.16354,0.245713,0.0,,0.127637,-0.0105342,0.0,-0.00107791,-0.00107791,0.00130057,-0.008612012723460793,-0.019907407462596893,94.4483,-1.0,,-1.0,,748.4199829101562,0.54545455,OF,/players/anthony-santander/14551/stats/batting,OF,14,14.0,AL,Anthony Santander,623993,14551,14551
CHC,Cubs,0,0,0,0,0,0,0,0,0,0,0,0,0,0,0,0,,0,0,0.157573,0.19781,0.268256,0.466066,0.206681,0.0417544,0.297132,0.140525,0.110684,2.44304,0.202378,0.0,,0.00117431,-0.00350449,0.0136016,-2.38313e-05,-2.38313e-05,0.00123841,-0.0034930656220240053,0.014373198617249727,27.1198,0.0,,0.0,,999.0,0.04285714,C,/players/austin-wynns/15271/stats/batting,C,17,17.0,NL,Austin Wynns,642851,15271,15271
PHI,Phillies,0,1,1,0,0,0,0,0,0,0,0,0,0,0,0,0,,0,0,0.227831,0.281124,0.374326,0.65545,0.288619,0.0639567,0.304556,0.21,0.146495,5.96989,0.304481,0.00295244,,0.120192,-0.0282137,-0.000327434,0.00376994,0.00672239,0.00118652,-0.02833508513867855,-0.0007903972582425922,76.7812,-1.0,,-1.0,,999.0,0.02234637,OF,/players/derek-hill/16947/stats/batting,OF,26,26.0,NL,Derek Hill,656537,16947,16947
CHW,White Sox,1,3,3,1,0,0,0,0,0,0,0,0,1,0,0,0,,0,0,0.244936,0.306267,0.399853,0.706119,0.308724,0.0821556,0.190255,0.431818,0.154916,2.45355,0.273332,-0.00511526,,0.334398,-0.0187055,-6.65078e-06,-0.00360365,-0.00871891,0.0011484,-0.020326150581240654,-0.07392640153420871,96.6531,2.6,2.6,2.6,2.6,735.8099975585938,0.67346939,OF,/players/andrew-benintendi/17901/stats/batting,OF,4,4.0,AL,Andrew Benintendi,643217,17901,17901
ATH,Athletics,0,2,2,0,0,0,0,0,0,0,0,0,0,0,0,0,,0,0,0.221563,0.290421,0.351632,0.642053,0.285705,0.0779964,0.250412,0.311473,0.130069,4.5459,0.277189,0.0,,0.165756,-0.0440588,0.0,-0.00029857,-0.00029857,0.00114643,-0.057773652632022277,0.006327160634100437,72.1096,-2.0,,-2.0,,999.0,0.0,2B/3B,/players/joshua-kuroda-grauer/35121/stats/batting,2B/3B,10,10.0,AL,Joshua Kuroda-Grauer,811965,35121,35121
,,0,1,1,0,0,0,0,0,0,0,0,0,0,0,0,0,,0,0,0.255307,0.304848,0.402731,0.70758,0.310246,0.0604012,0.163945,0.368424,0.147425,3.62341,0.280593,-0.00107171,,0.156783,-0.00697481,-0.00014795,-0.000242842,-0.00131455,0.00112012,-0.008659623563289642,-0.027308444114169106,95.5137,-1.0,,-1.0,,689.0700073242188,0.13812155,OF,/players/lourdes-gurriel-jr/19238/stats/batting,OF,-1,-1.0,,Lourdes Gurriel Jr.,666971,19238,19238
TOR,Blue Jays,0,0,0,0,0,0,0,0,0,0,0,0,0,0,0,0,,0,0,0.204171,0.270468,0.292841,0.563309,0.25493,0.07951,0.285562,0.278433,0.0886693,5.1927,0.278907,0.000311365,,0.00593715,-0.00429772,0.0121979,3.7204e-05,0.000348569,0.00107942,-0.0037269240710884333,0.01127198024187237,59.4576,0.0,,0.0,,999.0,0.02173913,OF,/players/jonatan-clase/26599/stats/batting,OF,14,14.0,AL,Jonatan Clase,682729,26599,26599
COL,Rockies,1,3,3,1,0,0,0,0,0,0,0,0,1,0,0,0,,0,0,0.25371,0.322985,0.410487,0.733472,0.323499,0.0804036,0.262664,0.306108,0.156777,4.68532,0.325252,-0.00165516,,0.369984,0.0168805,-0.0601999,0.000512516,-0.00114264,0.00102721,-0.033685556380078197,-0.053255471400916576,90.9413,2.6,2.6,2.6,2.6,728.1400146484375,0.08290155,3B,/players/connor-norby/29592/stats/batting,3B,19,19.0,NL,Connor Norby,681393,29592,29592
PIT,Pirates,0,1,2,0,0,0,0,0,0,0,0,0,0,0,0,0,,0,0,0.221563,0.290421,0.351632,0.642053,0.285705,0.0779964,0.250412,0.311473,0.130069,4.5459,0.277189,0.0,,0.145542,-0.0386858,0.0,-0.000262159,-0.000262159,0.000999324,-0.04698111745528877,0.006172839552164078,75.0742,-1.0,,-1.0,,999.0,0.0,1B/SS,/players/jacob-gonzalez/33225/stats/batting,1B/SS,27,27.0,NL,Jacob Gonzalez,694378,33225,33225
CHW,White Sox,0,0,0,0,0,0,0,0,0,0,0,0,0,0,0,0,,0,0,0.205627,0.260734,0.314397,0.575131,0.256827,0.0651342,0.308642,0.211035,0.10877,2.79611,0.285186,-0.000236852,,0.0277469,-0.0190411,0.00662941,-0.000625099,-0.00086195,0.000953479,-0.018962502654176205,0.014345457777380943,60.6116,0.0,,0.0,,999.0,0.0,C,/players/drew-romo/27763/stats/batting,C,4,4.0,AL,Drew Romo,691011,27763,27763
NYM,Mets,0,1,1,0,0,0,0,0,0,0,0,0,0,0,0,0,,0,0,0.217101,0.293066,0.400406,0.693472,0.3048,0.0923209,0.301777,0.305924,0.183305,4.06155,0.276369,0.00035067,,0.117734,-0.010202,3.45113e-05,-0.000740223,-0.000389553,0.000915361,-0.009686398290796205,-0.016477834215038456,92.8575,-1.0,,-1.0,,999.0,0.24193548,DH/OF,/players/christopher-morel/21897/stats/batting,DH/OF,25,25.0,NL,Christopher Morel,666624,21897,21897
DET,Tigers,0,1,1,0,0,0,0,0,0,0,0,0,0,0,0,0,,0,0,0.208955,0.302632,0.343284,0.645915,0.291859,0.118421,0.276316,0.428571,0.134328,1.30357,0.272727,0.000330037,,0.123472,-0.0249342,0.00121403,-0.0017043,-0.00137427,0.000893644,-0.024907301412895322,-0.010668686358258128,83.855,-1.0,,-1.0,,999.0,0.125,3B,/players/jace-jung/31437/stats/batting,3B,6,6.0,AL,Jace Jung,690291,31437,31437
NYM,Mets,1,3,3,1,0,0,0,0,0,0,0,0,1,0,0,0,,0,0,0.234782,0.288858,0.413295,0.702153,0.306235,0.0671061,0.256455,0.261668,0.178512,2.23567,0.278911,-0.00600361,,0.304606,-0.0229099,5.62013e-05,-0.00287255,-0.00887616,0.000889304,-0.029468788765370846,-0.051795652416330995,93.82,2.6,2.6,2.6,2.6,652.5700073242188,0.28571429,3B/DH,/players/mark-vientos/22184/stats/batting,3B/DH,25,25.0,NL,Mark Vientos,668901,22184,22184
SDP,Padres,0,2,2,0,0,0,0,0,0,0,0,0,0,0,0,0,,0,0,0.233696,0.311715,0.397265,0.708979,0.313097,0.0958525,0.198803,0.482148,0.163569,2.56517,0.263452,-0.00378038,,0.209958,-0.00497453,0.0,-0.00224656,-0.00602694,0.000874168,-0.005104994052089751,-0.04537037014961243,100.422,-2.0,,-2.0,,684.8099975585938,0.3671875,DH/OF,/players/gavin-sheets/19901/stats/batting,DH/OF,29,29.0,NL,Gavin Sheets,657757,19901,19901
CIN,Reds,1,2,2,0,0,0,0,0,0,0,0,0,1,0,0,0,,0,0,0.221563,0.290421,0.351632,0.642053,0.285705,0.0779964,0.250412,0.311473,0.130069,4.5459,0.277189,0.0,,0.222356,-0.0591033,0.0,-0.000400521,-0.000400521,0.000869499,-0.06864831608254462,-0.00015432084910571575,76.1667,-2.0,-2.0,-2.0,-2.0,999.0,0.0,OF,/players/carlos-jorge/29455/stats/batting,OF,18,18.0,NL,Carlos Jorge,699115,29455,29455
ARI,Diamondbacks,0,1,1,0,0,0,0,0,0,0,0,0,0,0,0,0,,0,0,0.235465,0.324873,0.395349,0.720222,0.318563,0.116751,0.256345,0.455446,0.159884,3.2139,0.294872,-0.00135057,,0.145314,0.00202536,-0.000525819,-0.00174728,-0.00309785,0.00086553,-0.003494874865282327,-0.02737767033977434,99.7277,-1.0,,-1.0,,999.0,0.50413223,1B/OF,/players/pavin-smith/19892/stats/batting,1B/OF,15,15.0,NL,Pavin Smith,656976,19892,19892
CHC,Cubs,0,0,0,0,0,0,0,0,0,0,0,0,0,0,0,0,,0,0,0.221584,0.273971,0.318573,0.592544,0.264371,0.0626224,0.326823,0.19161,0.0969887,4.13772,0.318941,8.50882e-05,,0.0263853,-0.0145542,0.0114069,-0.000230141,-0.000145053,0.00084144,-0.014390819036634639,0.011406855657696724,65.7978,0.0,,0.0,,748.3800048828125,0.0,SS,/players/gabriel-arias/22563/stats/batting,SS,17,17.0,NL,Gabriel Arias,672356,22563,22563
MIN,Twins,0,0,0,0,0,0,0,0,0,0,0,0,0,0,0,0,,0,0,0.221563,0.290421,0.351632,0.642053,0.285705,0.0779964,0.250412,0.311473,0.130069,4.5459,0.277189,0.0,,0.0404283,-0.0107461,0.0,-7.2822e-05,-7.2822e-05,0.000839693,-0.010132255942153279,0.003086419776082039,79.9861,0.0,,0.0,,999.0,0.18181818,SS,/players/ben-ross/31710/stats/batting,SS,8,8.0,AL,Ben Ross,805346,31710,31710
ATL,Braves,0,0,0,0,0,0,0,0,0,0,0,0,0,0,0,0,,0,0,0.228567,0.304998,0.379405,0.684403,0.303796,0.0921734,0.264438,0.348563,0.150838,5.15485,0.289444,0.000328629,,0.0373946,-0.00354489,0.0047428,0.000220568,0.000549197,0.00082374,-0.0035796507727354765,0.0004218113608658314,90.0872,0.0,,0.0,,726.6699829101562,0.04907975,OF,/players/lane-thomas/16939/stats/batting,OF,16,16.0,NL,Lane Thomas,657041,16939,16939
BOS,Red Sox,0,1,1,0,0,0,0,0,0,0,0,0,0,0,0,0,,0,0,0.252383,0.299844,0.37082,0.670664,0.295752,0.0605472,0.248509,0.243642,0.118437,4.34615,0.324089,-0.000943974,,0.114231,-0.018822,-0.000331418,-0.000946911,-0.00189088,0.000766211,-0.022031460190191865,-0.010207960731349885,84.5881,-1.0,,-1.0,,999.0,0.104,1B/2B,/players/romy-gonzalez/21562/stats/batting,1B/2B,3,3.0,AL,Romy Gonzalez,663853,21562,21562
CLE,Guardians,0,1,1,0,0,0,0,0,0,0,0,0,0,0,0,0,,0,0,0.232232,0.311008,0.443653,0.754661,0.328588,0.0980033,0.256533,0.38203,0.211422,2.29011,0.270336,-0.00123609,,0.110794,0.00844518,-0.0140561,-0.000821715,-0.00205781,0.000762197,0.008546740980818868,-0.03164869826287031,110.549,-1.0,,-1.0,,253.4600067138672,0.41350211,1B/DH,/players/kyle-manzardo/29794/stats/batting,1B/DH,5,5.0,AL,Kyle Manzardo,700932,29794,29794
STL,Cardinals,0,0,0,0,0,0,0,0,0,0,0,0,0,0,0,0,,0,0,0.228414,0.29577,0.366744,0.662513,0.293077,0.0777667,0.279296,0.278438,0.13833,2.7046,0.298719,-3.61573e-05,,0.00393158,-0.000747218,0.00589162,-4.17191e-05,-7.78764e-05,0.000726864,-0.0008083871653070673,0.0066632297821342945,84.6537,0.0,,0.0,,999.0,0.09090909,C,/players/jimmy-crooks/31354/stats/batting,C,28,28.0,NL,Jimmy Crooks,699625,31354,31354
ATH,Athletics,0,0,0,0,0,0,0,0,0,0,0,0,0,0,0,0,,0,0,0.24909,0.310911,0.348595,0.659506,0.294779,0.078475,0.161539,0.485797,0.0995049,4.21218,0.286735,-0.000163259,,0.030517,-0.00530512,0.00209758,6.22333e-05,-0.000101025,0.0007241,-0.007696717279031873,0.004103753948584199,78.4112,0.0,,0.0,,999.0,0.0,3B/SS,/players/darell-hernaiz/26224/stats/batting,3B/SS,10,10.0,AL,Darell Hernaiz,687231,26224,26224
SFG,Giants,1,3,3,1,0,0,0,0,0,0,0,0,0,0,0,0,,0,0,0.232829,0.283246,0.330244,0.61349,0.274044,0.0526252,0.175136,0.300481,0.0974147,4.08416,0.270163,-0.000789558,,0.232691,-0.0948251,-0.0036213,0.000275409,-0.000514149,0.000719319,-0.09073278203140944,0.007798452628776431,72.9247,2.6,2.6,2.6,2.6,999.0,0.01851852,2B/SS,/players/osleivis-basabe/23985/stats/batting,2B/SS,30,30.0,NL,Osleivis Basabe,678545,23985,23985
BAL,Orioles,0,0,0,0,0,0,0,0,0,0,0,0,0,0,0,0,,0,0,0.221563,0.290421,0.351632,0.642053,0.285705,0.0779964,0.250412,0.311473,0.130069,4.5459,0.277189,0.0,,0.0184815,-0.00491248,0.0,-3.32901e-05,-3.32901e-05,0.000692302,-0.004048906212119618,0.0038580247201025486,82.5233,0.0,,0.0,,999.0,0.0,C/1B,/players/creed-willems/sa3017562/stats/batting,C/1B,2,,AL,Creed Willems,695735,sa3017562,sa3017562
CLE,Guardians,1,2,3,1,0,0,0,0,0,0,0,0,0,0,0,0,,0,0,0.260759,0.316793,0.36446,0.681252,0.303022,0.0736831,0.175523,0.419793,0.103701,4.00755,0.30791,-0.000599825,,0.278837,-0.028209,-0.0776295,0.000541695,-5.81303e-05,0.000666535,-0.02178905432083411,-0.06343193165957928,92.7941,3.6,3.6,3.6,3.6,999.0,0.0,2B/3B,/players/angel-genao/28811/stats/batting,2B/3B,5,5.0,AL,Angel Genao,694197,28811,28811
,,0,0,0,0,0,0,0,0,0,0,0,0,0,0,0,0,,0,0,0.221563,0.290421,0.351632,0.642053,0.285705,0.0779964,0.250412,0.311473,0.130069,4.5459,0.277189,0.0,,0.0363855,-0.00967145,0.0,-6.55397e-05,-6.55397e-05,0.000633472,-0.008931125266826712,0.0013888889225199819,80.4015,0.0,,0.0,,999.0,0.0,2B/SS,/players/jose-caballero/sa3015390/stats/batting,2B/SS,-1,,,Jose Caballero,691606,sa3015390,sa3015390
PIT,Pirates,0,0,0,0,0,0,0,0,0,0,0,0,0,0,0,0,,0,0,0.231276,0.264711,0.315628,0.580339,0.257764,0.040538,0.243743,0.166314,0.0843517,2.97186,0.292564,-3.62271e-05,,0.0028046,-0.0018742,0.00603702,-5.08865e-05,-8.71136e-05,0.000603536,-0.0021653333751601167,0.006808621808886528,56.3417,0.0,,0.0,,999.0,0.03225806,C,/players/christian-bethancourt/10028/stats/batting,C,27,27.0,NL,Christian Bethancourt,542194,10028,10028
COL,Rockies,0,0,0,0,0,0,0,0,0,0,0,0,0,0,0,0,,0,0,0.246253,0.310779,0.337092,0.647871,0.291106,0.0781144,0.270731,0.288532,0.0908387,4.55634,0.335168,-5.85242e-05,,0.0338509,-0.00708857,0.00527906,-0.000315101,-0.000373625,0.00055958,-0.013192449929192662,0.007439557695761323,69.2237,0.0,,0.0,,999.0,0.0,2B/SS,/players/ryan-ritter/31500/stats/batting,2B/SS,19,19.0,NL,Ryan Ritter,690022,31500,31500
ATH,Athletics,0,0,0,0,0,0,0,0,0,0,0,0,0,0,0,0,,0,0,0.238184,0.309093,0.33765,0.646743,0.290871,0.0906593,0.273243,0.33179,0.0994664,3.07475,0.31948,-0.000230207,,0.0168927,-0.00357709,0.00649986,-0.000161427,-0.000391634,0.000558675,-0.005277625168673694,0.00464801280759275,75.6975,0.0,,0.0,,999.0,0.08823529,OF,/players/johnathan-rodriguez/22530/stats/batting,OF,10,10.0,AL,Johnathan Rodríguez,671286,22530,22530
NYY,Yankees,0,0,0,0,0,0,0,0,0,0,0,0,0,0,0,0,,0,0,0.244067,0.310412,0.408505,0.718917,0.315079,0.0835387,0.244698,0.341395,0.164438,5.26182,0.297274,0.000584218,,0.0202727,-0.000197071,0.0,0.00047568,0.0010599,0.000558548,0.0012209897540742531,-0.0018518518190830946,100.801,0.0,,0.0,,421.5400085449219,0.14534884,OF,/players/jasson-dominguez/28080/stats/batting,OF,9,9.0,AL,Jasson Domínguez,691176,28080,28080
MIL,Brewers,0,2,2,0,0,0,0,0,0,0,0,0,0,0,0,0,,0,0,0.221563,0.290421,0.351632,0.642053,0.285705,0.0779964,0.250412,0.311473,0.130069,4.5459,0.277189,0.0,,0.18597,-0.0494319,0.0,-0.000334981,-0.000334981,0.000524794,-0.0505819762183819,-0.008950617164373398,79.0198,-2.0,,-2.0,,999.0,0.0,OF,/players/luis-lara/30675/stats/batting,OF,23,23.0,NL,Luis Lara,800325,30675,30675
CHC,Cubs,0,0,0,0,0,0,0,0,0,0,0,0,0,0,0,0,,0,0,0.234043,0.294118,0.361702,0.65582,0.291362,0.0784314,0.294118,0.266667,0.12766,4.61814,0.322581,-5.0462e-05,,0.00848057,-0.0017543,0.00412593,0.000231862,0.0001814,0.000522611,-0.0014957872190279886,0.0038172851491253823,83.8932,0.0,,0.0,,999.0,0.37931034,DH/OF,/players/kevin-alcantara/25971/stats/batting,DH/OF,17,17.0,NL,Kevin Alcántara,682634,25971,25971
,,0,0,0,0,0,0,0,0,0,0,0,0,0,0,0,0,,0,0,0.23624,0.330928,0.354351,0.685279,0.309675,0.118664,0.223328,0.531346,0.118111,3.06519,0.297284,-0.000863584,,0.0390363,-0.00190325,-0.000161091,-0.000460145,-0.00132373,0.00046404,-0.003319547278806567,-0.0038647949986625463,95.1239,0.0,,0.0,,999.0,0.20652174,OF,/players/mike-tauchman/15274/stats/batting,OF,-1,-1.0,,Mike Tauchman,643565,15274,15274
ATL,Braves,0,0,0,0,0,0,0,0,0,0,0,0,0,0,0,0,,0,0,0.221563,0.290421,0.351632,0.642053,0.285705,0.0779964,0.250412,0.311473,0.130069,4.5459,0.277189,0.0,,0.0202142,-0.00537303,0.0,-3.6411e-05,-3.6411e-05,0.000363577,-0.005774415585619863,0.002314814832061529,77.9581,0.0,,0.0,,999.0,0.0,SS,/players/jim-jarvis/33492/stats/batting,SS,16,16.0,NL,Jim Jarvis,805347,33492,33492
SFG,Giants,0,0,0,0,0,0,0,0,0,0,0,0,0,0,0,0,,0,0,0.221563,0.290421,0.351632,0.642053,0.285705,0.0779964,0.250412,0.311473,0.130069,4.5459,0.277189,0.0,,0.0110889,-0.00294749,0.0,-1.9974e-05,-1.9974e-05,0.000346296,-0.002770045013676281,0.002314814832061529,80.7426,0.0,,0.0,,999.0,0.0,C,/players/zachary-morgan/sa3019968/stats/batting,C,30,,NL,Zach Morgan,681439,sa3019968,sa3019968
MIN,Twins,0,0,0,0,0,0,0,0,0,0,0,0,0,0,0,0,,0,0,0.21788,0.320461,0.436952,0.757413,0.332407,0.110894,0.311647,0.355833,0.219071,3.43857,0.275177,-3.5561e-05,,0.0113461,0.00111118,0.0,-3.00962e-05,-6.56572e-05,0.000337536,0.0011828449933091179,-0.0009259259095415473,112.42,0.0,,0.0,,340.5899963378906,0.11278195,OF,/players/matt-wallner/26466/stats/batting,OF,8,8.0,AL,Matt Wallner,670242,26466,26466
TBR,Rays,0,0,0,0,0,0,0,0,0,0,0,0,0,0,0,0,,0,0,0.201076,0.266122,0.303567,0.569688,0.256766,0.0781754,0.346509,0.225609,0.102491,5.01125,0.296896,6.44306e-06,,0.00303268,-0.00208476,0.00271408,-2.49346e-05,-1.84915e-05,0.000270764,-0.002046592397164204,0.0031770425266586244,59.6495,0.0,,0.0,,724.5499877929688,0.04166667,SS,/players/carson-williams/30038/stats/batting,SS,12,12.0,AL,Carson Williams,700246,30038,30038
DET,Tigers,0,1,1,0,0,0,0,0,0,0,0,0,0,0,0,0,,0,0,0.221563,0.290421,0.351632,0.642053,0.285705,0.0779964,0.250412,0.311473,0.130069,4.5459,0.277189,0.0,,0.137456,-0.0365366,0.0,-0.000247594,-0.000247594,0.000239698,-0.03514146100496873,-0.014506173320114613,79.5813,-1.0,,-1.0,,999.0,0.12121212,OF,/players/brett-callahan/33514/stats/batting,OF,6,6.0,AL,Brett Callahan,814430,33514,33514
WSN,Nationals,0,0,0,0,0,0,0,0,0,0,0,0,0,0,0,0,,0,0,0.224755,0.291513,0.363165,0.654678,0.289847,0.0721526,0.316165,0.228212,0.138411,3.02913,0.309921,0.0,,0.00765696,-0.00170065,0.0,-5.75857e-05,-5.75857e-05,0.000209216,-0.002059364898741478,0.0015432098880410194,78.9737,0.0,,0.0,,999.0,0.01219512,C,/players/riley-adams/19864/stats/batting,C,24,24.0,NL,Riley Adams,656180,19864,19864
NYY,Yankees,0,0,0,0,0,0,0,0,0,0,0,0,0,0,0,0,,0,0,0.218141,0.28794,0.336564,0.624505,0.278944,0.0814977,0.180129,0.45244,0.118424,3.45938,0.24938,-0.000170535,,0.00696104,-0.00239657,0.0,-5.48125e-06,-0.000176016,0.000196576,-0.0024088503851089627,0.0015432098880410194,75.7057,0.0,,0.0,,999.0,0.01428571,C,/players/jc-escarra/20084/stats/batting,C,9,9.0,AL,J.C. Escarra,641555,20084,20084
BAL,Orioles,0,0,0,0,0,0,0,0,0,0,0,0,0,0,0,0,,0,0,0.234695,0.304048,0.415166,0.719214,0.314679,0.0795092,0.254164,0.312827,0.18047,2.42575,0.280388,-0.000143965,,0.0101084,-0.000126478,0.000353417,-8.05226e-05,-0.000224488,0.000194485,4.1413382859900594e-05,-0.0011897929653059691,102.645,0.0,,0.0,,160.94000244140625,0.29285714,C/DH,/players/samuel-basallo/28824/stats/batting,C/DH,2,2.0,AL,Samuel Basallo,694212,28824,28824
CLE,Guardians,0,0,0,0,0,0,0,0,0,0,0,0,0,0,0,0,,0,0,0.25,0.318182,0.45,0.768182,0.33539,0.0909091,0.318182,0.285714,0.2,1.60119,0.333333,1.58658e-06,,0.00577713,0.000659692,-6.46138e-05,-5.63946e-05,-5.4808e-05,0.000174551,0.0007128522047423758,-0.0005275767252896912,115.273,0.0,,0.0,,999.0,0.0,OF,/players/kahlil-watson/29905/stats/batting,OF,5,5.0,AL,Kahlil Watson,696135,29905,29905
BOS,Red Sox,0,0,0,0,0,0,0,0,0,0,0,0,0,0,0,0,,0,0,0.238883,0.310641,0.3879,0.698541,0.309066,0.0816892,0.212871,0.38375,0.149017,3.91783,0.281617,-0.000117203,,0.0145749,-0.000777457,0.0,-2.57427e-05,-0.000142946,0.00015368,-0.0010725496395025402,-0.0020061726681888103,93.835,0.0,,0.0,,999.0,0.05113636,1B/3B,/players/curtis-mead/23986/stats/batting,1B/3B,3,3.0,AL,Curtis Mead,678554,23986,23986
SEA,Mariners,0,0,0,0,0,0,0,0,0,0,0,0,0,0,0,0,,0,0,0.221563,0.290421,0.351632,0.642053,0.285705,0.0779964,0.250412,0.311473,0.130069,4.5459,0.277189,0.0,,0.0202142,-0.00537303,0.0,-3.64109e-05,-3.64109e-05,0.000144101,-0.0032996860827552155,-0.0029320986941456795,87.015,0.0,,0.0,,999.0,0.05882353,3B,/players/patrick-wisdom/13602/stats/batting,3B,11,11.0,AL,Patrick Wisdom,621550,13602,13602
HOU,Astros,0,0,0,0,0,0,0,0,0,0,0,0,0,0,0,0,,0,0,0.221563,0.290421,0.351632,0.642053,0.285705,0.0779964,0.250412,0.311473,0.130069,4.5459,0.277189,0.0,,0.0036963,-0.000982497,0.0,-6.658e-06,-6.658e-06,0.000133902,-0.0008545657387912797,0.0007716049440205097,81.5488,0.0,,0.0,,999.0,0.14285714,C,/players/collin-price/31415/stats/batting,C,21,21.0,AL,Collin Price,805672,31415,31415
TOR,Blue Jays,0,0,0,0,0,0,0,0,0,0,0,0,0,0,0,0,,0,0,0.221563,0.290421,0.351632,0.642053,0.285705,0.0779964,0.250412,0.311473,0.130069,4.5459,0.277189,0.0,,0.0036963,-0.000982497,0.0,-6.658e-06,-6.658e-06,0.000130543,-0.0008875637781784462,0.0007716049440205097,80.8307,0.0,,0.0,,999.0,0.0,C/1B,/players/shawn-ross/32054/stats/batting,C/1B,14,14.0,AL,Shawn Ross,676566,32054,32054
TBR,Rays,0,0,0,0,0,0,0,0,0,0,0,0,0,0,0,0,,0,0,0.221563,0.290421,0.351632,0.642053,0.285705,0.0779964,0.250412,0.311473,0.130069,4.5459,0.277189,0.0,,0.0036963,-0.000982497,0.0,-6.658e-06,-6.658e-06,0.000125474,-0.0009373564739689755,0.0007716049440205097,79.7472,0.0,,0.0,,999.0,0.0,C,/players/kenny-piper/29962/stats/batting,C,12,12.0,AL,Kenny Piper,700652,29962,29962
DET,Tigers,0,0,0,0,0,0,0,0,0,0,0,0,0,0,0,0,,0,0,0.221563,0.290421,0.351632,0.642053,0.285705,0.0779964,0.250412,0.311473,0.130069,4.5459,0.277189,0.0,,0.0036963,-0.000982497,0.0,-6.658e-06,-6.658e-06,0.000124698,-0.0009449805716030824,0.0007716049440205097,79.5813,0.0,,0.0,,999.0,0.0,C,/players/carlos-perez/10642/stats/batting,C,6,6.0,AL,Carlos Pérez,542208,10642,10642
HOU,Astros,0,0,0,0,0,0,0,0,0,0,0,0,0,0,0,0,,0,0,0.229809,0.29097,0.294678,0.585648,0.264944,0.0753282,0.242555,0.310561,0.0648688,4.60598,0.302777,0.000511638,,0.0265453,-0.0143942,-0.000289146,0.000431562,0.000943199,0.000123836,-0.012273376400116831,0.0012540642928797752,67.1309,0.0,,0.0,,999.0,0.0,2B/3B/SS,/players/raynel-delgado/22272/stats/batting,2B/3B/SS,21,21.0,AL,Raynel Delgado,669384,22272,22272
,,0,0,0,0,0,0,0,0,0,0,0,0,0,0,0,0,,0,0,0.221024,0.306233,0.417045,0.723278,0.317876,0.103082,0.282197,0.365286,0.196021,1.75572,0.27066,-0.000662296,,0.0258291,0.000241867,0.0,-0.000256103,-0.000918399,0.000122533,-0.0007343859906541184,-0.005401234608143568,100.719,0.0,,0.0,,634.8099975585938,0.69753086,DH/OF,/players/jorge-soler/14221/stats/batting,DH/OF,-1,-1.0,,Jorge Soler,624585,14221,14221
LAD,Dodgers,0,0,0,0,0,0,0,0,0,0,0,0,0,0,0,0,,0,0,0.25619,0.326409,0.407755,0.734164,0.32364,0.0856138,0.30164,0.283827,0.151565,2.27695,0.348333,-0.000213202,,0.016101,0.000748701,0.0,-0.000159224,-0.000372427,0.000120751,0.00020819177734665573,-0.0032407406251877546,103.717,0.0,,0.0,,745.8300170898438,0.05645161,C,/players/dalton-rushing/31382/stats/batting,C,22,22.0,NL,Dalton Rushing,687221,31382,31382
ATH,Athletics,0,0,0,0,0,0,0,0,0,0,0,0,0,0,0,0,,0,0,0.221563,0.290421,0.351632,0.642053,0.285705,0.0779964,0.250412,0.311473,0.130069,4.5459,0.277189,0.0,,0.00808567,-0.00214921,0.0,-1.45644e-05,-1.45644e-05,0.000118759,-0.0028182267042211606,0.0009259259095415473,72.1096,0.0,,0.0,,999.0,0.0,2B,/players/jack-winkler/29830/stats/batting,2B,10,10.0,AL,Jack Winkler,676466,29830,29830
SDP,Padres,0,1,1,0,0,0,0,0,0,0,0,0,0,0,0,0,,0,0,0.269734,0.311127,0.393496,0.704623,0.308699,0.0539786,0.150509,0.35864,0.123762,3.24696,0.301654,-0.000844374,,0.0678366,-0.00380754,0.0,-0.000730965,-0.00157534,0.000116739,-0.00341738888528198,-0.015123456716537476,97.4728,-1.0,,-1.0,,722.9099731445312,0.5304878,3B/DH/OF,/players/miguel-andujar/15878/stats/batting,3B/DH/OF,29,29.0,NL,Miguel Andujar,609280,15878,15878
CHW,White Sox,0,1,1,0,0,0,0,0,0,0,0,0,0,0,0,0,,0,0,0.238383,0.313276,0.359885,0.673161,0.300512,0.0957725,0.229544,0.417229,0.121502,3.97938,0.299117,-0.00148553,,0.0775147,-0.00948171,-0.00119478,-0.000440344,-0.00192588,0.000112426,-0.009658748051151633,-0.015237992629408836,90.95,-1.0,,-1.0,,999.0,0.05185185,OF,/players/tommy-pham/2967/stats/batting,OF,4,4.0,AL,Tommy Pham,502054,2967,2967
NYM,Mets,0,0,0,0,0,0,0,0,0,0,0,0,0,0,0,0,,0,0,0.221563,0.290421,0.351632,0.642053,0.285705,0.0779964,0.250412,0.311473,0.130069,4.5459,0.277189,0.0,,0.0036963,-0.000982497,0.0,-6.658e-06,-6.658e-06,0.000112103,-0.0009560514358781802,0.0007716049440205097,80.0555,0.0,,0.0,,999.0,0.0,C,/players/hayden-senger/21489/stats/batting,C,25,25.0,NL,Hayden Senger,663584,21489,21489
WSN,Nationals,0,0,0,0,0,0,0,0,0,0,0,0,0,0,0,0,,0,0,0.243668,0.291257,0.319454,0.610712,0.273367,0.0589528,0.236219,0.249568,0.0757864,3.93837,0.312734,6.27629e-05,,0.0288974,-0.0120421,-2.59678e-05,-0.000544889,-0.000482126,0.000110563,-0.013841688341926783,0.0036777357909159036,67.9255,0.0,,0.0,,999.0,0.0,SS,/players/seaver-king/sa3025414/stats/batting,SS,24,,NL,Seaver King,814409,sa3025414,sa3025414
DET,Tigers,0,1,1,0,0,0,0,0,0,0,0,0,0,0,0,0,,0,0,0.221563,0.290421,0.351632,0.642053,0.285705,0.0779964,0.250412,0.311473,0.130069,4.5459,0.277189,0.0,,0.129371,-0.0343874,0.0,-0.00023303,-0.00023303,0.00010732,-0.033074310442316346,-0.014814814552664757,79.5813,-1.0,,-1.0,,999.0,0.015625,OF,/players/ben-malgeri/29577/stats/batting,OF,6,6.0,AL,Ben Malgeri,701162,29577,29577
LAD,Dodgers,0,0,0,0,0,0,0,0,0,0,0,0,0,0,0,0,,0,0,0.221563,0.290421,0.351632,0.642053,0.285705,0.0779964,0.250412,0.311473,0.130069,4.5459,0.277189,0.0,,0.0036963,-0.000982497,0.0,-6.658e-06,-6.658e-06,0.000103519,-0.0010403806577414798,0.0007716049440205097,78.284,0.0,,0.0,,999.0,0.07692308,C,/players/eliezer-alfonzo/22741/stats/batting,C,22,22.0,NL,Eliezer Alfonzo,672613,22741,22741
LAA,Angels,0,0,0,0,0,0,0,0,0,0,0,0,0,0,0,0,,0,0,0.2,0.272727,0.4,0.672727,0.294924,0.0909091,0.409091,0.222222,0.2,0.767857,0.3,-0.000195187,,0.0436464,-0.00752798,0.000324832,-0.000451157,-0.000646344,9.96545e-05,-0.0069246135535649955,-0.007391217252006754,87.5089,0.0,,0.0,,999.0,0.0,1B/DH,/players/niko-kavadas/29782/stats/batting,1B/DH,1,1.0,AL,Niko Kavadas,694359,29782,29782
BAL,Orioles,0,0,0,0,0,0,0,0,0,0,0,0,0,0,0,0,,0,0,0.251197,0.302702,0.394968,0.69767,0.306048,0.0658099,0.248841,0.264466,0.14377,3.09888,0.310943,-0.000237394,,0.0237646,-0.00182257,0.0,-0.000205446,-0.00044284,9.78964e-05,-0.001284458936424926,-0.005401234608143568,96.6511,0.0,,0.0,,748.0900268554688,0.37634409,1B,/players/ryan-mountcastle/18373/stats/batting,1B,2,2.0,AL,Ryan Mountcastle,663624,18373,18373
MIA,Marlins,0,0,0,0,0,0,0,0,0,0,0,0,0,0,0,0,,0,0,0.221563,0.290421,0.351632,0.642053,0.285705,0.0779964,0.250412,0.311473,0.130069,4.5459,0.277189,0.0,,0.0036963,-0.000982497,0.0,-6.658e-06,-6.658e-06,9.66915e-05,-0.0011074525305048155,0.0007716049440205097,76.875,0.0,,0.0,,999.0,0.0,C,/players/logan-driscoll/25475/stats/batting,C,20,20.0,NL,Logan Driscoll,686482,25475,25475
ATH,Athletics,0,0,0,0,0,0,0,0,0,0,0,0,0,0,0,0,,0,0,0.221563,0.290421,0.351632,0.642053,0.285705,0.0779964,0.250412,0.311473,0.130069,4.5459,0.277189,0.0,,0.0036963,-0.000982497,0.0,-6.658e-06,-6.658e-06,8.97469e-05,-0.0012883327203780937,0.0007716049440205097,72.1096,0.0,,0.0,,999.0,0.0,C,/players/bryan-lavastida/24765/stats/batting,C,10,10.0,AL,Bryan Lavastida,681526,24765,24765
CHW,White Sox,0,0,0,0,0,0,0,0,0,0,0,0,0,0,0,0,,0,0,0.221563,0.290421,0.351632,0.642053,0.285705,0.0779964,0.250412,0.311473,0.130069,4.5459,0.277189,0.0,,0.00808567,-0.00214921,0.0,-1.45644e-05,-1.45644e-05,8.06502e-05,-0.0019580302823669626,-0.0003086419601459056,80.6667,0.0,,0.0,,999.0,0.0,OF,/players/rikuu-nishida/33795/stats/batting,OF,4,4.0,AL,Rikuu Nishida,807747,33795,33795
PHI,Phillies,0,0,0,0,0,0,0,0,0,0,0,0,0,0,0,0,,0,0,0.225717,0.279409,0.414593,0.694003,0.301568,0.0612124,0.304795,0.200831,0.188876,4.57092,0.286971,2.31014e-05,,0.0137896,-0.00156269,0.0,9.11687e-05,0.00011427,6.85577e-05,-0.002156401169486344,-0.00138888880610466,85.4625,0.0,,0.0,,748.5900268554688,0.02970297,OF,/players/colby-thomas/31855/stats/batting,OF,26,26.0,NL,Colby Thomas,687515,31855,31855
LAD,Dodgers,0,0,0,0,0,0,0,0,0,0,0,0,0,0,0,0,,0,0,0.243225,0.295055,0.341028,0.636083,0.283308,0.0644157,0.251793,0.255828,0.0978027,5.50589,0.318077,0.000188432,,0.00395915,-0.00115829,0.0,0.000137608,0.000326039,6.84367e-05,-0.0008882744295988232,0.00015432099462486804,76.6768,0.0,,0.0,,740.77001953125,0.0,2B/SS,/players/hyeseong-kim/35322/stats/batting,2B/SS,22,22.0,NL,Hyeseong Kim,808975,35322,35322
CIN,Reds,0,0,0,0,0,0,0,0,0,0,0,0,0,0,0,0,,0,0,0.221563,0.290421,0.351632,0.642053,0.285705,0.0779964,0.250412,0.311473,0.130069,4.5459,0.277189,0.0,,0.00808567,-0.00214921,0.0,-1.45644e-05,-1.45644e-05,6.36072e-05,-0.0024963022506199195,0.00030864198924973607,76.1667,0.0,,0.0,,999.0,0.23076923,2B,/players/ivan-johnson/27593/stats/batting,2B,18,18.0,NL,Ivan Johnson,671155,27593,27593
SDP,Padres,0,0,0,0,0,0,0,0,0,0,0,0,0,0,0,0,,0,0,0.221563,0.290421,0.351632,0.642053,0.285705,0.0779964,0.250412,0.311473,0.130069,4.5459,0.277189,0.0,,0.00404283,-0.00107461,0.0,-7.28219e-06,-7.28219e-06,6.30191e-05,-0.0009414957635272003,0.00015432099462486804,82.0566,0.0,,0.0,,999.0,0.10344828,3B,/players/gage-workman/27573/stats/batting,3B,29,29.0,NL,Gage Workman,669398,27573,27573
CHW,White Sox,0,0,0,0,0,0,0,0,0,0,0,0,0,0,0,0,,0,0,0.205128,0.27907,0.333333,0.612403,0.274823,0.0930233,0.348837,0.266667,0.128205,5.75836,0.304348,-0.000166415,,0.00732594,-0.00290894,1.92098e-05,0.000700034,0.000533618,6.10717e-05,-0.0021695749601349235,-0.00028943218785570934,73.1091,0.0,,0.0,,999.0,0.0,OF,/players/junior-perez/23989/stats/batting,OF,4,4.0,AL,Junior Perez,678577,23989,23989
ATL,Braves,0,0,0,0,0,0,0,0,0,0,0,0,0,0,0,0,,0,0,0.229025,0.287492,0.348116,0.635608,0.282757,0.0630495,0.227803,0.276772,0.119091,3.20399,0.279921,-0.000116573,,0.015422,-0.00460908,0.0,-0.000214485,-0.000331058,5.97823e-05,-0.005225864355452359,0.00030864198924973607,75.9818,0.0,,0.0,,999.0,0.26168224,2B/SS,/players/kyle-farmer/14813/stats/batting,2B/SS,16,16.0,NL,Kyle Farmer,571657,14813,14813
BOS,Red Sox,0,0,0,0,0,0,0,0,0,0,0,0,0,0,0,0,,0,0,0.221563,0.290421,0.351632,0.642053,0.285705,0.0779964,0.250412,0.311473,0.130069,4.5459,0.277189,0.0,,0.00404283,-0.00107461,0.0,-7.28219e-06,-7.28219e-06,5.61085e-05,-0.0011326037961225666,0.00015432099462486804,77.611,0.0,,0.0,,999.0,0.0,OF,/players/braiden-ward/sa3017332/stats/batting,OF,3,,AL,Braiden Ward,685274,sa3017332,sa3017332
PIT,Pirates,0,0,0,0,0,0,0,0,0,0,0,0,0,0,0,0,,0,0,0.244128,0.298245,0.346942,0.645187,0.286732,0.0690734,0.22172,0.311535,0.102814,3.82033,0.306865,-3.70259e-05,,0.0122361,-0.00311625,-0.000178492,-0.000131174,-0.000168199,5.59234e-05,-0.003953877836465836,0.0002844712289515883,75.7629,0.0,,0.0,,999.0,0.01449275,2B/3B,/players/nick-yorke/27504/stats/batting,2B/3B,27,27.0,NL,Nick Yorke,694377,27504,27504
NYM,Mets,0,0,0,0,0,0,0,0,0,0,0,0,0,0,0,0,,0,0,0.221563,0.290421,0.351632,0.642053,0.285705,0.0779964,0.250412,0.311473,0.130069,4.5459,0.277189,0.0,,0.00404283,-0.00107461,0.0,-7.28219e-06,-7.28219e-06,5.24138e-05,-0.00104568066626598,0.00015432099462486804,80.0556,0.0,,0.0,,999.0,0.0,2B/3B/SS,/players/christian-cairo/sa3010028/stats/batting,2B/3B/SS,25,,NL,Christian Cairo,686551,sa3010028,sa3010028
MIL,Brewers,0,0,0,0,0,0,0,0,0,0,0,0,0,0,0,0,,0,0,0.221563,0.290421,0.351632,0.642053,0.285705,0.0779964,0.250412,0.311473,0.130069,4.5459,0.277189,0.0,,0.00404283,-0.00107461,0.0,-7.28219e-06,-7.28219e-06,4.69243e-05,-0.0010996082014571584,0.00015432099462486804,79.0198,0.0,,0.0,,999.0,0.0,2B/SS,/players/ethan-murray/sa3017051/stats/batting,2B/SS,23,,NL,Ethan Murray,696140,sa3017051,sa3017051
HOU,Astros,0,0,0,0,0,0,0,0,0,0,0,0,0,0,0,0,,0,0,0.233645,0.295455,0.367601,0.663056,0.292774,0.0649718,0.279661,0.232323,0.133956,5.16287,0.310185,-1.23215e-05,,0.00428958,-0.000827859,7.83824e-05,-8.77347e-06,-2.1095e-05,4.51103e-05,-0.0007017465213721152,-0.00038458053313661367,86.458,0.0,,0.0,,746.02001953125,0.0,OF,/players/joey-loperfido/29630/stats/batting,OF,21,21.0,AL,Joey Loperfido,694388,29630,29630
STL,Cardinals,0,0,0,0,0,0,0,0,0,0,0,0,0,0,0,0,,0,0,0.251119,0.29075,0.35075,0.6415,0.282475,0.0473798,0.212357,0.223113,0.0996309,2.94284,0.313097,-0.000328873,,0.0235805,-0.00712415,-0.0013159,-0.000329128,-0.000658001,3.81818e-05,-0.007672507141251117,-0.00038997578667476773,77.5455,0.0,,0.0,,999.0,0.07142857,3B,/players/cesar-prieto/30163/stats/batting,3B,28,28.0,NL,César Prieto,693409,30163,30163
MIA,Marlins,0,0,0,0,0,0,0,0,0,0,0,0,0,0,0,0,,0,0,0.221563,0.290421,0.351632,0.642053,0.285705,0.0779964,0.250412,0.311473,0.130069,4.5459,0.277189,0.0,,0.00404283,-0.00107461,0.0,-7.28219e-06,-7.28219e-06,3.55573e-05,-0.0012112755243833817,0.00015432099462486804,76.875,0.0,,0.0,,999.0,0.0,OF,/players/andrew-pintar/sa3020715/stats/batting,OF,20,,NL,Andrew Pintar,801464,sa3020715,sa3020715
NYY,Yankees,0,0,0,0,0,0,0,0,0,0,0,0,0,0,0,0,,0,0,0.221901,0.306808,0.341108,0.647916,0.29192,0.0967544,0.211325,0.457847,0.119207,4.99583,0.268119,6.27285e-06,,0.00425977,-0.000857673,0.0,3.35504e-05,3.98232e-05,3.44276e-05,-0.0007283090853889007,-0.00046296295477077365,84.7175,0.0,,0.0,,999.0,0.00694444,SS,/players/max-schuemann/24488/stats/batting,SS,9,9.0,AL,Max Schuemann,680474,24488,24488
LAD,Dodgers,0,0,0,0,0,0,0,0,0,0,0,0,0,0,0,0,,0,0,0.23206,0.281915,0.332825,0.61474,0.273731,0.058406,0.224265,0.260434,0.100765,4.21975,0.286159,9.84737e-05,,0.00362486,-0.00149258,0.000224261,-3.02596e-05,6.82142e-05,3.0991e-05,-0.0014803948361077346,0.0003785817534662783,70.256,0.0,,0.0,,746.030029296875,0.00574713,OF,/players/alek-thomas/23792/stats/batting,OF,22,22.0,NL,Alek Thomas,677950,23792,23792
SEA,Mariners,0,0,0,0,0,0,0,0,0,0,0,0,0,0,0,0,,0,0,0.214286,0.266667,0.25,0.516667,0.236984,0.0666667,0.266667,0.25,0.0357143,1.86161,0.3,-6.15886e-06,,0.0021414,-0.0025374,0.000341039,-5.29357e-05,-5.90946e-05,3.05702e-05,-0.0022107111908553634,0.0011126439203508198,53.1789,0.0,,0.0,,999.0,0.0,C,/players/willie-maciver/24641/stats/batting,C,11,11.0,AL,Willie MacIver,680862,24641,24641
,,0,0,0,0,0,0,0,0,0,0,0,0,0,0,0,0,,0,0,0.233529,0.329572,0.368528,0.6981,0.313503,0.122196,0.254581,0.479989,0.134998,1.52318,0.293443,-0.000379192,,0.0150394,-0.000312892,0.0,-0.000208046,-0.000587237,2.32123e-05,-0.0009348423045594245,-0.0032407406251877546,97.7353,0.0,,0.0,,377.510009765625,1.0,DH/OF,/players/marcell-ozuna/10324/stats/batting,DH/OF,-1,-1.0,,Marcell Ozuna,542303,10324,10324
SDP,Padres,0,0,0,0,0,0,0,0,0,0,0,0,0,0,0,0,,0,0,0.196721,0.257576,0.278689,0.536264,0.243586,0.0757576,0.318182,0.238095,0.0819672,5.2744,0.282051,-0.000235271,,0.0128631,-0.0127241,0.00324659,0.00104622,0.000810944,1.49598e-05,-0.011211182922124863,0.004326833877712488,53.8184,0.0,,0.0,,999.0,0.06666667,SS,/players/mason-mccoy/22232/stats/batting,SS,29,29.0,NL,Mason McCoy,669200,22232,22232
MIN,Twins,0,0,0,0,0,0,0,0,0,0,0,0,0,0,0,0,,0,0,0.249449,0.301387,0.350952,0.652339,0.290429,0.0627539,0.188575,0.332779,0.101503,3.48343,0.299,-3.80349e-05,,0.00420772,-0.000909715,-7.6096e-06,-4.27458e-05,-8.07807e-05,1.39534e-05,-0.0009218332343152724,-0.0004705725500571134,83.2667,0.0,,0.0,,999.0,0.0,OF,/players/gabriel-gonzalez/28833/stats/batting,OF,8,8.0,AL,Gabriel Gonzalez,694224,28833,28833
CHW,White Sox,0,0,0,0,0,0,0,0,0,0,0,0,0,0,0,0,,0,0,0.221563,0.290421,0.351632,0.642053,0.285705,0.0779964,0.250412,0.311473,0.130069,4.5459,0.277189,0.0,,0.00404283,-0.00107461,0.0,-7.28219e-06,-7.28219e-06,8.9073e-06,-0.0009790151411834813,-0.00046296295477077365,80.6667,0.0,,0.0,,999.0,0.0,OF,/players/jake-cave/14477/stats/batting,OF,4,4.0,AL,Jake Cave,595909,14477,14477
BOS,Red Sox,1,3,3,1,0,0,0,0,0,0,0,0,1,0,0,0,,0,0,0.235071,0.316179,0.339443,0.655623,0.295617,0.102884,0.21472,0.479154,0.104372,4.16456,0.29218,-0.00353657,,0.311608,-0.0517306,-0.0354772,0.00203863,-0.00149794,8.44161e-06,-0.056829377193935215,-0.05168089084327221,84.495,2.6,2.6,2.6,2.6,999.0,0.00884956,1B/2B,/players/nick-sogard/25483/stats/batting,1B/2B,3,3.0,AL,Nick Sogard,686765,25483,25483
DET,Tigers,0,0,0,0,0,0,0,0,0,0,0,0,0,0,0,0,,0,0,0.221563,0.290421,0.351632,0.642053,0.285705,0.0779964,0.250412,0.311473,0.130069,4.5459,0.277189,0.0,,0.00404283,-0.00107461,0.0,-7.28219e-06,-7.28219e-06,3.35378e-06,-0.0010335718429814733,-0.00046296295477077365,79.5813,0.0,,0.0,,999.0,0.125,OF,/players/corey-julks/20311/stats/batting,OF,6,6.0,AL,Corey Julks,667452,20311,20311
CHC,Cubs,0,2,2,0,0,0,0,0,0,0,0,0,1,0,0,0,,0,0,0.220492,0.316269,0.386352,0.702622,0.312478,0.107097,0.257551,0.415829,0.165861,2.25344,0.270105,-0.00264798,,0.243891,-0.0068631,-0.0210237,-0.00280928,-0.00545726,-4.87198e-06,-0.010430974420160055,-0.05852373316884041,98.0504,-2.0,,-2.0,,999.0,0.22707424,OF,/players/michael-conforto/16376/stats/batting,OF,17,17.0,NL,Michael Conforto,624424,16376,16376
TBR,Rays,0,0,0,0,0,0,0,0,0,0,0,0,0,0,0,0,,0,0,0.181695,0.279772,0.347116,0.626889,0.279264,0.106984,0.306724,0.348794,0.165421,4.55705,0.231331,0.0,,0.00381802,-0.00129942,0.0,9.06391e-05,9.06391e-05,-8.71452e-06,-0.0011521284759510309,-0.00046296295477077365,75.2743,0.0,,0.0,,999.0,0.0,OF,/players/jack-suwinski/22244/stats/batting,OF,12,12.0,AL,Jack Suwinski,669261,22244,22244
CIN,Reds,0,0,0,0,0,0,0,0,0,0,0,0,0,0,0,0,,0,0,0.243245,0.288372,0.32989,0.618262,0.27488,0.0555389,0.219227,0.25334,0.0866446,4.19211,0.30472,-3.34555e-05,,0.00732994,-0.00290494,3.58684e-05,-1.34159e-05,-4.68715e-05,-1.29585e-05,-0.00328433685717755,0.00034451040482963435,68.9091,0.0,,0.0,,999.0,0.0,2B,/players/edwin-arroyo/29957/stats/batting,2B,18,18.0,NL,Edwin Arroyo,695490,29957,29957
SFG,Giants,1,3,3,1,0,0,0,0,0,0,0,0,1,0,0,0,,0,0,0.221563,0.290421,0.351632,0.642053,0.285705,0.0779964,0.250412,0.311473,0.130069,4.5459,0.277189,0.0,,0.315341,-0.0838193,0.0,-0.000568011,-0.000568011,-2.62193e-05,-0.07877318660030141,-0.03117283806204796,80.7426,2.6,2.6,2.6,2.6,999.0,0.2,OF,/players/chanteyon-davidson/33405/stats/batting,OF,30,30.0,NL,Bo Davidson,815589,33405,33405
MIA,Marlins,0,0,0,0,0,0,0,0,0,0,0,0,0,0,0,0,,0,0,0.221563,0.290421,0.351632,0.642053,0.285705,0.0779964,0.250412,0.311473,0.130069,4.5459,0.277189,0.0,,0.00404283,-0.00107461,0.0,-7.28219e-06,-7.28219e-06,-2.72783e-05,-0.0012112755243833817,-0.00046296295477077365,76.875,0.0,,0.0,,999.0,0.0,OF,/players/riley-alderman/sa3022562/stats/batting,OF,20,,NL,Kemp Alderman,694580,sa3022562,sa3022562
COL,Rockies,0,1,1,0,0,0,0,0,0,0,0,0,0,0,0,0,,0,0,0.239942,0.300858,0.39654,0.697399,0.306731,0.0775108,0.283526,0.273381,0.156599,5.5544,0.312808,0.00096597,,0.157634,-0.0112418,-0.00047419,0.00295356,0.00391953,-3.10317e-05,-0.03095953306183219,-0.01575196662452072,79.6994,-1.0,,-1.0,,232.9199981689453,0.02884615,OF,/players/jordan-beck/31431/stats/batting,OF,19,19.0,NL,Jordan Beck,687597,31431,31431
PHI,Phillies,0,0,0,0,0,0,0,0,0,0,0,0,0,0,0,0,,0,0,0.216435,0.291462,0.354472,0.645934,0.287214,0.0869102,0.270783,0.320959,0.138037,4.20117,0.2782,0.000192139,,0.00819099,-0.00204389,0.0,0.000112868,0.000305007,-3.30087e-05,-0.0022108688135631382,-0.0009259259095415473,75.8389,0.0,,0.0,,999.0,0.0,OF,/players/gabriel-rincones/31958/stats/batting,OF,26,26.0,NL,Gabriel Rincones Jr.,687282,31958,31958
CHC,Cubs,0,0,0,0,0,0,0,0,0,0,0,0,0,0,0,0,,0,0,0.221563,0.290421,0.351632,0.642053,0.285705,0.0779964,0.250412,0.311473,0.130069,4.5459,0.277189,0.0,,0.00404283,-0.00107461,0.0,-7.28219e-06,-7.28219e-06,-4.16002e-05,-0.0010433291931803979,-0.0007716049440205097,80.1007,0.0,,0.0,,999.0,0.2,1B,/players/bj-murray/29767/stats/batting,1B,17,17.0,NL,BJ Murray Jr.,681230,29767,29767
COL,Rockies,0,0,0,0,0,0,0,0,0,0,0,0,0,0,0,0,,0,0,0.252746,0.326856,0.338876,0.665732,0.301306,0.0955673,0.179669,0.531907,0.0861298,2.65702,0.305759,0.0,,0.00917477,-0.0010601,0.0,-0.00013518,-0.00013518,-4.40367e-05,-0.002627848240081221,-0.0006172839784994721,76.0618,0.0,,0.0,,999.0,0.0,3B,/players/vimael-machin/17684/stats/batting,3B,19,19.0,NL,Vimael Machín,605353,17684,17684
KCR,Royals,0,0,0,0,0,0,0,0,0,0,0,0,0,0,0,0,,0,0,0.230309,0.297253,0.337876,0.635129,0.28437,0.0854465,0.214676,0.398025,0.107567,3.62433,0.283893,-0.000429281,,0.0439585,-0.0123333,-0.00556669,-0.000202127,-0.000631408,-4.80923e-05,-0.013736225198954344,-0.0035605216398835182,76.2973,0.0,,0.0,,999.0,0.03361345,3B,/players/josh-rojas/19734/stats/batting,3B,7,7.0,AL,Josh Rojas,668942,19734,19734
PIT,Pirates,0,0,0,0,0,0,0,0,0,0,0,0,0,0,0,0,,0,0,0.215823,0.285744,0.336645,0.62239,0.278049,0.0835031,0.256517,0.325527,0.120822,4.29179,0.277474,2.42803e-05,,0.0075512,-0.00268368,-0.000508058,1.48893e-05,3.91696e-05,-4.86254e-05,-0.0030907948457752354,-0.00019941595382988453,69.9415,0.0,,0.0,,999.0,0.02222222,OF,/players/tyler-callihan/27497/stats/batting,OF,27,27.0,NL,Tyler Callihan,682997,27497,27497
ARI,Diamondbacks,0,0,0,0,0,0,0,0,0,0,0,0,0,0,0,0,,0,0,0.221563,0.290421,0.351632,0.642053,0.285705,0.0779964,0.250412,0.311473,0.130069,4.5459,0.277189,0.0,,0.00404283,-0.00107461,0.0,-7.28219e-06,-7.28219e-06,-5.43318e-05,-0.0011684017404149927,-0.0007716049440205097,77.6985,0.0,,0.0,,999.0,0.3125,1B/DH,/players/lujames-groover/33552/stats/batting,1B/DH,15,15.0,NL,LuJames Groover,694410,33552,33552
CHW,White Sox,0,0,0,0,0,0,0,0,0,0,0,0,0,0,0,0,,0,0,0.221563,0.290421,0.351632,0.642053,0.285705,0.0779964,0.250412,0.311473,0.130069,4.5459,0.277189,0.0,,0.0121285,-0.00322382,0.0,-2.18466e-05,-2.18466e-05,-6.75315e-05,-0.002937045515864156,-0.002314814832061529,80.6667,0.0,,0.0,,999.0,0.13043478,1B,/players/tim-elko/31522/stats/batting,1B,4,4.0,AL,Tim Elko,671284,31522,31522
NYM,Mets,0,0,0,0,0,0,0,0,0,0,0,0,0,0,0,0,,0,0,0.196039,0.277291,0.355862,0.633153,0.281435,0.0934581,0.302457,0.308996,0.159823,3.67921,0.253664,3.86722e-07,,0.0116813,-0.00367099,0.0,-2.97319e-05,-2.93452e-05,-7.75483e-05,-0.003591716687878943,-0.0013888889225199819,77.1926,0.0,,0.0,,999.0,0.33333333,OF,/players/mj-melendez/22197/stats/batting,OF,25,25.0,NL,MJ Melendez,669004,22197,22197
COL,Rockies,0,0,0,0,0,0,0,0,0,0,0,0,0,0,0,0,,0,0,0.252014,0.327899,0.39988,0.72778,0.322795,0.0824312,0.240048,0.343395,0.147866,5.0124,0.314582,1.99094e-05,,0.0160126,0.00066024,-0.00411966,-3.48882e-06,1.64206e-05,-9.26417e-05,-0.0014721859606652288,-0.003656693996163085,90.4695,0.0,,0.0,,256.3399963378906,0.0,2B/OF,/players/willi-castro/17338/stats/batting,2B/OF,19,19.0,NL,Willi Castro,650489,17338,17338
TOR,Blue Jays,0,0,0,0,0,0,0,0,0,0,0,0,0,0,0,0,,0,0,0.221563,0.290421,0.351632,0.642053,0.285705,0.0779964,0.250412,0.311473,0.130069,4.5459,0.277189,0.0,,0.024257,-0.00644764,0.0,-4.36932e-05,-4.36932e-05,-9.86106e-05,-0.005824633579322835,-0.0043209875002503395,80.8307,0.0,,0.0,,999.0,0.34782609,1B/DH,/players/sean-keys/35094/stats/batting,1B/DH,14,14.0,AL,Sean Keys,815873,35094,35094
WSN,Nationals,0,0,0,0,0,0,0,0,0,0,0,0,0,0,0,0,,0,0,0.222991,0.275106,0.302385,0.577491,0.260264,0.0621547,0.311149,0.199759,0.0793944,5.23596,0.316709,0.000169094,,0.0157738,-0.00981335,0.00386852,1.65825e-05,0.000185677,-0.000127119,-0.01045108620019164,0.0021709842840209603,59.1401,0.0,,0.0,,999.0,0.0,OF,/players/andrew-pinckney/33357/stats/batting,OF,24,24.0,NL,Andrew Pinckney,687605,33357,33357
BOS,Red Sox,0,0,0,0,0,0,0,0,0,0,0,0,0,0,0,0,,0,0,0.212586,0.279454,0.326208,0.605662,0.271339,0.0753449,0.230581,0.326762,0.113622,5.54695,0.260792,0.0,,0.0177068,-0.00788039,0.0,0.000878277,0.000878277,-0.000132924,-0.0072556937811896205,-0.001697530853562057,67.6338,0.0,,0.0,,999.0,0.08333333,OF,/players/nate-eaton/25055/stats/batting,OF,3,3.0,AL,Nate Eaton,681987,25055,25055
TEX,Rangers,0,0,0,0,0,0,0,0,0,0,0,0,0,0,0,0,,0,0,0.220715,0.279073,0.333793,0.612867,0.273625,0.0728752,0.246924,0.295133,0.113078,2.76874,0.273001,-0.000864656,,0.0264862,-0.0109442,-0.00823688,-0.00028991,-0.00115457,-0.000162121,-0.010715670301578939,-0.0020640366710722446,73.9927,0.0,,0.0,,999.0,0.18120805,C,/players/kyle-higashioka/5517/stats/batting,C,13,13.0,AL,Kyle Higashioka,543309,5517,5517
KCR,Royals,0,0,0,0,0,0,0,0,0,0,0,0,0,0,0,0,,0,0,0.221563,0.290421,0.351632,0.642053,0.285705,0.0779964,0.250412,0.311473,0.130069,4.5459,0.277189,0.0,,0.0121285,-0.00322382,0.0,-2.18466e-05,-2.18466e-05,-0.000214618,-0.003456068327068351,-0.0032407406251877546,77.2246,0.0,,0.0,,999.0,0.0,OF,/players/gavin-cross/sa3019985/stats/batting,OF,7,,AL,Gavin Cross,688457,sa3019985,sa3019985
CIN,Reds,0,0,0,0,0,0,0,0,0,0,0,0,0,0,0,0,,0,0,0.190476,0.227273,0.238095,0.465368,0.210485,0.0454546,0.318182,0.142857,0.0476191,2.01786,0.285714,1.10683e-05,,0.00388717,-0.0101492,0.00210487,-0.000123746,-0.000112678,-0.000248487,-0.01071795129973907,0.004419686272740364,25.7363,0.0,,0.0,,999.0,0.0,C,/players/will-banfield/23790/stats/batting,C,18,18.0,NL,Will Banfield,677943,23790,23790
CLE,Guardians,0,0,0,0,0,0,0,0,0,0,0,0,0,0,0,0,,0,0,0.221563,0.290421,0.351632,0.642053,0.285705,0.0779964,0.250412,0.311473,0.130069,4.5459,0.277189,0.0,,0.0323427,-0.00859685,0.0,-5.82575e-05,-5.82575e-05,-0.000270188,-0.007791358570102602,-0.00709876511245966,80.7681,0.0,,0.0,,999.0,0.0,1B,/players/raffaele-velazquez/sa3023013/stats/batting,1B,5,,AL,Ralphy Velazquez,806252,sa3023013,sa3023013
NYM,Mets,0,0,0,0,0,0,0,0,0,0,0,0,0,0,0,0,,0,0,0.23096,0.283414,0.355973,0.639386,0.282706,0.06597,0.21187,0.31137,0.125013,3.19866,0.274816,-0.000310486,,0.0157526,-0.00471718,0.0,-8.60877e-05,-0.000396574,-0.000278806,-0.004968924244167283,-0.003395061707124114,78.0448,0.0,,0.0,,748.2100219726562,0.09090909,1B,/players/eric-wagaman/23395/stats/batting,1B,25,25.0,NL,Eric Wagaman,676572,23395,23395
,,0,0,0,0,0,0,0,0,0,0,0,0,0,0,0,0,,0,0,0.217005,0.300802,0.321126,0.621928,0.281667,0.104133,0.194699,0.534842,0.104121,3.43043,0.253209,-0.000749605,,0.0234112,-0.00729342,0.00130131,-0.000214339,-0.000963943,-0.000289896,-0.008326792914886028,-0.0033283194061368704,76.0152,0.0,,0.0,,999.0,0.14615385,1B,/players/carlos-santana/2396/stats/batting,1B,-1,-1.0,,Carlos Santana,467793,2396,2396
TOR,Blue Jays,0,0,0,0,0,0,0,0,0,0,0,0,0,0,0,0,,0,0,0.234087,0.295223,0.371051,0.666274,0.294229,0.078007,0.23425,0.333008,0.136964,2.11414,0.289551,-8.25464e-05,,0.0130212,-0.00233115,-0.00397557,-0.000183242,-0.000265788,-0.000309413,-0.0022635957575403154,-0.005364462384022772,86.7508,0.0,,0.0,,999.0,0.01538462,OF,/players/yohendrick-pinango/26664/stats/batting,OF,14,14.0,AL,Yohendrick Piñango,682818,26664,26664
LAD,Dodgers,0,2,2,0,0,0,0,0,0,0,0,0,0,0,0,0,,0,0,0.222262,0.279703,0.35819,0.637893,0.282065,0.0728838,0.236206,0.308561,0.135928,2.76179,0.268281,-0.00092623,,0.17621,-0.0540748,-0.00578062,-0.00219069,-0.00311692,-0.000366529,-0.05971300066448748,-0.0071695041842758656,75.8436,-2.0,,-2.0,,999.0,0.0125,OF,/players/enrique-hernandez/10472/stats/batting,OF,22,22.0,NL,Enrique Hernández,571771,10472,10472
LAA,Angels,0,0,0,0,0,0,0,0,0,0,0,0,0,0,0,0,,0,0,0.190476,0.227273,0.238095,0.465368,0.210485,0.0454546,0.227273,0.2,0.0476191,2.01786,0.25,-2.89302e-05,,0.00259144,-0.00676616,-0.00137927,-8.24972e-05,-0.000111427,-0.000375452,-0.006649067399848718,0.000163935124874115,28.8675,0.0,,0.0,,999.0,0.0,C,/players/sebastian-rivero/21735/stats/batting,C,1,1.0,AL,Sebastián Rivero,665861,21735,21735
BAL,Orioles,0,1,1,0,0,0,0,0,0,0,0,0,0,0,0,0,,0,0,0.22784,0.281695,0.394804,0.676499,0.295149,0.0612324,0.270902,0.226032,0.166964,2.34398,0.28136,-0.000867315,,0.0918223,-0.0156439,-0.00305098,-0.0010805,-0.00194781,-0.000407412,-0.013471702695824206,-0.0226497498806566,89.0821,-1.0,,-1.0,,999.0,0.01666667,OF,/players/heston-kjerstad/31166/stats/batting,OF,2,2.0,AL,Heston Kjerstad,677008,31166,31166
MIA,Marlins,0,0,0,0,0,0,0,0,0,0,0,0,0,0,0,0,,0,0,0.221563,0.290421,0.351632,0.642053,0.285705,0.0779964,0.250412,0.311473,0.130069,4.5459,0.277189,0.0,,0.024257,-0.00644764,0.0,-4.36932e-05,-4.36932e-05,-0.000415012,-0.007267653647431871,-0.005246913526207209,76.875,0.0,,0.0,,999.0,0.0,1B,/players/jonathon-long/sa3022864/stats/batting,1B,20,,NL,Jonathon Long,675085,sa3022864,sa3022864
SFG,Giants,1,3,3,1,0,0,0,0,0,0,0,0,1,0,0,0,,0,0,0.231371,0.289107,0.359225,0.648331,0.286702,0.0732652,0.239983,0.305293,0.127854,3.31448,0.287749,-0.00102226,,0.285435,-0.072786,3.32388e-05,-0.00242046,-0.00344271,-0.00045898,-0.07119039632380009,-0.03175688729970716,81.4111,2.6,2.6,2.6,2.6,589.5399780273438,0.01626016,2B/3B,/players/marcelo-mayer/29668/stats/batting,2B/3B,30,30.0,NL,Marcelo Mayer,691785,29668,29668
WSN,Nationals,0,0,0,0,0,0,0,0,0,0,0,0,0,0,0,0,,0,0,0.227273,0.26087,0.272727,0.533597,0.24004,0.0434783,0.217391,0.2,0.0454546,1.60119,0.294118,-2.3949e-05,,0.00734648,-0.00800584,-0.000398994,-0.000161828,-0.000185777,-0.000511023,-0.008685659151524305,-0.0005533149233087897,45.5812,0.0,,0.0,,999.0,0.0,3B,/players/trey-lipscomb/31567/stats/batting,3B,24,24.0,NL,Trey Lipscomb,702358,31567,31567
ATL,Braves,0,1,1,0,0,0,0,0,0,0,0,0,0,0,0,0,,0,0,0.244982,0.308093,0.380623,0.688715,0.304499,0.0787734,0.197615,0.398621,0.135641,2.77856,0.283295,-0.00365925,,0.155062,-0.0138131,0.00399891,-0.00142597,-0.00508521,-0.000603886,-0.021307146176695824,-0.0310319559648633,90.5584,-1.0,,-1.0,,999.0,0.57446809,1B,/players/dominic-smith/15653/stats/batting,1B,16,16.0,NL,Dominic Smith,642086,15653,15653
NYY,Yankees,1,4,4,1,1,0,0,0,1,1,0,0,1,0,0,0,,0,0,0.227647,0.295606,0.407728,0.703333,0.308049,0.0848898,0.368771,0.230196,0.18008,5.50047,0.33242,0.00497439,,0.453341,-0.0276986,-0.15816,0.0118637,0.0168381,-0.000676678,-0.0024436786770820618,-0.14797514397650957,95.9189,1.6,1.6,1.6,1.6,999.0,0.05376344,OF,/players/spencer-jones/31532/stats/batting,OF,9,9.0,AL,Spencer Jones,682987,31532,31532
PHI,Phillies,1,3,3,1,1,0,0,0,0,0,0,0,1,0,0,0,,0,0,0.267832,0.318533,0.365818,0.684351,0.303654,0.0661655,0.194007,0.341047,0.097986,6.8586,0.329991,0.00879194,,0.350203,-0.0336047,-0.0932042,0.0115572,0.0203492,-0.000724319,-0.030955078080296516,-0.08163015637546778,86.8614,2.6,2.6,2.6,2.6,999.0,0.00684932,OF,/players/justin-crawford/31791/stats/batting,OF,26,26.0,NL,Justin Crawford,702222,31791,31791
TEX,Rangers,0,0,0,0,0,0,0,0,0,0,0,0,0,0,0,0,,0,0,0.218082,0.272461,0.374009,0.64647,0.283842,0.067868,0.279635,0.242702,0.155926,6.16133,0.275794,0.000547032,,0.0198891,-0.00569812,-0.0132721,0.00108632,0.00163336,-0.000780122,-0.00311926391441375,-0.012191901681944728,81.0887,0.0,,0.0,,999.0,0.03225806,2B/OF,/players/cameron-cauley/29710/stats/batting,2B/OF,13,13.0,AL,Cam Cauley,695508,29710,29710
CIN,Reds,0,0,0,0,0,0,0,0,0,0,0,0,0,0,0,0,,0,0,0.242543,0.291328,0.347882,0.63921,0.283981,0.06114,0.239586,0.255191,0.105339,4.14136,0.303296,0.000217708,,0.0199132,-0.00567399,-0.00604495,-0.00011496,0.000102748,-0.000786968,-0.006402561644790694,-0.00835976330563426,75.0106,0.0,,0.0,,147.7100067138672,0.01290323,3B/OF,/players/noelvi-marte/26517/stats/batting,3B/OF,18,18.0,NL,Noelvi Marte,682622,26517,26517
ATL,Braves,0,0,0,0,0,0,0,0,0,0,0,0,0,0,0,0,,0,0,0.2,0.259259,0.24,0.499259,0.230344,0.0740741,0.296296,0.25,0.04,6.61554,0.294118,-0.000501371,,0.0126622,-0.0180424,0.000223478,0.00351003,0.00300866,-0.000787534,-0.0154717022087425,-0.0007024477963568643,40.8415,0.0,,0.0,,999.0,0.02898551,OF,/players/dashawn-keirsey-jr/24496/stats/batting,OF,16,16.0,NL,DaShawn Keirsey Jr.,680577,24496,24496
TBR,Rays,0,0,0,0,0,0,0,0,0,0,0,0,0,0,0,0,,0,0,0.239742,0.319871,0.31617,0.636041,0.289837,0.104045,0.225908,0.460566,0.0764283,2.85744,0.309667,-0.0001117,,0.0125612,-0.00279113,-0.0103547,-0.0001835,-0.000295201,-0.000836711,-0.0029163644940126687,-0.009891763620544225,82.6167,0.0,,0.0,,745.989990234375,0.43382353,2B,/players/gavin-lux/19955/stats/batting,2B,12,12.0,AL,Gavin Lux,666158,19955,19955
,,0,0,0,0,0,0,0,0,0,0,0,0,0,0,0,0,,0,0,0.206148,0.253469,0.26576,0.519229,0.235296,0.0568355,0.304407,0.186709,0.0596117,4.58995,0.294481,0.001361,,0.0205493,-0.0255076,0.000291057,-0.000126097,0.0012349,-0.000902785,-0.024376858957111835,0.00229723026859574,44.3791,0.0,,0.0,,999.0,0.0,SS,/players/andrew-velazquez/14196/stats/batting,SS,-1,-1.0,,Andrew Velazquez,623205,14196,14196
CLE,Guardians,0,1,2,0,0,0,0,0,0,0,0,0,0,0,0,0,,0,0,0.214378,0.315886,0.389249,0.705136,0.313697,0.120542,0.277966,0.433658,0.174871,2.56954,0.266167,-0.00428263,,0.175697,-0.00341352,-0.0255098,-0.00182263,-0.00610526,-0.000920723,-0.005739893385907635,-0.05683695711195469,100.208,-1.0,,-1.0,,737.989990234375,0.15697674,1B,/players/rhys-hoskins/16472/stats/batting,1B,5,5.0,AL,Rhys Hoskins,656555,16472,16472
TEX,Rangers,0,0,0,0,0,0,0,0,0,0,0,0,0,0,0,0,,0,0,0.220646,0.279699,0.35056,0.630259,0.280062,0.0705046,0.277014,0.254517,0.129914,2.48507,0.281215,-0.00132974,,0.0413155,-0.0136604,-0.00605675,-0.000561904,-0.00189164,-0.000964343,-0.013520609587430954,-0.01238390663638711,78.4632,0.0,,0.0,,246.50999450683594,0.08900524,C,/players/logan-ohoppe/24729/stats/batting,C,13,13.0,AL,Logan O'Hoppe,681351,24729,24729
NYM,Mets,0,1,1,0,0,0,0,0,0,0,0,0,0,0,0,0,,0,0,0.237647,0.281583,0.357862,0.639445,0.280591,0.0545177,0.263056,0.207248,0.120215,4.9167,0.304248,0.00101081,,0.123658,-0.0400996,-0.000150808,0.000640393,0.00165121,-0.0009898579,-0.03728979639708996,-0.01743475983676035,76.627,-1.0,,-1.0,,999.0,0.07894737,2B/3B,/players/ronny-mauricio/23698/stats/batting,2B/3B,25,25.0,NL,Ronny Mauricio,677595,23698,23698
ARI,Diamondbacks,0,0,0,0,0,0,0,0,0,0,0,0,0,0,0,0,,0,0,0.244805,0.282581,0.327568,0.610149,0.27131,0.048073,0.236346,0.203401,0.0827627,4.67868,0.312425,0.000316281,,0.0389438,-0.017348,-0.00805897,-0.000812292,-0.000496011,-0.00101761,-0.01879564643604681,-0.006670081871561706,68.0473,0.0,,0.0,,999.0,0.30985915,1B/3B/DH,/players/jose-fernandez/28020/stats/batting,1B/3B/DH,15,15.0,NL,Jose Fernandez,699912,28020,28020
NYM,Mets,0,1,2,0,0,0,0,0,0,0,0,0,0,0,0,0,,0,0,0.233886,0.293758,0.304533,0.598291,0.270763,0.0727752,0.255465,0.284874,0.0706473,5.5791,0.313331,0.00339324,,0.130287,-0.0590581,-0.00191717,0.00757153,0.0109648,-0.00102456,-0.04675368592143059,-0.015343093546107411,70.038,-1.0,,-1.0,,999.0,0.15789474,OF,/players/nick-morabito/32119/stats/batting,OF,25,25.0,NL,Nick Morabito,703492,32119,32119
SDP,Padres,0,1,1,0,0,0,0,0,0,0,0,0,0,0,0,0,,0,0,0.239759,0.305849,0.315186,0.621035,0.28109,0.0827136,0.234252,0.353097,0.0754272,5.89156,0.314284,0.00247982,,0.108688,-0.0346001,-0.0125302,0.00408254,0.00656236,-0.0010408,-0.024106725584715605,-0.025493194349110126,78.9622,-1.0,,-1.0,,999.0,0.03921569,OF,/players/samad-taylor/22274/stats/batting,OF,29,29.0,NL,Samad Taylor,669392,22274,22274
NYY,Yankees,1,4,4,1,1,0,0,0,0,0,0,0,1,0,0,0,,0,0,0.248625,0.315992,0.412212,0.728204,0.320078,0.0765756,0.247384,0.309541,0.163587,4.03873,0.304678,-0.00400715,,0.477081,0.0113938,-0.12123,-0.000408513,-0.00441567,-0.00104694,0.01512634800747037,-0.16459406167268753,104.273,1.6,1.6,1.6,1.6,218.8000030517578,0.01486989,OF,/players/heliot-ramos/22515/stats/batting,OF,9,9.0,AL,Heliot Ramos,671218,22515,22515
MIN,Twins,0,1,2,0,0,0,0,0,0,0,0,0,0,0,0,0,,0,0,0.221563,0.290421,0.351632,0.642053,0.285705,0.0779964,0.250412,0.311473,0.130069,4.5459,0.277189,0.0,,0.141499,-0.0376112,0.0,-0.000254877,-0.000254877,-0.00106684,-0.03546291563543491,-0.028549382463097572,79.9861,-1.0,,-1.0,,999.0,0.0,1B,/players/aaron-sabato/27774/stats/batting,1B,8,8.0,AL,Aaron Sabato,693306,27774,27774
ARI,Diamondbacks,1,2,3,1,0,0,0,0,0,0,0,0,0,0,0,0,,0,0,0.245565,0.291119,0.361345,0.652464,0.287291,0.0552398,0.117091,0.471766,0.115781,4.54961,0.265042,-0.00112484,,0.245892,-0.061154,0.001898,-0.00251635,-0.0036412,-0.00107537,-0.06998606049455702,-0.024953851592727005,78.762,3.6,3.6,3.6,3.6,999.0,0.06701031,2B/3B,/players/ildemaro-vargas/13324/stats/batting,2B/3B,15,15.0,NL,Ildemaro Vargas,545121,13324,13324
CLE,Guardians,0,2,2,0,0,0,0,0,0,0,0,0,0,0,0,0,,0,0,0.239426,0.290638,0.373355,0.663993,0.292906,0.0538885,0.210339,0.256198,0.133929,4.89825,0.28478,0.00201337,,0.188945,-0.0362221,-0.0291878,0.00170972,0.00372309,-0.00108173,-0.027748430846258998,-0.050175461918115616,85.7694,-2.0,,-2.0,,748.5800170898438,0.0,OF,/players/angel-martinez/26540/stats/batting,OF,5,5.0,AL,Angel Martínez,682657,26540,26540
SFG,Giants,1,3,3,1,0,0,0,0,0,0,0,0,1,0,0,0,,0,0,0.221563,0.290421,0.351632,0.642053,0.285705,0.0779964,0.250412,0.311473,0.130069,4.5459,0.277189,0.0,,0.287041,-0.076297,0.0,-0.000517036,-0.000517036,-0.00110979,-0.07170378731098026,-0.039043206721544266,80.7426,2.6,2.6,2.6,2.6,999.0,0.18181818,OF,/players/scott-bandura/33398/stats/batting,OF,30,30.0,NL,Scott Bandura,814154,33398,33398
TEX,Rangers,1,3,3,1,1,0,0,0,0,0,0,0,0,0,0,0,,0,0,0.234159,0.292962,0.27702,0.569982,0.260461,0.06894,0.160046,0.430751,0.0428603,4.39458,0.281913,0.00227545,,0.205507,-0.127126,-0.0116204,0.00172176,0.00399722,-0.00116733,-0.11083766492083669,-4.628952592611313e-05,64.8505,2.6,2.6,2.6,2.6,999.0,0.0,2B/SS,/players/nicky-lopez/19339/stats/batting,2B/SS,13,13.0,AL,Nicky Lopez,670032,19339,19339
SFG,Giants,1,2,2,0,0,0,0,0,0,0,0,0,1,0,0,0,,0,0,0.221563,0.290421,0.351632,0.642053,0.285705,0.0779964,0.250412,0.311473,0.130069,4.5459,0.277189,0.0,,0.21427,-0.0569541,0.0,-0.000385956,-0.000385956,-0.00117624,-0.053525359864579514,-0.03256172686815262,80.7426,-2.0,-2.0,-2.0,-2.0,999.0,0.06060606,OF,/players/turner-hill/32053/stats/batting,OF,30,30.0,NL,Turner Hill,806367,32053,32053
LAA,Angels,0,0,0,0,0,0,0,0,0,0,0,0,0,0,0,0,,0,0,0.24814,0.303807,0.337665,0.641473,0.286747,0.0615559,0.209481,0.29385,0.0895254,5.10245,0.304061,0.000147489,,0.0203959,-0.00519125,-0.0130491,0.000123149,0.000270637,-0.00122278,-0.00429575314046815,-0.015363955404609442,81.8297,0.0,,0.0,,999.0,0.03225806,OF,/players/gustavo-campero/22707/stats/batting,OF,1,1.0,AL,Gustavo Campero,672569,22707,22707
PIT,Pirates,0,1,1,0,0,0,0,0,0,0,0,0,0,0,0,0,,0,0,0.221563,0.290421,0.351632,0.642053,0.285705,0.0779964,0.250412,0.311473,0.130069,4.5459,0.277189,0.0,,0.101071,-0.0268652,0.0,-0.000182055,-0.000182055,-0.00123473,-0.03262577184068505,-0.014660493470728397,75.0742,-1.0,,-1.0,,999.0,0.2173913,OF,/players/ronny-simon/25346/stats/batting,OF,27,27.0,NL,Ronny Simon,682927,25346,25346
ATL,Braves,1,2,3,1,0,0,0,0,0,0,0,0,1,0,0,0,,0,0,0.227171,0.317052,0.388166,0.705218,0.312963,0.104241,0.234078,0.445327,0.160995,3.31415,0.273769,-0.00183114,,0.309647,-0.00763466,-0.0466305,-0.00281908,-0.00465022,-0.00132141,-0.016810571774840355,-0.08335893973708153,96.2329,3.6,3.6,3.6,3.6,656.0999755859375,0.02405498,OF,/players/mike-yastrzemski/14854/stats/batting,OF,16,16.0,NL,Mike Yastrzemski,573262,14854,14854
COL,Rockies,0,2,2,0,0,0,0,0,0,0,0,0,0,0,0,0,,0,0,0.258833,0.329693,0.400246,0.729939,0.323496,0.0732713,0.193083,0.379481,0.141413,4.62438,0.305256,-0.00105158,,0.241288,0.0110033,-0.0235829,0.00231808,0.00126649,-0.00133699,-0.019962887512519956,-0.056453222408890724,90.9389,-2.0,,-2.0,,748.4099731445312,0.16939891,OF,/players/troy-johnston/26143/stats/batting,OF,19,19.0,NL,Troy Johnston,687859,26143,26143
LAD,Dodgers,0,1,1,0,0,0,0,0,0,0,0,0,0,0,0,0,,0,0,0.223901,0.306289,0.360173,0.666462,0.297939,0.10413,0.250807,0.415181,0.136272,2.87026,0.280397,-0.0014738,,0.0939954,-0.013617,-0.0442116,-0.000759443,-0.00223324,-0.00141711,-0.01702845306135714,-0.026464644819498062,86.4865,-1.0,,-1.0,,999.0,0.01574803,C,/players/hunter-feduccia/23372/stats/batting,C,22,22.0,NL,Hunter Feduccia,676439,23372,23372
COL,Rockies,0,0,0,0,0,0,0,0,0,0,0,0,0,0,0,0,,0,0,0.286668,0.341622,0.363801,0.705423,0.316017,0.0627441,0.130292,0.481564,0.077133,4.28689,0.32301,-9.12079e-06,,0.00510091,-1.65324e-05,-0.0152784,-5.54631e-05,-6.45839e-05,-0.00154039,-0.0007973983520059846,-0.01574135449482128,85.9249,0.0,,0.0,,745.8599853515625,0.19095477,OF,/players/tyler-freeman/22532/stats/batting,OF,19,19.0,NL,Tyler Freeman,671289,22532,22532
COL,Rockies,0,0,0,0,0,0,0,0,0,0,0,0,0,0,0,0,,0,0,0.208333,0.269231,0.25,0.519231,0.239203,0.0769231,0.230769,0.333333,0.0416667,2.19643,0.277778,0.000173504,,0.0145177,-0.0161869,-0.000162548,-0.000343573,-0.000170069,-0.00160576,-0.020654669147916138,-0.0035576100344769657,34.4257,0.0,,0.0,,999.0,0.4,DH/OF,/players/sterlin-thompson/31443/stats/batting,DH/OF,19,19.0,NL,Sterlin Thompson,694514,31443,31443
WSN,Nationals,0,2,2,0,0,0,0,0,0,0,0,0,1,0,0,0,,0,0,0.221144,0.292958,0.382993,0.675951,0.297989,0.0788115,0.242619,0.324836,0.161849,2.39642,0.262397,-0.00263843,,0.223581,-0.0322907,0.00086107,-0.00281547,-0.0054539,-0.00161383,-0.04597873706370592,-0.04018831392750144,84.4329,-2.0,,-2.0,,999.0,0.26829268,1B/DH,/players/abimelec-ortiz/29539/stats/batting,1B/DH,24,24.0,NL,Abimelec Ortiz,694673,29539,29539
HOU,Astros,0,1,1,0,0,0,0,0,0,0,0,0,0,0,0,0,,0,0,0.227561,0.285212,0.297174,0.582386,0.263457,0.0716888,0.208248,0.344248,0.0696131,3.96808,0.285528,-0.000441447,,0.0914551,-0.0518332,-0.0157189,-0.00117251,-0.00161396,-0.00163337,-0.04932532995007932,-0.009546022862195969,66.0982,-1.0,,-1.0,,999.0,0.00440529,SS,/players/nick-allen/22277/stats/batting,SS,21,21.0,AL,Nick Allen,669397,22277,22277
LAA,Angels,0,1,2,0,0,0,0,0,0,0,0,0,0,0,0,0,,0,0,0.233113,0.292018,0.314193,0.606212,0.272175,0.0703791,0.194859,0.361179,0.0810801,3.79326,0.285059,-0.00133919,,0.128539,-0.0556883,-0.00182473,-0.00177517,-0.00311436,-0.00177377,-0.0543037224560976,-0.01818275300320238,71.7098,-1.0,,-1.0,,999.0,0.07070707,2B,/players/adam-frazier/15223/stats/batting,2B,1,1.0,AL,Adam Frazier,624428,15223,15223
SFG,Giants,1,2,3,1,0,0,0,0,0,0,0,0,1,0,0,0,,0,0,0.211493,0.268845,0.341157,0.610002,0.270848,0.0619364,0.289875,0.213666,0.129664,4.14196,0.275005,0.000998324,,0.214978,-0.0971859,-0.0174489,3.38529e-05,0.00103218,-0.00183523,-0.09176322538405657,-0.01204770291224122,70.7817,3.6,3.6,3.6,3.6,999.0,0.05555556,3B,/players/shay-whitcomb/27789/stats/batting,3B,30,30.0,NL,Shay Whitcomb,694376,27789,27789
COL,Rockies,1,4,4,1,1,0,0,0,0,0,0,0,1,0,0,0,,0,0,0.221563,0.290421,0.351632,0.642053,0.285705,0.0779964,0.250412,0.311473,0.130069,4.5459,0.277189,0.0,,0.371941,-0.0988637,0.0,-0.000669963,-0.000669963,-0.00184799,-0.16543165483744815,0.017901234328746796,65.6026,1.6,1.6,1.6,1.6,999.0,0.0,OF,/players/cole-carrigg/33253/stats/batting,OF,19,19.0,NL,Cole Carrigg,694249,33253,33253
TBR,Rays,0,1,2,0,0,0,0,0,0,0,0,0,0,0,0,0,,0,0,0.232025,0.29548,0.376777,0.672257,0.296565,0.0796241,0.253878,0.313631,0.144752,4.83913,0.290329,-0.000613759,,0.163611,-0.0257344,-0.0396344,0.00206692,0.00145316,-0.00193034,-0.022185046458616853,-0.05336901545524597,87.2892,-1.0,,-1.0,,999.0,0.02970297,OF,/players/ryan-vilade/22165/stats/batting,OF,12,12.0,AL,Ryan Vilade,668723,22165,22165
WSN,Nationals,0,1,1,0,0,0,0,0,0,0,0,0,0,0,0,0,,0,0,0.234691,0.296981,0.344716,0.641697,0.286502,0.0788573,0.260417,0.302811,0.110025,4.14383,0.309476,-6.89575e-05,,0.0936253,-0.0240758,-0.0252668,-0.000757647,-0.000826605,-0.001933,-0.028690055129118264,-0.022643365431576967,76.7317,-1.0,,-1.0,,999.0,0.37748344,3B/DH,/players/jose-tena/23691/stats/batting,3B/DH,24,24.0,NL,José Tena,677588,23691,23691
PIT,Pirates,1,2,2,1,0,0,0,0,0,0,0,0,1,0,0,0,,0,0,0.233693,0.301433,0.36892,0.670354,0.29752,0.0858903,0.286653,0.299631,0.135228,2.81717,0.310508,-0.00263405,,0.244148,-0.0362877,-0.0739912,-0.00188364,-0.00451769,-0.00205395,-0.0530335521325469,-0.044207243248820305,82.9956,3.6,3.6,3.6,3.6,999.0,0.0,C/1B,/players/rafael-flores/31991/stats/batting,C/1B,27,27.0,NL,Rafael Flores Jr.,804668,31991,31991
PHI,Phillies,0,1,1,0,0,0,0,0,0,0,0,0,0,0,0,0,,0,0,0.24026,0.290609,0.374318,0.664927,0.293251,0.0642002,0.267859,0.239679,0.134058,2.81774,0.306476,-0.00222817,,0.146412,-0.0275805,-0.0160144,-0.00139079,-0.00361896,-0.00229526,-0.03922321740537882,-0.031137904152274132,79.8868,-1.0,,-1.0,,999.0,0.01960784,OF,/players/bryan-de-la-cruz/19600/stats/batting,OF,26,26.0,NL,Bryan De La Cruz,650559,19600,19600
LAA,Angels,1,3,4,1,1,0,0,0,0,0,0,0,1,0,0,0,,0,0,0.247658,0.324963,0.324549,0.649512,0.29458,0.0999296,0.218569,0.457199,0.0768904,3.98184,0.318327,-0.00030447,,0.352561,-0.0619513,-0.0613252,0.00114567,0.0008412,-0.00238762,-0.05098746030125767,-0.09635604172945023,87.2695,2.6,2.6,2.6,2.6,999.0,0.01886792,OF,/players/wade-meckler/31490/stats/batting,OF,1,1.0,AL,Wade Meckler,685133,31490,31490
PIT,Pirates,0,0,0,0,0,0,0,0,0,0,0,0,0,0,0,0,,0,0,0.207233,0.260096,0.327051,0.587147,0.260663,0.0622088,0.32786,0.189742,0.119819,3.55553,0.293247,-2.32732e-05,,0.00316871,-0.00194873,-0.0221922,-2.32933e-05,-4.65665e-05,-0.00238883,-0.002218435904069338,-0.02265520644141361,58.2851,0.0,,0.0,,999.0,0.03571429,OF,/players/jhostynxon-garcia/28142/stats/batting,OF,27,27.0,NL,Jhostynxon Garcia,691373,28142,28142
SEA,Mariners,0,1,1,0,0,0,0,0,0,0,0,0,0,0,0,0,,0,0,0.206534,0.282001,0.328215,0.610216,0.274191,0.0920403,0.292361,0.314817,0.12168,4.48261,0.272858,0.000139092,,0.12015,-0.0487251,-0.0448791,-0.00015926,-2.01672e-05,-0.00245674,-0.034820923960069194,-0.03978648642078042,79.0186,-1.0,,-1.0,,999.0,0.032,3B/OF,/players/weston-wilson/19358/stats/batting,3B/OF,11,11.0,AL,Weston Wilson,642215,19358,19358
COL,Rockies,1,2,2,1,0,0,0,0,0,0,0,0,1,0,0,0,,0,0,0.242871,0.307386,0.402296,0.709682,0.312366,0.0753098,0.256243,0.2939,0.159425,5.06319,0.304818,0.00179847,,0.273541,-0.00791816,-0.0227862,6.09299e-05,0.0018594,-0.00260778,-0.045454277424141765,-0.057508423924446106,83.4773,3.6,3.6,3.6,3.6,743.6599731445312,0.02222222,OF,/players/zac-veen/27770/stats/batting,OF,19,19.0,NL,Zac Veen,691728,27770,27770
ATH,Athletics,1,3,3,1,0,0,0,0,0,0,0,0,1,0,0,0,,0,0,0.221563,0.290421,0.351632,0.642053,0.285705,0.0779964,0.250412,0.311473,0.130069,4.5459,0.277189,0.0,,0.303212,-0.0805954,0.0,-0.000546165,-0.000546165,-0.00267838,-0.10568349045934156,-0.03533950448036194,72.1096,2.6,2.6,2.6,2.6,999.0,0.01666667,1B/3B,/players/tommy-white/35107/stats/batting,1B/3B,10,10.0,AL,Tommy White,695720,35107,35107
STL,Cardinals,1,2,2,1,0,0,0,0,0,0,0,0,0,0,0,0,,0,0,0.266145,0.34011,0.335726,0.675836,0.306149,0.0980643,0.176398,0.555926,0.0695807,4.59741,0.324919,0.000470671,,0.271117,-0.0205768,-0.0625165,0.00528737,0.00575805,-0.00273281,-0.013777228072285652,-0.0932263433933258,93.4173,3.6,3.6,3.6,3.6,999.0,0.109375,OF,/players/bryan-torres/21464/stats/batting,OF,28,28.0,NL,Bryan Torres,663494,21464,21464
STL,Cardinals,0,1,2,0,0,0,0,0,0,0,0,0,1,0,0,0,,0,0,0.227133,0.290936,0.388723,0.679659,0.299253,0.0778018,0.313054,0.248525,0.16159,4.22204,0.303392,-0.000876591,,0.167083,-0.0222624,-0.0400358,-0.000162177,-0.00103877,-0.00276284,-0.022625094279646873,-0.056548140943050385,88.7944,-1.0,,-1.0,,999.0,0.08196721,OF,/players/everson-pereira/23695/stats/batting,OF,28,28.0,NL,Everson Pereira,677592,23695,23695
TEX,Rangers,1,2,2,0,0,0,0,0,0,0,0,0,0,0,0,0,,0,0,0.223229,0.289642,0.381992,0.671634,0.296563,0.080612,0.217147,0.371232,0.158763,2.62451,0.256753,-0.0016751,,0.234358,-0.0368658,-0.0456172,-0.00292334,-0.00459844,-0.00284422,-0.03144194511696696,-0.07756160944700241,89.9232,-2.0,-2.0,-2.0,-2.0,999.0,0.29292929,2B/DH,/players/justin-foscue/27501/stats/batting,2B/DH,13,13.0,AL,Justin Foscue,679822,27501,27501
CIN,Reds,1,3,3,1,0,0,0,0,0,0,0,0,1,0,0,0,,0,0,0.241517,0.285804,0.395438,0.681242,0.297285,0.0551639,0.206023,0.267757,0.153921,4.00176,0.274559,-0.00112354,,0.324635,-0.0489377,-0.0294662,-0.00101395,-0.00213749,-0.00292718,-0.0632123970426619,-0.06820072792470455,83.9307,2.6,2.6,2.6,2.6,999.0,0.05128205,OF,/players/hector-rodriguez/29189/stats/batting,OF,18,18.0,NL,Héctor Rodríguez,699302,29189,29189
SFG,Giants,1,3,3,1,0,0,0,0,0,0,0,0,1,0,0,0,,0,0,0.215618,0.29611,0.341038,0.637148,0.285963,0.0864329,0.228086,0.378948,0.12542,4.36973,0.262467,0.0,,0.303888,-0.0799201,0.0,-0.00334796,-0.00334796,-0.00295568,-0.07786991447210312,-0.05663580074906349,80.9155,2.6,2.6,2.6,2.6,999.0,0.0,3B,/players/brett-harris/29788/stats/batting,3B,30,30.0,NL,Brett Harris,695391,29788,29788
PIT,Pirates,0,0,0,0,0,0,0,0,0,0,0,0,0,0,0,0,,0,0,0.222194,0.279442,0.305454,0.584895,0.263102,0.0696821,0.26342,0.264528,0.0832594,3.98855,0.29403,0.000455509,,0.0357921,-0.0204997,-0.0208456,-0.000429323,2.6186e-05,-0.00321114,-0.02292807866979274,-0.024086366407573223,59.9199,0.0,,0.0,,999.0,0.01162791,OF,/players/billy-cook/29573/stats/batting,OF,27,27.0,NL,Billy Cook,695257,29573,29573
NYY,Yankees,0,1,1,0,0,0,0,0,0,0,0,0,0,0,0,0,,0,0,0.229508,0.290815,0.350312,0.641127,0.285328,0.0768849,0.240956,0.319083,0.120804,5.80538,0.28436,0.00312771,,0.12089,-0.0326331,-0.0597711,0.000398842,0.00352655,-0.00331754,-0.0264203327242285,-0.05205500777810812,80.1395,-1.0,,-1.0,,641.989990234375,0.0,SS,/players/anthony-volpe/27647/stats/batting,SS,9,9.0,AL,Anthony Volpe,683011,27647,27647
MIA,Marlins,0,1,1,0,0,0,0,0,0,0,0,0,0,0,0,0,,0,0,0.233229,0.276704,0.4039,0.680603,0.295636,0.0537771,0.239042,0.224969,0.170671,3.16152,0.272893,-1.09224e-05,,0.131685,-0.0218385,-0.0213008,-0.00138434,-0.00139526,-0.00336735,-0.0271154212532565,-0.04815264604985714,83.5332,-1.0,,-1.0,,999.0,0.06666667,1B,/players/deyvison-de-los-santos/27969/stats/batting,1B,20,20.0,NL,Deyvison De Los Santos,691277,27969,27969
SFG,Giants,0,1,1,0,0,0,0,0,0,0,0,0,0,0,0,0,,0,0,0.20729,0.275287,0.302823,0.578109,0.260393,0.0833579,0.310262,0.268669,0.0955325,5.54446,0.297964,0.00123065,,0.0568673,-0.0352466,-0.0336047,0.00287011,0.00410076,-0.00410256,-0.02985024591907859,-0.03576523484662175,63.7725,-1.0,,-1.0,,999.0,0.04761905,OF,/players/grant-mccray/25690/stats/batting,OF,30,30.0,NL,Grant McCray,687529,25690,25690
MIL,Brewers,0,0,0,0,0,0,0,0,0,0,0,0,0,0,0,0,,0,0,0.0600265,0.0947367,0.145355,0.240092,0.108335,0.0347551,0.34218,0.101569,0.0853289,6.12118,0.0725429,0.0,,-0.00214849,-0.00726593,-0.036897,9.53962e-05,9.53962e-05,-0.00432874,-0.007188256015069783,-0.036742660304298624,-39.8965,0.0,,0.0,,999.0,0.0,SS,/players/jett-williams/sa3020134/stats/batting,SS,23,,NL,Jett Williams,702518,sa3020134,sa3020134
MIA,Marlins,0,2,2,0,0,0,0,0,0,0,0,0,0,0,0,0,,0,0,0.237637,0.304093,0.39927,0.703363,0.309096,0.0786848,0.204096,0.385528,0.161633,4.60205,0.273351,0.000351877,,0.192152,-0.010206,-0.0755667,0.00264753,0.00299941,-0.00446427,-0.012322991387918591,-0.087140753865242,92.5575,-2.0,,-2.0,,86.8499984741211,0.49751244,C/DH,/players/agustin-ramirez/26546/stats/batting,C/DH,20,20.0,NL,Agustín Ramírez,682663,26546,26546
KCR,Royals,1,2,2,0,0,0,0,0,0,0,0,0,1,0,0,0,,0,0,0.223353,0.296966,0.357353,0.654319,0.291614,0.0921011,0.245945,0.374478,0.134,5.15808,0.2806,0.00215604,,0.225201,-0.0460229,-0.0595183,0.00556503,0.00772107,-0.00464475,-0.04201894532889128,-0.08467266522347927,81.3281,-2.0,-2.0,-2.0,-2.0,999.0,0.01470588,OF,/players/john-rave/26284/stats/batting,OF,7,7.0,AL,John Rave,670231,26284,26284
KCR,Royals,0,1,1,0,0,0,0,0,0,0,0,0,0,0,0,0,,0,0,0.224231,0.271229,0.359113,0.630342,0.277525,0.0559737,0.295558,0.189383,0.134883,4.50458,0.301753,-0.000205759,,0.0526022,-0.0190419,-0.0407688,-0.000377627,-0.000583386,-0.00466494,-0.02060720114968717,-0.04663296602666378,71.5437,-1.0,,-1.0,,999.0,0.02777778,OF,/players/matthew-lugo/25980/stats/batting,OF,7,7.0,AL,Matthew Lugo,683090,25980,25980
LAD,Dodgers,0,0,0,0,0,0,0,0,0,0,0,0,0,0,0,0,,0,0,0.220537,0.304218,0.340781,0.644999,0.290617,0.103147,0.282702,0.364862,0.120244,4.33743,0.295576,0.000170732,,0.0421429,-0.0090315,-0.0643974,0.000356747,0.00052748,-0.00585794,-0.009064291720278561,-0.0625455427216366,81.5772,0.0,,0.0,,999.0,0.0,2B,/players/alex-freeland/31665/stats/batting,2B,22,22.0,NL,Alex Freeland,690976,31665,31665
HOU,Astros,0,1,1,0,0,0,0,0,0,0,0,0,0,0,0,0,,0,0,0.217429,0.288046,0.437438,0.725484,0.314655,0.0868176,0.293817,0.295482,0.220009,3.30789,0.260233,0.000259784,,0.111174,-0.00140988,-0.0829551,-0.000875914,-0.00061613,-0.00593244,0.0012125518987886608,-0.09314023982733488,101.654,-1.0,,-1.0,,748.5599975585938,0.24390244,DH/OF,/players/nelson-velazquez/23359/stats/batting,DH/OF,21,21.0,AL,Nelson Velázquez,676369,23359,23359
MIA,Marlins,0,0,0,0,0,0,0,0,0,0,0,0,0,0,0,0,,0,0,0.151089,0.197852,0.249585,0.447437,0.201171,0.0511362,0.291333,0.175525,0.0984958,2.90552,0.19277,0.0,,0.00218415,-0.00805073,-0.0550065,-0.000222984,-0.000222984,-0.00615015,-0.008532484600436874,-0.05469789932249114,20.2,0.0,,0.0,,999.0,0.0,2B/3B/SS,/players/maximo-acosta/27963/stats/batting,2B/3B/SS,20,20.0,NL,Maximo Acosta,691185,27963,27963
SFG,Giants,1,3,4,1,1,0,0,0,0,0,0,0,1,0,0,0,,0,0,0.235816,0.280692,0.357104,0.637796,0.281442,0.0576882,0.248732,0.231929,0.121288,2.2247,0.295379,-0.00480918,,0.315416,-0.0990967,-0.0272299,-0.0055255,-0.0103347,-0.00805344,-0.10360131040215492,-0.08942128717899323,77.8844,2.6,2.6,2.6,2.6,999.0,0.125,OF,/players/victor-bericoto/26468/stats/batting,OF,30,30.0,NL,Victor Bericoto,682674,26468,26468
SDP,Padres,0,1,1,0,0,0,0,0,0,0,0,0,0,0,0,0,,0,0,0.214878,0.261275,0.296521,0.557796,0.249501,0.0547463,0.310917,0.17608,0.0816424,5.42727,0.302602,0.00089853,,0.0361279,-0.0303988,-0.0827835,0.000314251,0.00121278,-0.00977521,-0.02736087585799396,-0.08695020154118538,57.7837,-1.0,,-1.0,,999.0,0.05194805,OF,/players/jase-bowen/26047/stats/batting,OF,29,29.0,NL,Jase Bowen,687749,26047,26047
ARI,Diamondbacks,0,0,0,0,0,0,0,0,0,0,0,0,0,0,0,0,,0,0,0.23375,0.293406,0.384623,0.678029,0.297858,0.0752615,0.271136,0.277579,0.150873,2.33978,0.297139,-0.000472172,,0.0204207,-0.00297326,-0.226771,-0.000203557,-0.000675729,-0.0224484,-0.004044481087476015,-0.22291277861222625,85.8461,0.0,,0.0,,999.0,0.67777778,C/DH,/players/adrian-del-castillo/29554/stats/batting,C/DH,15,15.0,NL,Adrian Del Castillo,680728,29554,29554
HOU,Astros,0,0,0,0,0,0,0,0,0,0,0,0,0,0,0,0,,0,0,0.195817,0.255417,0.312063,0.56748,0.253947,0.0698982,0.312211,0.223881,0.116246,3.29738,0.268103,6.70348e-05,,0.0176057,-0.013099,-0.215601,-0.00012755,-6.0515e-05,-0.0225765,-0.012276221492356854,-0.21868732757866383,59.4934,0.0,,0.0,,999.0,0.10769231,OF,/players/zach-dezenzo/31562/stats/batting,OF,21,21.0,AL,Zach Dezenzo,701305,31562,31562
CIN,Reds,0,2,2,0,0,0,0,0,0,0,0,0,0,0,0,0,,0,0,0.211388,0.287224,0.313592,0.600816,0.271004,0.09297,0.21767,0.427115,0.102203,3.10693,0.263462,-0.00159958,,0.141188,-0.0635098,-0.283197,-0.00171748,-0.00331707,-0.0312096,-0.07347743608988822,-0.2893698550760746,66.3109,-2.0,,-2.0,,999.0,0.0,2B,/players/juan-brito/26693/stats/batting,2B,18,18.0,NL,Juan Brito,682877,26693,26693
COL,Rockies,0,2,2,0,0,0,0,0,0,0,0,0,0,0,0,0,,0,0,0.241039,0.307118,0.347448,0.654567,0.292856,0.0834762,0.17668,0.472472,0.10641,3.45088,0.283714,-0.00219744,,0.206038,-0.0395988,-0.337893,-0.00365379,-0.00585123,-0.0355249,-0.07983160950243473,-0.3366581732407212,70.3972,-2.0,,-2.0,,999.0,0.09090909,2B,/players/adael-amador/27962/stats/batting,2B,19,19.0,NL,Adael Amador,691182,27962,27962
BAL,Orioles,0,1,1,0,0,0,0,0,0,0,0,0,0,0,0,0,,0,0,0.236181,0.267276,0.339548,0.606824,0.266791,0.0384936,0.167052,0.230429,0.103367,1.62288,0.266804,-0.00103366,,0.0989658,-0.0507559,-0.730707,-0.000831321,-0.00186498,-0.072085,-0.04688088467810303,-0.7060157507658005,69.3879,-1.0,,-1.0,,999.0,0.10344828,C,/players/yohel-pozo/18848/stats/batting,C,2,2.0,AL,Yohel Pozo,650968,18848,18848
BAL,Orioles,1,2,2,0,0,0,0,0,0,0,0,0,1,0,0,0,,0,0,0.161963,0.199072,0.270594,0.469665,0.208231,0.0413658,0.282773,0.146286,0.10863,2.5298,0.205069,0.0,,0.0762949,-0.215399,-0.924924,-0.00445209,-0.00445209,-0.105748,-0.20866835676133633,-0.9173620496876538,28.7189,-2.0,-2.0,-2.0,-2.0,999.0,0.03496503,2B/OF,/players/jeremiah-jackson/22239/stats/batting,2B/OF,2,2.0,AL,Jeremiah Jackson,669236,22239,22239
