Team,ShortName,W,L,GS,G,SV,HLD,BS,IP,TBF,H,R,ER,HR,SO,BB,IBB,HBP,ERA,WHIP,K/9,BB/9,K/BB,HR/9,K%,BB%,K-BB%,GB%,AVG,BABIP,LOB%,FIP,FPTS,FPTS_IP,SPTS,SPTS_IP,WAR,RA9-WAR,QS,ADP,UPURL,positionDB,teamid,playerTeamId,League,PlayerName,xMLBAMID,playerids,playerid
SDP,Padres,0,0,0,0,0,0,,0.0,2,0,0,0,0,1,0,,0,2.29057,0.950958,14.2499,3.39372,4.19891,0.712304,0.407154,0.0969666,0.3101869821548462,,0.164724,0.271621,0.802612,2.17919,2.0,,2.0,,0.0,0.0,,27.860000610351562,/players/mason-miller/31757/stats/pitching,P,29,29.0,NL,Mason Miller,695243,31757,31757
PHI,Phillies,0,0,0,0,0,0,,0.0,2,0,0,0,0,1,0,,0,2.71448,1.07888,10.8199,2.48509,4.3539,0.634834,0.296445,0.0680871,0.22835750877857208,,0.216216,0.300088,0.766271,2.64285,2.0,,2.0,,0.0,0.0,,41.84000015258789,/players/jhoan-duran/21029/stats/pitching,P,26,26.0,NL,Jhoan Duran,661395,21029,21029
CLE,Guardians,0,0,0,0,0,0,,0.0,2,0,0,0,0,1,0,,0,2.95309,1.06128,11.7316,2.69718,4.34957,0.776492,0.323225,0.0743119,0.24891279637813568,,0.207428,0.295955,0.749209,2.70057,2.0,,2.0,,0.0,0.0,,39.90999984741211,/players/cade-smith/27867/stats/pitching,P,5,5.0,AL,Cade Smith,671922,27867,27867
TBR,Rays,0,0,0,0,0,0,,0.0,0,0,0,0,0,0,0,,0,3.61123,1.11672,10.6398,2.99425,3.5534,0.649087,0.288743,0.081258,0.20748455822467804,,0.212591,0.292528,0.670027,2.89452,0.0,,0.0,,0.0,0.0,,572.6900024414062,/players/edwin-uceta/20539/stats/pitching,P,12,12.0,AL,Edwin Uceta,670955,20539,20539
CHW,White Sox,0,0,0,0,0,0,,0.0,2,0,0,0,0,1,0,,0,3.20154,1.16516,11.0437,3.31452,3.33191,0.74096,0.29948,0.0898824,0.20959778875112534,,0.215234,0.298602,0.7415,2.90327,2.0,,2.0,,0.0,0.0,,506.67999267578125,/players/grant-taylor/33927/stats/pitching,P,4,4.0,AL,Grant Taylor,691799,33927,33927
BOS,Red Sox,0,0,0,0,0,0,,0.0,2,0,0,0,0,1,0,,0,3.06806,1.14329,12.1457,3.92636,3.09338,0.797147,0.330769,0.106928,0.22384121268987656,,0.195472,0.283835,0.758127,2.94345,2.0,,2.0,,0.0,0.0,,64.55000305175781,/players/aroldis-chapman/10233/stats/pitching,P,3,3.0,AL,Aroldis Chapman,547973,10233,10233
LAD,Dodgers,0,0,0,0,0,0,,0.0,1,0,0,0,0,0,0,,0,3.39849,1.15118,11.8878,3.2767,3.62797,0.869092,0.321154,0.0885215,0.23263228684663773,,0.212898,0.302912,0.72908,2.96325,0.0,,0.0,,0.0,0.0,,33.0,/players/edwin-diaz/14710/stats/pitching,P,22,22.0,NL,Edwin Díaz,621242,14710,14710
BAL,Orioles,0,0,0,0,0,0,,0.0,1,0,0,0,0,0,0,,0,3.28381,1.11613,12.1251,4.05206,2.99233,0.812825,0.332242,0.111031,0.2212107628583908,,0.18622,0.269174,0.727031,3.01913,0.0,,0.0,,0.0,0.0,,999.0,/players/felix-bautista/20666/stats/pitching,P,2,2.0,AL,Félix Bautista,642585,20666,20666
SDP,Padres,0,0,0,0,0,0,,0.0,2,0,0,0,0,0,0,,0,3.18816,1.15845,9.61789,2.88508,3.33367,0.736576,0.261131,0.0783313,0.18279929459095,,0.223562,0.291078,0.740902,3.06252,0.0,,0.0,,0.0,0.0,,735.8499755859375,/players/adrian-morejon/20039/stats/pitching,P,29,29.0,NL,Adrian Morejon,670970,20039,20039
BOS,Red Sox,0,0,0,0,0,0,,0.0,2,0,0,0,0,0,0,,0,3.31517,1.12068,9.97141,2.45909,4.05492,0.90837,0.272622,0.0672324,0.20538976788520813,,0.225626,0.293083,0.735464,3.12254,0.0,,0.0,,0.0,0.0,,624.97998046875,/players/garrett-whitlock/20191/stats/pitching,P,3,3.0,AL,Garrett Whitlock,676477,20191,20191
NYY,Yankees,0,0,0,0,0,0,,0.0,2,0,0,0,0,0,0,,0,3.26743,1.11388,10.3144,2.9027,3.55339,0.886339,0.282719,0.079563,0.20315568894147873,,0.213801,0.28202,0.736945,3.14743,0.0,,0.0,,0.0,0.0,,64.05999755859375,/players/david-bednar/19569/stats/pitching,P,9,9.0,AL,David Bednar,670280,19569,19569
NYM,Mets,0,0,0,0,0,0,,0.0,2,0,0,0,0,0,0,,0,3.34373,1.20405,11.2277,4.07083,2.75809,0.737113,0.299949,0.108752,0.191196508705616,,0.205623,0.287918,0.734558,3.18159,0.0,,0.0,,0.0,0.0,,59.470001220703125,/players/devin-williams/15816/stats/pitching,P,25,25.0,NL,Devin Williams,642207,15816,15816
CHC,Cubs,0,0,0,0,0,0,,0.0,0,0,0,0,0,0,0,,0,3.28846,1.11538,9.51923,2.59615,3.66667,0.865385,0.260664,0.07109,0.1895734667778015,,0.221649,0.283582,0.72549,3.21768,0.0,,0.0,,0.0,0.0,,748.530029296875,/players/hunter-harvey/15507/stats/pitching,P,17,17.0,NL,Hunter Harvey,640451,15507,15507
HOU,Astros,0,0,0,0,0,0,,0.0,2,0,0,0,0,1,0,,0,3.15474,1.05249,11.9829,3.21396,3.72838,1.12502,0.33338,0.0894167,0.24396292865276337,,0.192873,0.265422,0.765234,3.22953,2.0,,2.0,,0.0,0.0,,124.38999938964844,/players/josh-hader/14212/stats/pitching,P,21,21.0,AL,Josh Hader,623352,14212,14212
CHC,Cubs,0,0,0,0,0,0,,0.0,1,0,0,0,0,0,0,,0,3.40982,1.19412,9.36164,2.7966,3.34751,0.804473,0.25093,0.0749602,0.1759699583053589,,0.232875,0.298068,0.731824,3.23971,0.0,,0.0,,0.0,0.0,,605.5,/players/justin-steele/17312/stats/pitching,P,17,17.0,NL,Justin Steele,657006,17312,17312
MIL,Brewers,0,0,0,0,0,0,,0.0,2,0,0,0,0,0,0,,0,3.36083,1.13384,10.5424,2.93363,3.59363,0.9885,0.288136,0.0801798,0.20795634388923645,,0.21762,0.287128,0.742743,3.24645,0.0,,0.0,,0.0,0.0,,137.6999969482422,/players/trevor-megill/17722/stats/pitching,P,23,23.0,NL,Trevor Megill,656730,17722,17722
LAD,Dodgers,0,0,0,0,0,0,,0.0,2,0,0,0,0,0,0,,0,3.27937,1.16007,10.5521,3.17035,3.32837,0.948633,0.285593,0.0858055,0.19978734105825424,,0.21728,0.287876,0.754574,3.29026,0.0,,0.0,,0.0,0.0,,712.8099975585938,/players/tanner-scott/17586/stats/pitching,P,22,22.0,NL,Tanner Scott,656945,17586,17586
PIT,Pirates,0,0,0,0,0,0,,0.0,2,0,0,0,0,0,0,,0,3.51809,1.24841,10.9325,3.71902,2.93961,0.899957,0.290049,0.0986695,0.19137991964817047,,0.223003,0.302489,0.74297,3.30114,0.0,,0.0,,0.0,0.0,,748.4400024414062,/players/mason-montgomery/29770/stats/pitching,P,27,27.0,NL,Mason Montgomery,682254,29770,29770
ATL,Braves,0,0,0,0,0,0,,0.0,2,0,0,0,0,0,0,,0,3.51707,1.13961,9.03718,2.55732,3.53385,0.905703,0.247006,0.0698971,0.17710847407579422,,0.227907,0.284969,0.715757,3.33717,0.0,,0.0,,0.0,0.0,,214.39999389648438,/players/robert-suarez/30115/stats/pitching,P,16,16.0,NL,Robert Suarez,663158,30115,30115
MIL,Brewers,0,0,0,0,0,0,,0.0,2,0,0,0,0,0,0,,0,3.23032,1.21342,10.2541,3.80864,2.69234,0.804507,0.274825,0.102076,0.1727481111884117,,0.214064,0.284568,0.756506,3.34806,0.0,,0.0,,0.0,0.0,,167.27999877929688,/players/abner-uribe/25327/stats/pitching,P,23,23.0,NL,Abner Uribe,682842,25327,25327
LAD,Dodgers,0,0,0,0,0,0,,0.0,1,0,0,0,0,0,0,,0,3.38825,1.18307,9.536,2.98384,3.19588,0.895747,0.257125,0.0804551,0.17666973918676376,,0.226379,0.28896,0.741437,3.3548,0.0,,0.0,,0.0,0.0,,190.69000244140625,/players/kris-bubic/21455/stats/pitching,P,22,22.0,NL,Kris Bubic,663460,21455,21455
ATL,Braves,0,0,0,0,0,0,,0.0,2,0,0,0,0,0,0,,0,3.34258,1.11353,10.3675,2.56066,4.04874,1.14721,0.285538,0.0705252,0.21501292288303375,,0.222067,0.285908,0.759122,3.35889,0.0,,0.0,,0.0,0.0,,999.0,/players/dylan-lee/19996/stats/pitching,P,16,16.0,NL,Dylan Lee,669276,19996,19996
TOR,Blue Jays,0,0,0,0,0,0,,1.0,2,0,0,0,0,1,0,,0,3.50044,1.22609,8.56306,2.74688,3.11738,0.80367,0.228402,0.0732673,0.1551343947649002,,0.240383,0.298044,0.729588,3.36469,9.4,9.4,7.0,7.0,0.0,0.0,,999.0,/players/spencer-miles/31621/stats/pitching,P,14,14.0,AL,Spencer Miles,693686,31621,31621
LAD,Dodgers,0,0,0,0,0,0,,0.0,0,0,0,0,0,0,0,,0,3.93042,1.34974,8.67071,3.80223,2.28043,0.595413,0.224389,0.0983977,0.12599144130945206,,0.241648,0.306696,0.696076,3.40418,0.0,,0.0,,0.0,0.0,,999.0,/players/ben-casparius/30085/stats/pitching,P,22,22.0,NL,Ben Casparius,676508,30085,30085
MIL,Brewers,0,0,0,0,0,0,,0.0,2,0,0,0,0,0,0,,0,3.45953,1.31003,10.2523,4.21344,2.43323,0.742843,0.267535,0.10995,0.15758483856916428,,0.224386,0.300108,0.746948,3.41516,0.0,,0.0,,0.0,0.0,,999.0,/players/aaron-ashby/23550/stats/pitching,P,23,23.0,NL,Aaron Ashby,676879,23550,23550
TOR,Blue Jays,0,0,0,0,0,0,,0.0,2,0,0,0,0,0,0,,0,3.57573,1.19606,9.49085,2.61479,3.62967,1.02379,0.254964,0.0702443,0.18471979349851608,,0.237351,0.299139,0.73708,3.43477,0.0,,0.0,,0.0,0.0,,999.0,/players/louie-varland/27691/stats/pitching,P,14,14.0,AL,Louis Varland,686973,27691,27691
SEA,Mariners,0,0,0,0,0,0,,0.0,2,0,0,0,0,0,0,,0,3.54305,1.11229,10.1249,2.69883,3.7516,1.01908,0.274843,0.0732601,0.20158251374959946,,0.21825,0.281453,0.717559,3.43671,0.0,,0.0,,0.0,0.0,,999.0,/players/gabe-speier/17170/stats/pitching,P,11,11.0,AL,Gabe Speier,642100,17170,17170
TEX,Rangers,0,0,0,0,0,0,,0.0,1,0,0,0,0,0,0,,0,4.37966,1.30803,8.89581,3.29084,2.70321,0.875654,0.234333,0.0866871,0.14764612913131714,,0.244622,0.305452,0.664851,3.48723,0.0,,0.0,,0.0,0.0,,999.0,/players/peyton-gray/25310/stats/pitching,P,13,13.0,AL,Peyton Gray,682608,25310,25310
HOU,Astros,0,0,0,0,0,0,,0.0,2,0,0,0,0,1,0,,0,3.37023,1.22988,11.9006,4.26279,2.79173,0.976883,0.313436,0.112273,0.20116325467824936,,0.205727,0.288494,0.763365,3.4971,2.0,,2.0,,0.0,0.0,,181.6999969482422,/players/bryan-abreu/16609/stats/pitching,P,21,21.0,AL,Bryan Abreu,650556,16609,16609
KCR,Royals,0,0,0,0,0,0,,0.0,1,0,0,0,0,0,0,,0,3.6,1.3,9.9,4.95,2.0,0.45,0.258824,0.129412,0.1294117569923401,,0.208333,0.285714,0.731707,3.5023,0.0,,0.0,,0.0,0.0,,999.0,/players/luke-little/28036/stats/pitching,P,7,7.0,AL,Luke Little,681432,28036,28036
LAD,Dodgers,0,0,0,0,0,0,,0.0,2,0,0,0,0,0,0,,0,3.50092,1.1596,9.7595,2.86098,3.41125,1.06473,0.264495,0.077536,0.18695848435163498,,0.224354,0.283798,0.741249,3.5159,0.0,,0.0,,0.0,0.0,,999.0,/players/evan-phillips/17734/stats/pitching,P,22,22.0,NL,Evan Phillips,623465,17734,17734
ATL,Braves,0,0,0,0,0,0,,0.0,2,0,0,0,0,0,0,,0,3.63766,1.1587,9.38119,2.5362,3.69891,1.09362,0.254902,0.0689128,0.18598955869674683,,0.232085,0.288923,0.72768,3.52984,0.0,,0.0,,0.0,0.0,,100.62000274658203,/players/raisel-iglesias/17130/stats/pitching,P,16,16.0,NL,Raisel Iglesias,628452,17130,17130
PIT,Pirates,0,0,0,0,0,0,,0.0,2,0,0,0,0,0,0,,0,3.7316,1.27053,9.77101,3.62062,2.69871,0.781317,0.25419,0.0941895,0.16000083833932877,,0.229801,0.299885,0.713542,3.53805,0.0,,0.0,,0.0,0.0,,728.4099731445312,/players/gregory-soto/19677/stats/pitching,P,27,27.0,NL,Gregory Soto,642397,19677,19677
ARI,Diamondbacks,0,0,0,0,0,0,,0.0,2,0,0,0,0,0,0,,0,3.54074,1.35321,10.8888,5.12025,2.12662,0.612851,0.277721,0.130593,0.1471279412508011,,0.212299,0.2964,0.73583,3.55416,0.0,,0.0,,0.0,0.0,,999.0,/players/justin-martinez/24453/stats/pitching,P,15,15.0,NL,Justin Martinez,679885,24453,24453
MIN,Twins,0,0,0,0,0,0,,0.0,2,0,0,0,0,0,0,,0,3.65123,1.17527,8.97725,2.74918,3.26542,1.00752,0.242599,0.0742934,0.1683058813214302,,0.230119,0.283801,0.720931,3.55806,0.0,,0.0,,0.0,0.0,,999.0,/players/aj-minter/18655/stats/pitching,P,8,8.0,AL,A.J. Minter,621345,18655,18655
TEX,Rangers,0,0,0,0,0,0,,0.0,2,0,0,0,0,0,0,,0,3.69277,1.2706,9.64752,3.76623,2.56158,0.88454,0.25474,0.0994462,0.15529339760541916,,0.226558,0.290952,0.727809,3.57656,0.0,,0.0,,0.0,0.0,,232.1199951171875,/players/robert-garcia/23363/stats/pitching,P,13,13.0,AL,Robert Garcia,676395,23363,23363
SEA,Mariners,0,0,0,0,0,0,,0.0,2,0,0,0,0,0,0,,0,3.59652,1.21781,7.78963,2.50171,3.11372,0.80992,0.206231,0.0662331,0.13999830186367035,,0.244125,0.293626,0.71756,3.58205,0.0,,0.0,,0.0,0.0,,999.0,/players/jose-a-ferrer/24017/stats/pitching,P,11,11.0,AL,José A. Ferrer,678606,24017,24017
BAL,Orioles,0,0,0,0,0,0,,0.0,2,0,0,0,0,0,0,,0,3.64927,1.25046,8.18873,2.91052,2.8135,0.859283,0.216926,0.077102,0.13982436805963516,,0.241609,0.293669,0.725046,3.59553,0.0,,0.0,,0.0,0.0,,999.0,/players/yennier-cano/25911/stats/pitching,P,2,2.0,AL,Yennier Cano,666974,25911,25911
STL,Cardinals,0,0,0,0,0,0,,0.0,1,0,0,0,0,0,0,,0,3.89425,1.31428,8.34123,3.35144,2.48885,0.763307,0.218089,0.0876263,0.1304626315832138,,0.245737,0.303787,0.705921,3.60139,0.0,,0.0,,0.0,0.0,,528.7999877929688,/players/matt-svanson/29629/stats/pitching,P,28,28.0,NL,Matt Svanson,694335,29629,29629
SFG,Giants,0,0,0,0,0,0,,0.0,1,0,0,0,0,0,0,,0,3.67285,1.30004,8.62457,3.76037,2.29354,0.721702,0.225384,0.0982691,0.1271151825785637,,0.232639,0.29125,0.721061,3.60689,0.0,,0.0,,0.0,0.0,,999.0,/players/sam-hentges/18548/stats/pitching,P,30,30.0,NL,Sam Hentges,656529,18548,18548
NYY,Yankees,0,0,0,0,0,0,,0.0,0,0,0,0,0,0,0,,0,3.69492,1.23811,9.35228,2.8932,3.2325,1.03519,0.248032,0.0767307,0.17130135744810104,,0.239542,0.299953,0.735194,3.60802,0.0,,0.0,,0.0,0.0,,232.55999755859375,/players/ryan-weathers/23796/stats/pitching,P,9,9.0,AL,Ryan Weathers,677960,23796,23796
CHC,Cubs,0,0,0,0,0,0,,0.0,1,0,0,0,0,0,0,,0,3.9383,1.2367,8.52374,2.60533,3.27166,0.928544,0.22491,0.0687449,0.15616516023874283,,0.245571,0.300699,0.696777,3.61051,0.0,,0.0,,0.0,0.0,,604.1099853515625,/players/braxton-garrett/21844/stats/pitching,P,17,17.0,NL,Braxton Garrett,666129,21844,21844
MIN,Twins,0,0,0,0,0,0,,0.0,2,0,0,0,0,0,0,,0,3.90985,1.29425,8.76821,3.07962,2.84717,0.913405,0.229682,0.0806704,0.14901183545589447,,0.246519,0.305269,0.71348,3.61209,0.0,,0.0,,0.0,0.0,,999.0,/players/tommy-nance/19178/stats/pitching,P,8,8.0,AL,Tommy Nance,667297,19178,19178
ATL,Braves,0,0,0,0,0,0,,0.0,2,0,0,0,0,0,0,,0,3.92045,1.23134,9.94911,2.91931,3.40804,1.12034,0.264118,0.0774987,0.1866196244955063,,0.237615,0.302466,0.716942,3.61511,0.0,,0.0,,0.0,0.0,,600.4400024414062,/players/didier-fuentes/30661/stats/pitching,P,16,16.0,NL,Didier Fuentes,800311,30661,30661
PHI,Phillies,0,0,0,0,0,0,,0.0,2,0,0,0,0,0,0,,0,3.68407,1.27148,10.1947,3.52023,2.89602,0.978986,0.267053,0.0922137,0.17483919113874435,,0.232507,0.303194,0.738518,3.61683,0.0,,0.0,,0.0,0.0,,746.0700073242188,/players/jose-alvarado/17780/stats/pitching,P,26,26.0,NL,José Alvarado,621237,17780,17780
NYY,Yankees,0,0,0,0,0,0,,0.0,2,0,0,0,0,0,0,,0,3.64098,1.1836,9.96042,2.91002,3.4228,1.157,0.26844,0.0784269,0.19001298397779465,,0.228171,0.288643,0.741183,3.61758,0.0,,0.0,,0.0,0.0,,999.0,/players/brent-headrick/27702/stats/pitching,P,9,9.0,AL,Brent Headrick,687396,27702,27702
SDP,Padres,0,0,0,0,0,0,,0.0,1,0,0,0,0,0,0,,0,3.42252,1.17594,11.4815,3.53589,3.24712,1.24176,0.309756,0.095394,0.21436210721731186,,0.212036,0.283011,0.775955,3.62072,0.0,,0.0,,0.0,0.0,,623.5800170898438,/players/jeremiah-estrada/22210/stats/pitching,P,29,29.0,NL,Jeremiah Estrada,669093,22210,22210
BOS,Red Sox,0,0,0,0,0,0,,0.0,2,0,0,0,0,0,0,,0,3.44079,1.36059,10.6452,5.06747,2.10069,0.763933,0.274806,0.130817,0.14398857951164246,,0.215023,0.291905,0.761048,3.62528,0.0,,0.0,,0.0,0.0,,999.0,/players/erik-miller/26252/stats/pitching,P,3,3.0,AL,Erik Miller,669062,26252,26252
ATL,Braves,0,0,0,0,0,0,,0.0,0,0,0,0,0,0,0,,0,3.70588,1.23529,10.0588,3.17647,3.16667,1.05882,0.267606,0.084507,0.18309861421585083,,0.234375,0.302326,0.714286,3.63171,0.0,,0.0,,0.0,0.0,,999.0,/players/joe-jimenez/15761/stats/pitching,P,16,16.0,NL,Joe Jiménez,641729,15761,15761
LAD,Dodgers,0,0,0,0,0,0,,0.0,1,0,0,0,0,0,0,,0,3.66871,1.16878,9.37722,3.04735,3.07718,1.08152,0.254484,0.0827006,0.17178363353013992,,0.221964,0.275403,0.725306,3.64276,0.0,,0.0,,0.0,0.0,,999.0,/players/jack-dreyer/30249/stats/pitching,P,22,22.0,NL,Jack Dreyer,676263,30249,30249
CLE,Guardians,0,0,0,0,0,0,,0.0,1,0,0,0,0,0,0,,0,4.04322,1.34727,10.1678,4.08728,2.48768,0.933726,0.263527,0.105933,0.15759385377168655,,0.234841,0.307197,0.714594,3.64332,0.0,,0.0,,0.0,0.0,,999.0,/players/franco-aleman/30195/stats/pitching,P,5,5.0,AL,Franco Aleman,680916,30195,30195
TBR,Rays,0,0,0,0,0,0,,0.0,1,0,0,0,0,0,0,,0,3.55324,1.19143,10.9741,3.62204,3.02982,1.06712,0.29253,0.0965505,0.1959799975156784,,0.213902,0.285209,0.743387,3.64433,0.0,,0.0,,0.0,0.0,,505.4800109863281,/players/garrett-cleavinger/17897/stats/pitching,P,12,12.0,AL,Garrett Cleavinger,664076,17897,17897
LAD,Dodgers,0,0,0,0,0,0,,0.0,2,0,0,0,0,0,0,,0,3.7847,1.21452,10.1739,3.4493,2.94957,1.04951,0.270994,0.0918757,0.17911836504936218,,0.222189,0.286525,0.720497,3.64793,0.0,,0.0,,0.0,0.0,,999.0,/players/brock-stewart/16727/stats/pitching,P,22,22.0,NL,Brock Stewart,592779,16727,16727
STL,Cardinals,0,0,0,0,0,0,,0.0,2,0,0,0,0,0,0,,0,3.95893,1.24423,9.0033,3.04618,2.9556,1.01168,0.239429,0.0810087,0.1584206521511078,,0.237374,0.29351,0.704875,3.64998,0.0,,0.0,,0.0,0.0,,999.0,/players/luis-gastelum/33027/stats/pitching,P,28,28.0,NL,Luis Gastelum,703725,33027,33027
HOU,Astros,0,0,0,0,0,0,,0.0,1,0,0,0,0,0,0,,0,3.89512,1.21775,8.38772,2.56101,3.27516,0.988995,0.223417,0.0682155,0.1552014797925949,,0.242818,0.293899,0.702437,3.65161,0.0,,0.0,,0.0,0.0,,748.469970703125,/players/bryan-king/25890/stats/pitching,P,21,21.0,AL,Bryan King,687911,25890,25890
TBR,Rays,0,0,0,0,0,0,,0.0,2,0,0,0,0,0,0,,0,3.69002,1.1579,9.89616,3.13039,3.16132,1.13045,0.268647,0.0849793,0.18366744369268417,,0.217758,0.274349,0.725261,3.65481,0.0,,0.0,,0.0,0.0,,999.0,/players/bryan-baker/19804/stats/pitching,P,12,12.0,AL,Bryan Baker,641329,19804,19804
DET,Tigers,0,0,0,0,0,0,,0.0,2,0,0,0,0,0,0,,0,3.77504,1.27431,9.49111,3.55864,2.66706,0.786079,0.245291,0.0919707,0.15332066267728806,,0.231969,0.299043,0.710387,3.65962,0.0,,0.0,,0.0,0.0,,999.0,/players/drew-sommers/32026/stats/pitching,P,6,6.0,AL,Drew Sommers,805427,32026,32026
TOR,Blue Jays,0,0,0,0,0,0,,0.0,2,0,0,0,0,0,0,,0,3.74173,1.39871,10.3018,5.12081,2.01175,0.726278,0.263633,0.131047,0.1325862854719162,,0.221869,0.297899,0.736397,3.6683,0.0,,0.0,,0.0,0.0,,748.52001953125,/players/brendon-little/21574/stats/pitching,P,14,14.0,AL,Brendon Little,663893,21574,21574
DET,Tigers,0,0,0,0,0,0,,0.0,0,0,0,0,0,0,0,,0,4.46692,1.14683,8.16874,1.80463,4.52656,1.11873,0.220725,0.0487623,0.1719629168510437,,0.245394,0.291042,0.624325,3.67023,0.0,,0.0,,0.0,0.0,,999.0,/players/sawyer-gipson-long/26048/stats/pitching,P,6,6.0,AL,Sawyer Gipson-Long,687830,26048,26048
PIT,Pirates,0,0,0,0,0,0,,0.0,1,0,0,0,0,0,0,,0,3.7886,1.35256,9.02192,4.06343,2.22027,0.676932,0.230601,0.103862,0.12673954665660858,,0.236434,0.302132,0.717573,3.68317,0.0,,0.0,,0.0,0.0,,999.0,/players/evan-sisk/24995/stats/pitching,P,27,27.0,NL,Evan Sisk,681895,24995,24995
ARI,Diamondbacks,0,0,0,0,0,0,,0.0,2,0,0,0,0,0,0,,0,4.0703,1.26433,9.01041,3.02566,2.978,1.02803,0.237869,0.0798752,0.1579933986067772,,0.241851,0.298983,0.69969,3.69852,0.0,,0.0,,0.0,0.0,,556.52001953125,/players/kevin-ginkel/19876/stats/pitching,P,15,15.0,NL,Kevin Ginkel,656464,19876,19876
SFG,Giants,0,0,0,0,0,0,,0.0,2,0,0,0,0,0,0,,0,3.76028,1.29717,7.13261,2.75402,2.58989,0.804563,0.186875,0.0721554,0.11471910774707794,,0.254069,0.298673,0.719298,3.69856,0.0,,0.0,,0.0,0.0,,999.0,/players/jason-foley/19531/stats/pitching,P,30,30.0,NL,Jason Foley,671345,19531,19531
BOS,Red Sox,0,0,0,0,0,0,,0.0,1,0,0,0,0,0,0,,0,4.00898,1.30299,9.56732,4.15056,2.30506,0.871582,0.250642,0.108735,0.14190662652254105,,0.224376,0.28742,0.701393,3.70347,0.0,,0.0,,0.0,0.0,,999.0,/players/jovani-moran/20422/stats/pitching,P,3,3.0,AL,Jovani Morán,663558,20422,20422
CIN,Reds,0,0,0,0,0,0,,0.0,2,0,0,0,0,0,0,,0,4.11018,1.32775,8.51591,3.52033,2.41906,0.842688,0.221367,0.0915094,0.12985744327306747,,0.243488,0.300336,0.694724,3.7105,0.0,,0.0,,0.0,0.0,,999.0,/players/graham-ashcraft/27552/stats/pitching,P,18,18.0,NL,Graham Ashcraft,668933,27552,27552
SDP,Padres,0,0,0,0,0,0,,0.0,1,0,0,0,0,0,0,,0,3.7366,1.16947,8.47685,2.85139,2.97288,0.976581,0.22826,0.0767806,0.1514793112874031,,0.226609,0.274361,0.705798,3.72017,0.0,,0.0,,0.0,0.0,,999.0,/players/jason-adam/11861/stats/pitching,P,29,29.0,NL,Jason Adam,592094,11861,11861
MIN,Twins,0,0,0,0,0,0,,0.0,2,0,0,0,0,0,0,,0,3.82191,1.35378,8.15333,3.87821,2.10235,0.687383,0.210227,0.0999963,0.11023043096065521,,0.240983,0.297297,0.71556,3.72235,0.0,,0.0,,0.0,0.0,,748.510009765625,/players/kody-funderburk/24993/stats/pitching,P,8,8.0,AL,Kody Funderburk,681892,24993,24993
MIL,Brewers,0,0,0,0,0,0,,0.0,1,0,0,0,0,0,0,,0,3.9375,1.1875,9.5625,2.8125,3.4,1.125,0.253731,0.0746269,0.17910447716712952,,0.229508,0.285714,0.740741,3.7273,0.0,,0.0,,0.0,0.0,,999.0,/players/coleman-crow/27926/stats/pitching,P,23,23.0,NL,Coleman Crow,689441,27926,27926
DET,Tigers,0,0,0,0,0,0,,0.0,1,0,0,0,0,0,0,,0,3.70838,1.21911,7.54051,3.22337,2.33933,0.694749,0.199269,0.0851823,0.11408693343400955,,0.228313,0.274434,0.69416,3.73088,0.0,,0.0,,0.0,0.0,,999.0,/players/brant-hurter/30133/stats/pitching,P,6,6.0,AL,Brant Hurter,676428,30133,30133
MIL,Brewers,0,0,0,0,0,0,,0.0,1,0,0,0,0,0,0,,0,3.78741,1.29472,8.71915,3.34905,2.60347,0.921494,0.228257,0.0876741,0.14058299362659454,,0.240724,0.297026,0.727218,3.7309,0.0,,0.0,,0.0,0.0,,748.489990234375,/players/jared-koenig/27517/stats/pitching,P,23,23.0,NL,Jared Koenig,657649,27517,27517
WSN,Nationals,0,0,0,0,0,0,,0.0,1,0,0,0,0,0,0,,0,4.21176,1.3365,8.91614,3.43197,2.59797,0.874797,0.22961,0.0883807,0.14122959971427917,,0.247122,0.308924,0.68962,3.7329,0.0,,0.0,,0.0,0.0,,999.0,/players/jake-bird/21267/stats/pitching,P,24,24.0,NL,Jake Bird,656234,21267,21267
MIN,Twins,0,0,0,0,0,0,,0.0,2,0,0,0,0,0,0,,0,3.93921,1.28863,7.81524,2.68383,2.91197,0.957687,0.205322,0.0705095,0.13481197506189346,,0.253927,0.302159,0.713267,3.73544,0.0,,0.0,,0.0,0.0,,999.0,/players/andrew-morris/31891/stats/pitching,P,8,8.0,AL,Andrew Morris,702193,31891,31891
TBR,Rays,0,0,0,0,0,0,,0.0,1,0,0,0,0,0,0,,0,3.75077,1.2588,8.74559,3.21804,2.71768,0.892479,0.22915,0.0843185,0.1448318064212799,,0.236468,0.292691,0.71949,3.73603,0.0,,0.0,,0.0,0.0,,999.0,/players/manuel-rodriguez/20794/stats/pitching,P,12,12.0,AL,Manuel Rodríguez,655889,20794,20794
ARI,Diamondbacks,0,0,0,0,0,0,,0.0,2,0,0,0,0,0,0,,0,3.83366,1.36089,9.08731,4.12882,2.20094,0.809793,0.234402,0.1065,0.12790115922689438,,0.236647,0.299416,0.72708,3.73891,0.0,,0.0,,0.0,0.0,,999.0,/players/juan-morillo/21924/stats/pitching,P,15,15.0,NL,Juan Morillo,666661,21924,21924
MIA,Marlins,0,0,0,0,0,0,,0.0,2,0,0,0,0,0,0,,0,3.89585,1.35904,9.10522,4.01472,2.26796,0.833273,0.234925,0.103585,0.13134096562862396,,0.23895,0.302003,0.72272,3.73969,0.0,,0.0,,0.0,0.0,,999.0,/players/calvin-faucher/20116/stats/pitching,P,20,20.0,NL,Calvin Faucher,676534,20116,20116
CHC,Cubs,0,0,0,0,0,0,,0.0,1,0,0,0,0,0,0,,0,3.97401,1.2102,9.83092,3.04307,3.23059,1.20993,0.263791,0.0816541,0.18213707208633423,,0.230583,0.288671,0.714536,3.74168,0.0,,0.0,,0.0,0.0,,999.0,/players/caleb-thielbar/10078/stats/pitching,P,17,17.0,NL,Caleb Thielbar,573204,10078,10078
SFG,Giants,0,0,0,0,0,0,,0.0,2,0,0,0,0,0,0,,0,3.96704,1.37591,9.68607,4.60432,2.10369,0.780289,0.248533,0.118141,0.13039181381464005,,0.229,0.29778,0.714848,3.74496,0.0,,0.0,,0.0,0.0,,663.6500244140625,/players/camilo-doval/21992/stats/pitching,P,30,30.0,NL,Camilo Doval,666808,21992,21992
BAL,Orioles,0,0,0,0,0,0,,0.0,2,0,0,0,0,0,0,,0,3.79536,1.20052,8.39901,2.33722,3.59359,1.15351,0.225799,0.0628338,0.162965290248394,,0.244318,0.291335,0.726818,3.74849,0.0,,0.0,,0.0,0.0,,745.8499755859375,/players/andrew-kittredge/12828/stats/pitching,P,2,2.0,AL,Andrew Kittredge,552640,12828,12828
ATL,Braves,0,0,0,0,0,0,,0.0,1,0,0,0,0,0,0,,0,4.01451,1.25043,8.36173,2.65558,3.14873,1.07166,0.221965,0.0704933,0.1514713317155838,,0.24716,0.296851,0.706438,3.75314,0.0,,0.0,,0.0,0.0,,999.0,/players/dylan-dodd/29928/stats/pitching,P,16,16.0,NL,Dylan Dodd,689266,29928,29928
CLE,Guardians,0,0,0,0,0,0,,0.0,1,0,0,0,0,0,0,,0,3.95563,1.29112,8.80659,3.32699,2.64701,0.922464,0.229868,0.0868405,0.14302737265825272,,0.240497,0.297754,0.708756,3.75388,0.0,,0.0,,0.0,0.0,,748.469970703125,/players/shawn-armstrong/12857/stats/pitching,P,5,5.0,AL,Shawn Armstrong,542888,12857,12857
ARI,Diamondbacks,0,0,0,0,0,0,,0.0,2,0,0,0,0,0,0,,0,3.78425,1.28012,7.28154,2.55897,2.8455,0.909746,0.191356,0.0672487,0.12410717457532883,,0.254952,0.298669,0.722889,3.76501,0.0,,0.0,,0.0,0.0,,999.0,/players/jonathan-loaisiga/19753/stats/pitching,P,15,15.0,NL,Jonathan Loáisiga,642528,19753,19753
TBR,Rays,0,0,0,0,0,0,,0.0,2,0,0,0,0,0,0,,0,3.77245,1.16499,7.69891,2.17542,3.53904,1.0111,0.206604,0.0583785,0.1482255794107914,,0.240859,0.283,0.703956,3.77342,0.0,,0.0,,0.0,0.0,,999.0,/players/kevin-kelly/25679/stats/pitching,P,12,12.0,AL,Kevin Kelly,687330,25679,25679
CHC,Cubs,0,0,0,0,0,0,,0.0,2,0,0,0,0,0,0,,0,3.84054,1.2708,10.0205,3.81139,2.62908,1.06515,0.264721,0.100689,0.16403166204690933,,0.225809,0.2892,0.730215,3.77461,0.0,,0.0,,0.0,0.0,,91.05999755859375,/players/daniel-palencia/27914/stats/pitching,P,17,17.0,NL,Daniel Palencia,694037,27914,27914
LAD,Dodgers,0,0,0,0,0,0,,0.0,1,0,0,0,0,0,0,,0,3.95336,1.33629,10.1742,4.38663,2.31936,0.943183,0.263961,0.113808,0.1501530110836029,,0.225834,0.294848,0.721965,3.77518,0.0,,0.0,,0.0,0.0,,999.0,/players/kyle-hurt/27514/stats/pitching,P,22,22.0,NL,Kyle Hurt,669165,27514,27514
TOR,Blue Jays,0,0,0,0,0,0,,0.0,0,0,0,0,0,0,0,,0,4.13779,1.28437,7.48139,2.42576,3.08415,0.997923,0.19683,0.06382,0.13301032036542892,,0.258569,0.303069,0.694901,3.77645,0.0,,0.0,,0.0,0.0,,999.0,/players/joe-mantiply/14857/stats/pitching,P,14,14.0,AL,Joe Mantiply,573009,14857,14857
CLE,Guardians,0,0,0,0,0,0,,0.0,2,0,0,0,0,0,0,,0,3.61474,1.3237,11.4198,5.1914,2.19975,0.961696,0.297504,0.135244,0.1622593253850937,,0.204239,0.280568,0.755587,3.77816,0.0,,0.0,,0.0,0.0,,999.0,/players/erik-sabrowski/24978/stats/pitching,P,5,5.0,AL,Erik Sabrowski,681870,24978,24978
PIT,Pirates,0,0,0,0,0,0,,0.0,2,0,0,0,0,0,0,,0,3.86718,1.22155,9.3003,2.96244,3.1394,1.15111,0.248476,0.0791477,0.1693287342786789,,0.234972,0.289954,0.723747,3.78119,0.0,,0.0,,0.0,0.0,,733.510009765625,/players/luke-weaver/16918/stats/pitching,P,27,27.0,NL,Luke Weaver,596133,16918,16918
TEX,Rangers,0,0,0,0,0,0,,0.0,2,0,0,0,0,0,0,,0,3.64066,1.22922,9.17764,3.9121,2.34596,0.926052,0.244846,0.104369,0.1404767632484436,,0.214477,0.267881,0.727561,3.78129,0.0,,0.0,,0.0,0.0,,730.9299926757812,/players/jacob-latz/21306/stats/pitching,P,13,13.0,AL,Jacob Latz,656641,21306,21306
DET,Tigers,0,0,0,0,0,0,,0.0,2,0,0,0,0,0,0,,0,3.60117,1.16818,7.42988,2.25658,3.29254,1.03943,0.201041,0.0610597,0.1399814933538437,,0.239703,0.27784,0.728528,3.78925,0.0,,0.0,,0.0,0.0,,999.0,/players/tyler-holton/26231/stats/pitching,P,6,6.0,AL,Tyler Holton,663947,26231,26231
ARI,Diamondbacks,0,0,0,0,0,0,,0.0,2,0,0,0,0,0,0,,0,3.87623,1.34534,8.95878,3.81112,2.35069,0.792614,0.229101,0.097461,0.13164009898900986,,0.240583,0.303383,0.717811,3.79536,0.0,,0.0,,0.0,0.0,,999.0,/players/brandyn-garcia/33568/stats/pitching,P,15,15.0,NL,Brandyn Garcia,805299,33568,33568
PHI,Phillies,0,0,0,0,0,0,,0.0,1,0,0,0,0,0,0,,0,3.66337,1.25788,9.53338,3.72039,2.56247,0.935567,0.249557,0.0973894,0.15216762572526932,,0.224931,0.285785,0.733084,3.80537,0.0,,0.0,,0.0,0.0,,999.0,/players/orion-kerkering/31776/stats/pitching,P,26,26.0,NL,Orion Kerkering,689147,31776,31776
BAL,Orioles,0,0,0,0,0,0,,0.0,0,0,0,0,0,0,0,,0,4.125,1.375,9.0,4.5,2.0,0.75,0.228571,0.114286,0.11428571492433548,,0.228261,0.287879,0.695364,3.81063,0.0,,0.0,,0.0,0.0,,999.0,/players/yosver-zulueta/27765/stats/pitching,P,2,2.0,AL,Yosver Zulueta,691172,27765,27765
MIL,Brewers,0,0,0,0,0,0,,0.0,2,0,0,0,0,0,0,,0,3.59847,1.29548,9.00859,3.63138,2.48076,0.964061,0.236636,0.0953886,0.14124764502048492,,0.235366,0.292675,0.751524,3.81331,0.0,,0.0,,0.0,0.0,,479.0799865722656,/players/jojo-romero/19574/stats/pitching,P,23,23.0,NL,JoJo Romero,668941,19574,19574
NYM,Mets,0,0,0,0,0,0,,0.0,1,0,0,0,0,0,0,,0,4.19277,1.30898,7.62834,3.31203,2.30322,0.865741,0.199934,0.086806,0.11312762647867203,,0.244347,0.290584,0.683472,3.82282,0.0,,0.0,,0.0,0.0,,999.0,/players/philip-abner/33821/stats/pitching,P,25,25.0,NL,Philip Abner,691769,33821,33821
CHW,White Sox,0,0,0,0,0,0,,0.0,2,0,0,0,0,0,0,,0,3.7625,1.28749,8.54833,3.57238,2.3929,0.85358,0.222695,0.0930648,0.12962982803583145,,0.234324,0.288733,0.721465,3.82923,0.0,,0.0,,0.0,0.0,,999.0,/players/sean-newcomb/16943/stats/pitching,P,4,4.0,AL,Sean Newcomb,656794,16943,16943
STL,Cardinals,0,0,0,0,0,0,,0.0,1,0,0,0,0,0,0,,0,4.61239,1.37619,7.76277,3.24531,2.392,0.88673,0.199789,0.0835239,0.11626508086919785,,0.258713,0.309348,0.661527,3.83288,0.0,,0.0,,0.0,0.0,,999.0,/players/cade-winquest/31850/stats/pitching,P,28,28.0,NL,Cade Winquest,685464,31850,31850
KCR,Royals,0,0,0,0,0,0,,0.0,0,0,0,0,0,0,0,,0,4.24503,1.21368,8.04021,2.18301,3.68308,1.14278,0.214183,0.0581534,0.1560300588607788,,0.250216,0.295074,0.67669,3.83587,0.0,,0.0,,0.0,0.0,,999.0,/players/james-mcarthur/21527/stats/pitching,P,7,7.0,AL,James McArthur,663704,21527,21527
SFG,Giants,0,0,0,0,0,0,,0.0,2,0,0,0,0,0,0,,0,3.76975,1.32487,8.34143,3.49664,2.38555,0.949741,0.217967,0.0913695,0.12659723311662674,,0.243439,0.295247,0.738732,3.83787,0.0,,0.0,,0.0,0.0,,999.0,/players/trenton-harris/33214/stats/pitching,P,30,30.0,NL,Trent Harris,805345,33214,33214
STL,Cardinals,0,0,0,0,0,0,,0.0,2,0,0,0,0,0,0,,0,3.86464,1.34346,8.96451,3.99781,2.24235,0.777657,0.229567,0.102378,0.12718961387872696,,0.236452,0.298769,0.717155,3.84058,0.0,,0.0,,0.0,0.0,,264.0400085449219,/players/riley-obrien/20348/stats/pitching,P,28,28.0,NL,Riley O'Brien,676617,20348,20348
BAL,Orioles,0,0,0,0,0,0,,0.0,1,0,0,0,0,0,0,,0,4.09061,1.34351,8.79416,3.64252,2.41431,0.957385,0.227885,0.0943895,0.1334957405924797,,0.243918,0.301022,0.711107,3.84801,0.0,,0.0,,0.0,0.0,,999.0,/players/grant-wolfram/21623/stats/pitching,P,2,2.0,AL,Grant Wolfram,664991,21623,21623
BAL,Orioles,0,0,0,0,0,0,,0.0,1,0,0,0,0,0,0,,0,3.375,1.25,9.0,3.375,2.66667,1.125,0.242424,0.0909091,0.1515151634812355,,0.233333,0.285714,0.697674,3.8523,0.0,,0.0,,0.0,0.0,,999.0,/players/codi-heuer/23293/stats/pitching,P,2,2.0,AL,Codi Heuer,676051,23293,23293
HOU,Astros,0,0,0,0,0,0,,0.0,1,0,0,0,0,0,0,,0,3.85507,1.13576,9.80522,2.85279,3.43707,1.29068,0.266785,0.0776199,0.18916484713554382,,0.219585,0.270593,0.71677,3.85242,0.0,,0.0,,0.0,0.0,,999.0,/players/steven-okert/13580/stats/pitching,P,21,21.0,AL,Steven Okert,595345,13580,13580
CHC,Cubs,0,0,0,0,0,0,,0.0,1,0,0,0,0,0,0,,0,4.12052,1.28326,9.61411,3.7438,2.56801,1.04947,0.252289,0.0982429,0.15404565632343292,,0.229604,0.289562,0.701432,3.85242,0.0,,0.0,,0.0,0.0,,174.72000122070312,/players/edward-cabrera/21690/stats/pitching,P,17,17.0,NL,Edward Cabrera,665795,21690,21690
TOR,Blue Jays,0,0,0,0,0,0,,0.0,2,0,0,0,0,0,0,,0,3.70559,1.24553,5.8406,2.16481,2.69797,0.847163,0.154886,0.0574083,0.09747778251767159,,0.256704,0.287166,0.716494,3.85275,0.0,,0.0,,0.0,0.0,,743.280029296875,/players/tyler-rogers/15541/stats/pitching,P,14,14.0,AL,Tyler Rogers,643511,15541,15541
HOU,Astros,0,0,0,0,0,0,,0.0,2,0,0,0,0,0,0,,0,3.96392,1.25903,9.73548,3.51874,2.76675,1.15612,0.257933,0.093226,0.1647070124745369,,0.229764,0.288021,0.723039,3.85602,0.0,,0.0,,0.0,0.0,,999.0,/players/bennett-sousa/21345/stats/pitching,P,21,21.0,AL,Bennett Sousa,656986,21345,21345
TBR,Rays,0,0,0,0,0,0,,0.0,1,0,0,0,0,0,0,,0,3.92297,1.32142,10.0963,5.05017,1.99921,0.813217,0.262225,0.131164,0.13106080889701843,,0.207148,0.27254,0.709364,3.85662,0.0,,0.0,,0.0,0.0,,713.1400146484375,/players/joe-boyle/29608/stats/pitching,P,12,12.0,AL,Joe Boyle,671212,29608,29608
LAD,Dodgers,0,0,0,0,0,0,,0.0,2,0,0,0,0,0,0,,0,3.61967,1.22639,11.11,4.25332,2.61209,1.17868,0.295953,0.113302,0.18265191465616226,,0.205742,0.270987,0.756665,3.85782,0.0,,0.0,,0.0,0.0,,743.4199829101562,/players/alex-vesia/25007/stats/pitching,P,22,22.0,NL,Alex Vesia,681911,25007,25007
WSN,Nationals,0,0,0,0,0,0,,0.0,2,0,0,0,0,0,0,,0,3.90797,1.26254,9.02224,3.33132,2.7083,1.00021,0.236218,0.08722,0.1489981710910797,,0.234693,0.290562,0.714181,3.86643,0.0,,0.0,,0.0,0.0,,266.4800109863281,/players/connelly-early/33666/stats/pitching,P,24,24.0,NL,Connelly Early,813349,33666,33666
PHI,Phillies,0,0,0,0,0,0,,0.0,2,0,0,0,0,0,0,,0,3.87391,1.26446,8.10529,2.81901,2.87522,1.06046,0.214038,0.0744421,0.13959568738937378,,0.246356,0.293163,0.724509,3.87202,0.0,,0.0,,0.0,0.0,,999.0,/players/tim-mayza/15042/stats/pitching,P,26,26.0,NL,Tim Mayza,641835,15042,15042
SEA,Mariners,0,0,0,0,0,0,,0.0,2,0,0,0,0,0,0,,0,3.94239,1.21538,9.09994,2.97357,3.06027,1.18622,0.243307,0.079505,0.16380198299884796,,0.233198,0.283996,0.717117,3.87559,0.0,,0.0,,0.0,0.0,,999.0,/players/eduard-bazardo/20997/stats/pitching,P,11,11.0,AL,Eduard Bazardo,660825,20997,20997
PHI,Phillies,0,0,0,0,0,0,,0.0,1,0,0,0,0,0,0,,0,3.88193,1.22318,9.31648,2.99624,3.10939,1.21636,0.248682,0.0799778,0.1687040627002716,,0.234264,0.287121,0.729566,3.87596,0.0,,0.0,,0.0,0.0,,999.0,/players/jonathan-bowlan/24607/stats/pitching,P,26,26.0,NL,Jonathan Bowlan,680742,24607,24607
DET,Tigers,0,0,0,0,0,0,,0.0,1,0,0,0,0,0,0,,0,4.09956,1.33183,6.29451,2.4606,2.55812,0.8646,0.163542,0.0639305,0.09961158782243729,,0.266712,0.3033,0.698812,3.87663,0.0,,0.0,,0.0,0.0,,999.0,/players/brenan-hanifee/22304/stats/pitching,P,6,6.0,AL,Brenan Hanifee,669724,22304,22304
STL,Cardinals,0,0,0,0,0,0,,0.0,1,0,0,0,0,0,0,,0,4.25502,1.38933,8.98639,4.24124,2.11881,0.878963,0.230669,0.108867,0.12180148810148239,,0.239828,0.300307,0.698896,3.8767,0.0,,0.0,,0.0,0.0,,999.0,/players/ryan-fernandez/24862/stats/pitching,P,28,28.0,NL,Ryan Fernandez,681676,24862,24862
TEX,Rangers,0,0,0,0,0,0,,0.0,1,0,0,0,0,0,0,,0,4.0964,1.28819,7.83939,2.66311,2.94369,1.08777,0.206477,0.0701423,0.13633517175912857,,0.254283,0.299419,0.709087,3.88033,0.0,,0.0,,0.0,0.0,,999.0,/players/trevor-williams/16977/stats/pitching,P,13,13.0,AL,Trevor Williams,592866,16977,16977
SFG,Giants,0,0,0,0,0,0,,0.0,1,0,0,0,0,0,0,,0,3.83646,1.28169,8.43764,3.24784,2.59792,0.917254,0.219452,0.084472,0.13497953116893768,,0.240557,0.293678,0.718477,3.88482,0.0,,0.0,,0.0,0.0,,144.55999755859375,/players/ryan-walker/20423/stats/pitching,P,30,30.0,NL,Ryan Walker,676254,20423,20423
BOS,Red Sox,0,0,0,0,0,0,,0.0,2,0,0,0,0,0,0,,0,4.3298,1.37029,8.24904,3.45063,2.39059,0.922453,0.211931,0.088652,0.12327855825424194,,0.253249,0.307311,0.690714,3.88541,0.0,,0.0,,0.0,0.0,,999.0,/players/tayron-guerrero/11691/stats/pitching,P,3,3.0,AL,Tyron Guerrero,594027,11691,11691
PHI,Phillies,0,0,0,0,0,0,,0.0,2,0,0,0,0,0,0,,0,4.14151,1.26999,8.31209,2.59959,3.19746,1.16713,0.219555,0.0686655,0.15088959783315659,,0.252149,0.300035,0.707261,3.88716,0.0,,0.0,,0.0,0.0,,999.0,/players/tanner-banks/16990/stats/pitching,P,26,26.0,NL,Tanner Banks,621383,16990,16990
PIT,Pirates,0,0,0,0,0,0,,0.0,1,0,0,0,0,0,0,,0,4.02888,1.31407,8.5422,3.20825,2.66257,1.05013,0.222968,0.0837416,0.139226533472538,,0.247596,0.300137,0.719109,3.88851,0.0,,0.0,,0.0,0.0,,999.0,/players/brandon-eisert/27668/stats/pitching,P,27,27.0,NL,Brandon Eisert,685126,27668,27668
CLE,Guardians,0,0,0,0,0,0,,0.0,1,0,0,0,0,0,0,,0,3.99513,1.30987,8.49432,3.52801,2.40768,0.870741,0.219471,0.0911544,0.12831643968820572,,0.239786,0.294593,0.704489,3.89002,0.0,,0.0,,0.0,0.0,,999.0,/players/colin-holderman/22361/stats/pitching,P,5,5.0,AL,Colin Holderman,670059,22361,22361
NYM,Mets,0,0,0,0,0,0,,0.0,2,0,0,0,0,0,0,,0,3.88015,1.30711,9.95249,4.12288,2.41397,1.04436,0.259829,0.107636,0.1521933376789093,,0.22586,0.288896,0.732528,3.89012,0.0,,0.0,,0.0,0.0,,223.52000427246094,/players/kodai-senga/31838/stats/pitching,P,25,25.0,NL,Kodai Senga,673540,31838,31838
DET,Tigers,0,0,0,0,0,0,,1.0,3,1,0,0,0,1,0,,0,4.08882,1.26053,10.0595,3.35867,2.99509,1.20731,0.26456,0.0883313,0.17622851580381393,,0.233676,0.295898,0.714733,3.89322,6.800000000000001,6.800000000000001,7.0,7.0,0.0,0.0,,209.0,/players/jack-flaherty/17479/stats/pitching,P,6,6.0,AL,Jack Flaherty,656427,17479,17479
LAA,Angels,0,0,0,0,0,0,,0.0,1,0,0,0,0,0,0,,0,4.37906,1.30012,7.69972,2.80097,2.74895,1.02223,0.201543,0.0733164,0.1282268762588501,,0.253636,0.298765,0.675878,3.9057,0.0,,0.0,,0.0,0.0,,999.0,/players/sammy-peralta/25589/stats/pitching,P,1,1.0,AL,Sammy Peralta,671111,25589,25589
CHW,White Sox,0,0,0,0,0,0,,0.0,2,0,0,0,0,0,0,,0,3.94357,1.29278,8.44999,3.40957,2.47831,0.980246,0.221084,0.0892074,0.13187666237354279,,0.239004,0.289979,0.716043,3.90886,0.0,,0.0,,0.0,0.0,,999.0,/players/bryan-hudson/19924/stats/pitching,P,4,4.0,AL,Bryan Hudson,663542,19924,19924
KCR,Royals,0,0,0,0,0,0,,0.0,2,0,0,0,0,0,0,,0,4.04376,1.38737,7.99023,3.94745,2.02415,0.736363,0.203079,0.100328,0.10275106877088547,,0.245512,0.299482,0.706298,3.91213,0.0,,0.0,,0.0,0.0,,490.70001220703125,/players/lucas-erceg/19360/stats/pitching,P,7,7.0,AL,Lucas Erceg,668674,19360,19360
LAD,Dodgers,0,0,0,0,0,0,,0.0,1,0,0,0,0,0,0,,0,4.014,1.1536,10.0947,2.88786,3.49557,1.33984,0.272542,0.077968,0.19457430392503738,,0.222491,0.276614,0.707607,3.91253,0.0,,0.0,,0.0,0.0,,111.20999908447266,/players/emmet-sheehan/29839/stats/pitching,P,22,22.0,NL,Emmet Sheehan,686218,29839,29839
SFG,Giants,0,0,0,0,0,0,,0.0,2,0,0,0,0,0,0,,0,4.09091,1.36364,6.54545,2.45455,2.66667,0.818182,0.170213,0.0638298,0.10638298839330673,,0.27907,0.323529,0.735294,3.92048,0.0,,0.0,,0.0,0.0,,999.0,/players/joel-kuhnel/19995/stats/pitching,P,30,30.0,NL,Joel Kuhnel,669270,19995,19995
TBR,Rays,0,0,0,0,0,0,,0.0,2,0,0,0,0,0,0,,0,4.08642,1.15422,8.08802,2.70915,2.98545,1.12196,0.219294,0.0734543,0.1458398476243019,,0.226723,0.265903,0.674386,3.92999,0.0,,0.0,,0.0,0.0,,999.0,/players/cole-sulser/15256/stats/pitching,P,12,12.0,AL,Cole Sulser,642121,15256,15256
ATL,Braves,0,0,0,0,0,0,,0.0,1,0,0,0,0,0,0,,0,4.04156,1.29753,7.25483,2.75247,2.63576,0.994122,0.190264,0.0721856,0.11807815730571747,,0.254172,0.295209,0.708223,3.93108,0.0,,0.0,,0.0,0.0,,999.0,/players/brent-suter/13942/stats/pitching,P,16,16.0,NL,Brent Suter,608718,13942,13942
TBR,Rays,0,0,0,0,0,0,,0.0,1,0,0,0,0,0,0,,0,4.35575,1.32296,8.13101,2.62937,3.09238,1.13449,0.211405,0.068363,0.14304149895906448,,0.261572,0.310771,0.695084,3.93231,0.0,,0.0,,0.0,0.0,,999.0,/players/mason-englert/22288/stats/pitching,P,12,12.0,AL,Mason Englert,669438,22288,22288
ATL,Braves,0,0,0,0,0,0,,0.0,1,0,0,0,0,0,0,,0,4.1853,1.24577,9.0718,3.12642,2.90166,1.173,0.240411,0.0828529,0.15755783766508102,,0.235897,0.287652,0.696225,3.93372,0.0,,0.0,,0.0,0.0,,999.0,/players/michael-grove/23221/stats/pitching,P,16,16.0,NL,Michael Grove,675627,23221,23221
SEA,Mariners,0,0,0,0,0,0,,0.0,1,0,0,0,0,0,0,,0,4.12388,1.29734,7.20689,2.59098,2.78153,1.03289,0.189157,0.0680047,0.12115269154310226,,0.257549,0.29784,0.703184,3.93434,0.0,,0.0,,0.0,0.0,,999.0,/players/hoby-milner/13346/stats/pitching,P,11,11.0,AL,Hoby Milner,571948,13346,13346
TEX,Rangers,0,0,0,0,0,0,,0.0,2,0,0,0,0,0,0,,0,3.91242,1.20813,7.47671,2.33966,3.19563,1.11174,0.199894,0.0625521,0.1373414620757103,,0.245756,0.283977,0.710608,3.93998,0.0,,0.0,,0.0,0.0,,999.0,/players/jakob-junis/13619/stats/pitching,P,13,13.0,AL,Jakob Junis,596001,13619,13619
TOR,Blue Jays,0,0,0,0,0,0,,0.0,2,0,0,0,0,0,0,,0,3.82461,1.27525,9.68692,4.00299,2.41992,1.06773,0.254861,0.105318,0.149542935192585,,0.222023,0.279643,0.733294,3.94006,0.0,,0.0,,0.0,0.0,,999.0,/players/braydon-fisher/24609/stats/pitching,P,14,14.0,AL,Braydon Fisher,680755,24609,24609
PHI,Phillies,0,0,0,0,0,0,,0.0,2,0,0,0,0,0,0,,0,3.86698,1.21641,8.73435,3.12398,2.7959,1.0498,0.231062,0.0826431,0.1484190747141838,,0.230016,0.279572,0.711591,3.9401,0.0,,0.0,,0.0,0.0,,999.0,/players/brooks-raley/10061/stats/pitching,P,26,26.0,NL,Brooks Raley,548384,10061,10061
ATL,Braves,0,0,0,0,0,0,,0.0,1,0,0,0,0,0,0,,0,4.13651,1.29603,9.47649,3.5182,2.69356,1.1552,0.247882,0.0920275,0.1558542251586914,,0.237244,0.294918,0.713453,3.96299,0.0,,0.0,,0.0,0.0,,999.0,/players/ray-kerr/23809/stats/pitching,P,16,16.0,NL,Ray Kerr,678061,23809,23809
MIN,Twins,0,0,0,0,0,0,,0.0,1,0,0,0,0,0,0,,0,4.5,1.40909,8.18182,4.09091,2.0,0.818182,0.206186,0.103093,0.10309278219938278,,0.244186,0.296875,0.673759,3.96593,0.0,,0.0,,0.0,0.0,,999.0,/players/marco-raya/30166/stats/pitching,P,8,8.0,AL,Marco Raya,694397,30166,30166
MIN,Twins,0,0,0,0,0,0,,0.0,1,0,0,0,0,0,0,,0,4.18419,1.37923,8.59886,3.94262,2.181,0.948637,0.221169,0.101407,0.11976155638694763,,0.244384,0.299519,0.709522,3.96794,0.0,,0.0,,0.0,0.0,,999.0,/players/kendry-rojas/29423/stats/pitching,P,8,8.0,AL,Kendry Rojas,696070,29423,29423
SDP,Padres,0,0,0,0,0,0,,0.0,2,0,0,0,0,0,0,,0,3.72243,1.25176,8.85852,3.64778,2.42847,0.975709,0.232581,0.0957726,0.13680832833051682,,0.225332,0.277066,0.729274,3.96972,0.0,,0.0,,0.0,0.0,,999.0,/players/bradgley-rodriguez/29107/stats/pitching,P,29,29.0,NL,Bradgley Rodriguez,699134,29107,29107
CHC,Cubs,0,0,0,0,0,0,,0.0,0,0,0,0,0,0,0,,0,4.34143,1.32024,7.74429,2.69743,2.87099,1.13032,0.202407,0.0705009,0.13190622627735138,,0.25964,0.303937,0.695476,3.97612,0.0,,0.0,,0.0,0.0,,999.0,/players/jordan-wicks/30094/stats/pitching,P,17,17.0,NL,Jordan Wicks,696136,30094,30094
MIA,Marlins,0,0,0,0,0,0,,0.0,2,0,0,0,0,0,0,,0,4.17113,1.26033,7.30881,2.55752,2.85777,1.05299,0.192693,0.0674279,0.125265434384346,,0.251043,0.290323,0.689967,3.97709,0.0,,0.0,,0.0,0.0,,144.57000732421875,/players/sandy-alcantara/18684/stats/pitching,P,20,20.0,NL,Sandy Alcantara,645261,18684,18684
LAD,Dodgers,0,0,0,0,0,0,,0.0,1,0,0,0,0,0,0,,0,4.5,1.29167,7.875,2.625,3.0,1.125,0.205882,0.0686275,0.13725490123033524,,0.255319,0.3,0.671642,3.9773,0.0,,0.0,,0.0,0.0,,999.0,/players/gavin-stone/27792/stats/pitching,P,22,22.0,NL,Gavin Stone,694813,27792,27792
BOS,Red Sox,0,0,0,0,0,0,,0.0,2,0,0,0,0,0,0,,0,4.07746,1.27948,8.32412,3.03586,2.74194,1.12176,0.219014,0.0798756,0.13913804292678833,,0.244579,0.291698,0.712256,3.98544,0.0,,0.0,,0.0,0.0,,999.0,/players/greg-weissert/20375/stats/pitching,P,3,3.0,AL,Greg Weissert,669711,20375,20375
WSN,Nationals,0,0,0,0,0,0,,0.0,1,0,0,0,0,0,0,,0,4.08466,1.23715,7.81741,3.28365,2.38071,0.955593,0.206982,0.0869414,0.12004068493843079,,0.230627,0.272883,0.683355,3.988,0.0,,0.0,,0.0,0.0,,999.0,/players/zak-kent/25703/stats/pitching,P,24,24.0,NL,Zak Kent,687849,25703,25703
PIT,Pirates,0,0,0,0,0,0,,0.0,2,0,0,0,0,0,0,,0,3.97486,1.27392,10.2518,4.05461,2.52844,1.11403,0.268275,0.106103,0.16217191517353058,,0.220934,0.283931,0.721284,3.99046,0.0,,0.0,,0.0,0.0,,269.42999267578125,/players/kirby-yates/9073/stats/pitching,P,27,27.0,NL,Kirby Yates,489446,9073,9073
SEA,Mariners,0,0,0,0,0,0,,0.0,2,0,0,0,0,0,0,,0,3.80798,1.29233,10.0074,4.39945,2.2747,1.057,0.262112,0.11523,0.14688288420438766,,0.216374,0.276179,0.73803,3.9913,0.0,,0.0,,0.0,0.0,,194.19000244140625,/players/seranthony-dominguez/19249/stats/pitching,P,11,11.0,AL,Seranthony Domínguez,622554,19249,19249
ARI,Diamondbacks,0,0,0,0,0,0,,0.0,1,0,0,0,0,0,0,,0,4.25824,1.30122,8.30452,3.32489,2.49768,1.04911,0.217982,0.0872738,0.1307082399725914,,0.243564,0.292577,0.691496,3.99443,0.0,,0.0,,0.0,0.0,,150.50999450683594,/players/dennis-santana/17878/stats/pitching,P,15,15.0,NL,Dennis Santana,642701,17878,17878
BAL,Orioles,0,0,0,0,0,0,,0.0,2,0,0,0,0,0,0,,0,3.98965,1.334,9.5451,4.18273,2.28202,1.0774,0.248648,0.108959,0.1396884024143219,,0.230007,0.288399,0.730586,3.99566,0.0,,0.0,,0.0,0.0,,999.0,/players/anthony-nunez/25796/stats/pitching,P,2,2.0,AL,Anthony Nunez,689296,25796,25796
MIA,Marlins,0,0,0,0,0,0,,0.0,1,0,0,0,0,0,0,,0,4.04627,1.34594,7.30339,3.49828,2.08771,0.750026,0.186687,0.0894219,0.09726516902446747,,0.247526,0.294006,0.697374,4.00131,0.0,,0.0,,0.0,0.0,,999.0,/players/cade-gibson/31815/stats/pitching,P,20,20.0,NL,Cade Gibson,806188,31815,31815
NYY,Yankees,0,0,0,0,0,0,,0.0,1,0,0,0,0,0,0,,0,4.5,1.4,9.9,4.5,2.2,0.9,0.25,0.113636,0.13636364042758942,,0.236842,0.307692,0.714286,4.0023,0.0,,0.0,,0.0,0.0,,999.0,/players/carlos-lagrange/sa3019390/stats/pitching,P,9,,AL,Carlos Lagrange,801739,sa3019390,sa3019390
ARI,Diamondbacks,0,0,0,0,0,0,,0.0,0,0,0,0,0,0,0,,0,4.18583,1.47556,7.48864,3.56576,2.10015,0.884837,0.18832,0.0896695,0.09865007549524307,,0.270561,0.320712,0.725026,4.00335,0.0,,0.0,,0.0,0.0,,999.0,/players/derek-law/13133/stats/pitching,P,15,15.0,NL,Derek Law,571882,13133,13133
NYY,Yankees,0,0,0,0,0,0,,0.0,1,0,0,0,0,0,0,,0,4.04133,1.3185,7.44522,3.32131,2.24165,0.945361,0.194121,0.0865971,0.10752362012863159,,0.246011,0.288479,0.708884,4.01942,0.0,,0.0,,0.0,0.0,,999.0,/players/yerry-de-los-santos/21420/stats/pitching,P,9,9.0,AL,Yerry De los Santos,660787,21420,21420
KCR,Royals,0,0,0,0,0,0,,0.0,1,0,0,0,0,0,0,,0,4.14245,1.32732,6.88519,2.98337,2.30785,0.900573,0.178378,0.0772917,0.10108604282140732,,0.25496,0.294588,0.696599,4.02189,0.0,,0.0,,0.0,0.0,,999.0,/players/spencer-bivens/30226/stats/pitching,P,7,7.0,AL,Spencer Bivens,702352,30226,30226
CLE,Guardians,0,0,0,0,0,0,,0.0,2,0,0,0,0,0,0,,0,3.88308,1.22488,8.67827,2.97673,2.91537,1.20819,0.231097,0.0792686,0.15182876586914062,,0.235041,0.280853,0.728979,4.02405,0.0,,0.0,,0.0,0.0,,999.0,/players/hunter-gaddis/25636/stats/pitching,P,5,5.0,AL,Hunter Gaddis,683769,25636,25636
MIA,Marlins,0,0,0,0,0,0,,0.0,2,0,0,0,0,0,0,,0,4.01119,1.44273,8.37517,4.56538,1.83449,0.813067,0.212247,0.115698,0.09654940664768219,,0.243112,0.298951,0.728042,4.02505,0.0,,0.0,,0.0,0.0,,496.760009765625,/players/victor-vodnik/24614/stats/pitching,P,20,20.0,NL,Victor Vodnik,680767,24614,24614
SFG,Giants,0,0,0,0,0,0,,0.0,2,0,0,0,0,0,0,,0,3.83531,1.30677,8.5981,3.89594,2.20694,0.958583,0.22386,0.101435,0.12242542952299118,,0.230949,0.281913,0.728685,4.02737,0.0,,0.0,,0.0,0.0,,999.0,/players/dylan-smith/30145/stats/pitching,P,30,30.0,NL,Dylan Smith,681916,30145,30145
KCR,Royals,0,0,0,0,0,0,,0.0,1,0,0,0,0,0,0,,0,4.23938,1.3139,8.64191,3.51605,2.45785,1.08596,0.225352,0.0916866,0.1336652860045433,,0.24085,0.291594,0.700365,4.03363,0.0,,0.0,,0.0,0.0,,999.0,/players/steven-cruz/23165/stats/pitching,P,7,7.0,AL,Steven Cruz,674444,23165,23165
PIT,Pirates,0,0,0,0,0,0,,0.0,1,0,0,0,0,0,0,,0,4.39038,1.48513,8.09303,4.79082,1.68928,0.665807,0.201891,0.119513,0.08237788826227188,,0.246663,0.304136,0.691167,4.03916,0.0,,0.0,,0.0,0.0,,999.0,/players/noah-murdock/27908/stats/pitching,P,27,27.0,NL,Noah Murdock,668716,27908,27908
CHW,White Sox,0,0,0,0,0,0,,0.0,1,0,0,0,0,0,0,,0,4.81274,1.42067,7.85743,4.59814,1.70883,0.79851,0.201597,0.117974,0.08362287282943726,,0.238172,0.287278,0.647472,4.04232,0.0,,0.0,,0.0,0.0,,999.0,/players/tyler-davis/34847/stats/pitching,P,4,4.0,AL,Tyler Davis,699823,34847,34847
CLE,Guardians,0,0,0,0,0,0,,0.0,2,0,0,0,0,0,0,,0,4.12128,1.25915,8.87881,3.17566,2.7959,1.12622,0.232393,0.0831192,0.14927370101213455,,0.237481,0.288824,0.702434,4.04244,0.0,,0.0,,0.0,0.0,,999.0,/players/matt-festa/19330/stats/pitching,P,5,5.0,AL,Matt Festa,670036,19330,19330
DET,Tigers,0,0,0,0,0,0,,0.0,2,0,0,0,0,0,0,,0,4.05211,1.2246,9.36416,3.53318,2.65035,1.21741,0.249679,0.0942063,0.1554730385541916,,0.222203,0.271249,0.710197,4.04819,0.0,,0.0,,0.0,0.0,,133.02000427246094,/players/kenley-jansen/3096/stats/pitching,P,6,6.0,AL,Kenley Jansen,445276,3096,3096
TEX,Rangers,0,0,0,0,0,0,,0.0,0,0,0,0,0,0,0,,0,4.08817,1.41939,6.20807,3.24647,1.91225,0.80622,0.158346,0.082806,0.07553985714912415,,0.266757,0.303857,0.715352,4.04983,0.0,,0.0,,0.0,0.0,,999.0,/players/john-king/22051/stats/pitching,P,13,13.0,AL,John King,667463,22051,22051
KCR,Royals,0,0,0,0,0,0,,0.0,0,0,0,0,0,0,0,,0,4.42728,1.33904,8.23411,3.52948,2.33295,1.02876,0.213395,0.0914697,0.12192478030920029,,0.245502,0.294436,0.682219,4.04997,0.0,,0.0,,0.0,0.0,,999.0,/players/nick-mears/25376/stats/pitching,P,7,7.0,AL,Nick Mears,683232,25376,25376
MIA,Marlins,0,0,0,0,0,0,,0.0,1,0,0,0,0,0,0,,0,3.92308,1.30769,9.46154,3.69231,2.5625,1.15385,0.245509,0.0958084,0.1497006043791771,,0.234899,0.291262,0.727273,4.05102,0.0,,0.0,,0.0,0.0,,999.0,/players/josh-white/31738/stats/pitching,P,20,20.0,NL,Josh White,687985,31738,31738
MIA,Marlins,0,0,0,0,0,0,,0.0,2,0,0,0,0,0,0,,0,4.10324,1.31422,9.24908,3.84837,2.40338,1.11341,0.241069,0.100304,0.14076488465070724,,0.23353,0.28841,0.717479,4.0543,0.0,,0.0,,0.0,0.0,,999.0,/players/michael-petersen/20827/stats/pitching,P,20,20.0,NL,Michael Petersen,656848,20827,20827
MIL,Brewers,0,0,0,0,0,0,,1.0,2,0,0,0,0,1,0,,0,4.19194,1.25556,9.64187,3.16488,3.04652,1.31593,0.254353,0.0834899,0.17086337506771088,,0.237002,0.291827,0.713023,4.05454,9.4,9.4,7.0,7.0,0.0,0.0,,446.55999755859375,/players/kyle-harrison/27758/stats/pitching,P,23,23.0,NL,Kyle Harrison,690986,27758,27758
SEA,Mariners,0,0,0,0,0,0,,0.0,1,0,0,0,0,0,0,,0,4.5,1.45455,9.0,4.90909,1.83333,0.818182,0.22449,0.122449,0.10204081237316132,,0.235294,0.295082,0.684932,4.05684,0.0,,0.0,,0.0,0.0,,999.0,/players/josh-simpson/25957/stats/pitching,P,11,11.0,AL,Josh Simpson,681006,25957,25957
ATH,Athletics,0,0,0,0,0,0,,1.0,3,1,0,0,0,1,0,,0,4.12964,1.30841,7.60269,2.85846,2.65971,1.1181,0.199003,0.0748212,0.12418157607316971,,0.254,0.295573,0.713683,4.06009,6.800000000000001,6.800000000000001,7.0,7.0,0.0,0.0,,999.0,/players/brady-basso/25582/stats/pitching,P,10,10.0,AL,Brady Basso,669620,25582,25582
CHC,Cubs,0,0,0,0,0,0,,0.0,2,0,0,0,0,0,0,,0,4.06132,1.27318,8.89834,3.50418,2.53935,1.15523,0.234497,0.0923453,0.14215155690908432,,0.232965,0.282232,0.715774,4.06091,0.0,,0.0,,0.0,0.0,,999.0,/players/jacob-webb/19274/stats/pitching,P,17,17.0,NL,Jacob Webb,657097,19274,19274
PIT,Pirates,0,0,0,0,0,0,,0.0,2,0,0,0,0,0,0,,0,4.0326,1.34759,9.54956,4.33035,2.20526,0.894888,0.24251,0.109969,0.13254108279943466,,0.229432,0.293204,0.712156,4.06949,0.0,,0.0,,0.0,0.0,,999.0,/players/yohan-ramirez/19444/stats/pitching,P,27,27.0,NL,Yohan Ramírez,670990,19444,19444
MIN,Twins,0,0,0,0,0,0,,0.0,1,0,0,0,0,0,0,,0,4.51925,1.36009,7.85529,3.40693,2.30568,1.02017,0.202708,0.0879167,0.11479106545448303,,0.252224,0.298821,0.677782,4.0729,0.0,,0.0,,0.0,0.0,,999.0,/players/travis-adams/30180/stats/pitching,P,8,8.0,AL,Travis Adams,701519,30180,30180
CLE,Guardians,0,0,0,0,0,0,,0.0,2,0,0,0,0,0,0,,0,4.01349,1.36347,9.11716,4.45247,2.04766,0.878067,0.232602,0.113594,0.11900818347930908,,0.229903,0.289032,0.716245,4.0738,0.0,,0.0,,0.0,0.0,,999.0,/players/tim-herrin/25139/stats/pitching,P,5,5.0,AL,Tim Herrin,682120,25139,25139
CLE,Guardians,0,0,0,0,0,0,,0.0,1,0,0,0,0,0,0,,0,4.18608,1.38679,10.1286,4.54762,2.22723,1.14163,0.26047,0.116948,0.1435217782855034,,0.232493,0.297194,0.728765,4.08799,0.0,,0.0,,0.0,0.0,,999.0,/players/daniel-espino/25625/stats/pitching,P,5,5.0,AL,Daniel Espino,682982,25625,25625
TEX,Rangers,0,0,0,0,0,0,,0.0,2,0,0,0,0,0,0,,0,4.33767,1.27708,7.403,2.55505,2.8974,1.17338,0.195123,0.0673442,0.1277787685394287,,0.254455,0.292453,0.688142,4.08924,0.0,,0.0,,0.0,0.0,,999.0,/players/tyler-alexander/17735/stats/pitching,P,13,13.0,AL,Tyler Alexander,641302,17735,17735
MIL,Brewers,0,0,0,0,0,0,,0.0,2,0,0,0,0,0,0,,0,4.16018,1.27989,8.79544,3.18199,2.76414,1.23313,0.231403,0.0837163,0.14768701791763306,,0.241464,0.289974,0.714525,4.08964,0.0,,0.0,,0.0,0.0,,288.6499938964844,/players/chad-patrick/30113/stats/pitching,P,23,23.0,NL,Chad Patrick,694477,30113,30113
LAD,Dodgers,0,0,0,0,0,0,,0.0,2,0,0,0,0,0,0,,0,4.18455,1.30241,8.91801,3.48918,2.5559,1.16476,0.232821,0.0910915,0.14172914624214172,,0.239161,0.290379,0.710856,4.09684,0.0,,0.0,,0.0,0.0,,289.7200012207031,/players/roki-sasaki/35323/stats/pitching,P,22,22.0,NL,Roki Sasaki,808963,35323,35323
KCR,Royals,0,0,0,0,0,0,,0.0,1,0,0,0,0,0,0,,0,4.55529,1.45393,7.3497,3.36266,2.18568,0.966349,0.185554,0.0848951,0.10065864026546478,,0.270732,0.317299,0.693287,4.09714,0.0,,0.0,,0.0,0.0,,999.0,/players/easton-mcgee/22176/stats/pitching,P,7,7.0,AL,Easton McGee,668834,22176,22176
SDP,Padres,0,0,0,0,0,0,,0.0,1,0,0,0,0,0,0,,0,4.04364,1.20829,8.2284,2.26095,3.63936,1.27458,0.218102,0.0599287,0.15817323327064514,,0.247679,0.290375,0.712783,4.09814,0.0,,0.0,,0.0,0.0,,385.6199951171875,/players/joe-musgrove/12970/stats/pitching,P,29,29.0,NL,Joe Musgrove,605397,12970,12970
ATL,Braves,0,0,0,0,0,0,,1.0,3,1,0,0,0,1,0,,0,4.23902,1.33498,9.17001,3.74287,2.45,1.18026,0.238488,0.097342,0.14114558696746826,,0.240031,0.294117,0.714809,4.09893,6.800000000000001,6.800000000000001,7.0,7.0,0.0,0.0,,999.0,/players/aj-smith-shawver/29960/stats/pitching,P,16,16.0,NL,AJ Smith-Shawver,700363,29960,29960
STL,Cardinals,0,0,0,0,0,0,,0.0,1,0,0,0,0,0,0,,0,4.5,1.4,5.4,2.7,2.0,0.9,0.139535,0.0697674,0.06976744532585144,,0.275,0.30303,0.714286,4.1023,0.0,,0.0,,0.0,0.0,,999.0,/players/josh-fleming/20418/stats/pitching,P,28,28.0,NL,Josh Fleming,676596,20418,20418
TBR,Rays,0,0,0,0,0,0,,0.0,2,0,0,0,0,0,0,,0,4.15908,1.26909,7.53954,2.57167,2.93176,1.19764,0.199045,0.0678924,0.13115209341049194,,0.252572,0.290937,0.708158,4.10294,0.0,,0.0,,0.0,0.0,,712.989990234375,/players/steven-matz/13361/stats/pitching,P,12,12.0,AL,Steven Matz,571927,13361,13361
STL,Cardinals,0,0,0,0,0,0,,0.0,2,0,0,0,0,0,0,,0,4.41268,1.35317,7.11834,3.32037,2.14384,0.960757,0.184203,0.0859222,0.09828094393014908,,0.252742,0.292831,0.681418,4.10681,0.0,,0.0,,0.0,0.0,,999.0,/players/gordon-graceffo/29519/stats/pitching,P,28,28.0,NL,Gordon Graceffo,700669,29519,29519
TBR,Rays,0,0,0,0,0,0,,0.0,2,0,0,0,0,0,0,,0,4.01595,1.26202,9.8326,3.51298,2.79894,1.33193,0.259814,0.0928261,0.16698823869228363,,0.230503,0.284788,0.736613,4.11101,0.0,,0.0,,0.0,0.0,,999.0,/players/cam-booser/16061/stats/pitching,P,12,12.0,AL,Cam Booser,592155,16061,16061
TEX,Rangers,0,0,0,0,0,0,,0.0,0,0,0,0,0,0,0,,0,4.10928,1.27636,8.95369,3.59991,2.4872,1.16421,0.235138,0.0945393,0.14059879630804062,,0.231147,0.280076,0.712223,4.11285,0.0,,0.0,,0.0,0.0,,230.7100067138672,/players/jack-leiter/30146/stats/pitching,P,13,13.0,AL,Jack Leiter,683004,30146,30146
HOU,Astros,0,0,0,0,0,0,,1.0,3,1,0,0,0,1,0,,0,4.10041,1.32299,9.50059,4.11753,2.30735,1.0899,0.24583,0.106542,0.1392880454659462,,0.229136,0.286252,0.717649,4.11611,6.800000000000001,6.800000000000001,7.0,7.0,0.0,0.0,,999.0,/players/tatsuya-imai/37124/stats/pitching,P,21,21.0,AL,Tatsuya Imai,837227,37124,37124
NYY,Yankees,0,0,0,0,0,0,,0.0,2,0,0,0,0,0,0,,0,4.21537,1.3084,7.71104,3.13176,2.46221,1.10536,0.201614,0.0818837,0.11973073333501816,,0.248145,0.289747,0.703325,4.1229,0.0,,0.0,,0.0,0.0,,999.0,/players/paul-blackburn/14739/stats/pitching,P,9,9.0,AL,Paul Blackburn,621112,14739,14739
HOU,Astros,0,0,0,0,0,0,,0.0,1,0,0,0,0,0,0,,0,4.26923,1.30769,8.76923,3.46154,2.53333,1.15385,0.228228,0.0900901,0.13813813030719757,,0.240803,0.29108,0.704545,4.12794,0.0,,0.0,,0.0,0.0,,725.9600219726562,/players/ryan-weiss/24621/stats/pitching,P,21,21.0,AL,Ryan Weiss,680802,24621,24621
MIL,Brewers,0,0,0,0,0,0,,0.0,2,0,0,0,0,0,0,,0,3.92766,1.35641,9.18754,4.56451,2.01282,0.998941,0.237323,0.117906,0.11941748112440109,,0.225908,0.28098,0.734422,4.13019,0.0,,0.0,,0.0,0.0,,999.0,/players/dl-hall/22207/stats/pitching,P,23,23.0,NL,DL Hall,669084,22207,22207
CHC,Cubs,0,0,0,0,0,0,,0.0,1,0,0,0,0,0,0,,0,4.17549,1.23998,8.21742,2.50669,3.27819,1.31854,0.217985,0.0664954,0.15148915350437164,,0.248345,0.289822,0.710902,4.13214,0.0,,0.0,,0.0,0.0,,748.5800170898438,/players/aaron-civale/19479/stats/pitching,P,17,17.0,NL,Aaron Civale,650644,19479,19479
SEA,Mariners,0,0,0,0,0,0,,0.0,1,0,0,0,0,0,0,,0,4.10341,1.31039,7.22853,2.99155,2.41632,0.985124,0.187091,0.0774281,0.10966285318136215,,0.251543,0.29191,0.704154,4.13374,0.0,,0.0,,0.0,0.0,,999.0,/players/cooper-criswell/24975/stats/pitching,P,11,11.0,AL,Cooper Criswell,681867,24975,24975
LAA,Angels,0,0,0,0,0,0,,0.0,2,0,0,0,0,0,0,,0,4.28938,1.32164,7.857,2.99882,2.62003,1.15618,0.204546,0.0780701,0.12647568434476852,,0.253547,0.296852,0.703806,4.13502,0.0,,0.0,,0.0,0.0,,999.0,/players/ryan-watson/27853/stats/pitching,P,1,1.0,AL,Ryan Watson,670245,27853,27853
CLE,Guardians,0,0,0,0,0,0,,0.0,2,0,0,0,0,0,0,,0,4.23926,1.32516,9.05225,4.15949,2.17629,0.948992,0.232236,0.106712,0.12552395462989807,,0.22873,0.284607,0.69057,4.13537,0.0,,0.0,,0.0,0.0,,999.0,/players/craig-yoho/33248/stats/pitching,P,5,5.0,AL,Craig Yoho,684974,33248,33248
BAL,Orioles,0,0,0,0,0,0,,0.0,1,0,0,0,0,0,0,,0,4.17491,1.27365,9.15602,3.79864,2.41034,1.18499,0.241408,0.100155,0.14125269651412964,,0.226388,0.275556,0.706344,4.13711,0.0,,0.0,,0.0,0.0,,999.0,/players/yaramil-hiraldo/25215/stats/pitching,P,2,2.0,AL,Yaramil Hiraldo,682274,25215,25215
WSN,Nationals,0,0,0,0,0,0,,0.0,1,0,0,0,0,0,0,,0,4.22682,1.35457,8.07283,3.16078,2.55407,1.18572,0.20931,0.0819515,0.127358078956604,,0.256397,0.302161,0.721364,4.1372,0.0,,0.0,,0.0,0.0,,999.0,/players/will-dion/30061/stats/pitching,P,24,24.0,NL,Will Dion,702021,30061,30061
ARI,Diamondbacks,0,0,0,0,0,0,,0.0,1,0,0,0,0,0,0,,0,4.39312,1.44605,7.66804,3.67198,2.08826,0.960003,0.193667,0.0927408,0.10092585533857346,,0.262928,0.311565,0.706,4.1388,0.0,,0.0,,0.0,0.0,,999.0,/players/drey-jameson/26260/stats/pitching,P,15,15.0,NL,Drey Jameson,686753,26260,26260
,,0,0,0,0,0,0,,0.0,1,0,0,0,0,0,0,,0,3.95878,1.31889,7.97477,3.61888,2.20366,1.03994,0.207859,0.0943245,0.11353453993797302,,0.239572,0.28361,0.726611,4.14064,0.0,,0.0,,0.0,0.0,,999.0,/players/danny-coulombe/13293/stats/pitching,P,-1,-1.0,,Danny Coulombe,543056,13293,13293
DET,Tigers,0,0,0,0,0,0,,0.0,1,0,0,0,0,0,0,,0,4.41999,1.32861,8.0205,3.27148,2.45164,1.11941,0.20835,0.084984,0.12336644530296326,,0.249054,0.294008,0.688445,4.1433,0.0,,0.0,,0.0,0.0,,999.0,/players/ty-madden/30140/stats/pitching,P,6,6.0,AL,Ty Madden,680744,30140,30140
SDP,Padres,0,0,0,0,0,0,,0.0,1,0,0,0,0,0,0,,0,4.32065,1.33462,6.58339,2.69903,2.43917,1.05429,0.171191,0.070184,0.10100692510604858,,0.262307,0.296369,0.694336,4.1468,0.0,,0.0,,0.0,0.0,,999.0,/players/jhony-brito/25386/stats/pitching,P,29,29.0,NL,Jhony Brito,666745,25386,25386
CHW,White Sox,0,0,0,0,0,0,,0.0,1,0,0,0,0,0,0,,0,4.16489,1.32733,8.26007,4.04527,2.04191,0.970457,0.214362,0.104981,0.10938047617673874,,0.231755,0.278768,0.700735,4.14939,0.0,,0.0,,0.0,0.0,,999.0,/players/huascar-brazoban/6107/stats/pitching,P,4,4.0,AL,Huascar Brazobán,623211,6107,6107
BOS,Red Sox,0,0,0,0,0,0,,0.0,1,0,0,0,0,0,0,,0,4.24507,1.42952,7.11949,3.74287,1.90215,0.884821,0.180835,0.0950689,0.08576613664627075,,0.258342,0.301663,0.709685,4.1507,0.0,,0.0,,0.0,0.0,,999.0,/players/tyler-samaniego/30081/stats/pitching,P,3,3.0,AL,Tyler Samaniego,701719,30081,30081
PIT,Pirates,0,0,0,0,0,0,,0.0,1,0,0,0,0,0,0,,0,4.21219,1.37898,8.49492,4.25802,1.99504,0.962551,0.217874,0.109208,0.10866622626781464,,0.237394,0.288935,0.707961,4.15398,0.0,,0.0,,0.0,0.0,,999.0,/players/isaac-mattson/20385/stats/pitching,P,27,27.0,NL,Isaac Mattson,676755,20385,20385
PHI,Phillies,0,0,0,0,0,0,,0.0,1,0,0,0,0,0,0,,0,4.38071,1.30458,8.16857,3.38063,2.41628,1.13661,0.21369,0.0884374,0.12525252252817154,,0.241981,0.28615,0.687646,4.15406,0.0,,0.0,,0.0,0.0,,999.0,/players/chase-shugart/21544/stats/pitching,P,26,26.0,NL,Chase Shugart,663767,21544,21544
WSN,Nationals,0,0,0,0,0,0,,0.0,1,0,0,0,0,0,0,,0,4.07378,1.39615,9.81958,5.0006,1.96368,1.01593,0.251471,0.128061,0.123409703373909,,0.224152,0.285815,0.730261,4.15436,0.0,,0.0,,0.0,0.0,,307.1400146484375,/players/clayton-beeter/27494/stats/pitching,P,24,24.0,NL,Clayton Beeter,690925,27494,27494
SEA,Mariners,0,0,0,0,0,0,,0.0,1,0,0,0,0,0,0,,0,4.26316,1.31579,7.10526,3.31579,2.14286,0.947368,0.182927,0.0853659,0.09756097942590714,,0.243243,0.280702,0.675676,4.15493,0.0,,0.0,,0.0,0.0,,999.0,/players/cole-wilcox/27481/stats/pitching,P,11,11.0,AL,Cole Wilcox,677961,27481,27481
BOS,Red Sox,0,0,0,0,0,0,,0.0,1,0,0,0,0,0,0,,0,4.36137,1.40077,6.47308,3.18975,2.02934,0.928113,0.165695,0.0816497,0.08404508978128433,,0.264475,0.300968,0.695668,4.15748,0.0,,0.0,,0.0,0.0,,999.0,/players/raymond-burgos/22370/stats/pitching,P,3,3.0,AL,Raymond Burgos,670103,22370,22370
PHI,Phillies,0,0,0,0,0,0,,0.0,0,0,0,0,0,0,0,,0,4.23036,1.34439,7.49674,3.37567,2.22082,1.03116,0.194156,0.0874255,0.10673043131828308,,0.249868,0.291546,0.70396,4.15851,0.0,,0.0,,0.0,0.0,,999.0,/players/grant-holman/30002/stats/pitching,P,26,26.0,NL,Grant Holman,680880,30002,30002
TOR,Blue Jays,0,0,0,0,0,0,,0.0,2,0,0,0,0,0,0,,0,4.02958,1.31761,9.32442,4.00786,2.32653,1.18872,0.243606,0.104708,0.13889817893505096,,0.230626,0.283156,0.7336,4.15924,0.0,,0.0,,0.0,0.0,,999.0,/players/mason-fluharty/31553/stats/pitching,P,14,14.0,AL,Mason Fluharty,689254,31553,31553
HOU,Astros,0,0,0,0,0,0,,0.0,2,0,0,0,0,0,0,,0,4.26124,1.39051,10.2155,5.07108,2.01447,1.05126,0.261523,0.129823,0.13170070946216583,,0.221312,0.285793,0.713839,4.16004,0.0,,0.0,,0.0,0.0,,999.0,/players/miguel-ullola/29036/stats/pitching,P,21,21.0,AL,Miguel Ullola,699044,29036,29036
TEX,Rangers,0,0,0,0,0,0,,0.0,2,0,0,0,0,0,0,,0,4.39048,1.34014,6.99978,2.78502,2.51337,1.11517,0.181916,0.0723793,0.10953657329082489,,0.261551,0.298379,0.694189,4.16157,0.0,,0.0,,0.0,0.0,,999.0,/players/jordan-montgomery/16511/stats/pitching,P,13,13.0,AL,Jordan Montgomery,656756,16511,16511
NYM,Mets,0,0,0,0,0,0,,0.0,1,0,0,0,0,0,0,,0,4.32,1.46,7.74,4.68,1.65385,0.72,0.195455,0.118182,0.07727272063493729,,0.246073,0.298611,0.697329,4.1623,0.0,,0.0,,0.0,0.0,,999.0,/players/cionel-perez/19614/stats/pitching,P,25,25.0,NL,Cionel Pérez,672335,19614,19614
NYM,Mets,0,0,0,0,0,0,,0.0,1,0,0,0,0,0,0,,0,4.15453,1.45885,8.86938,5.34313,1.65996,0.78718,0.223497,0.13464,0.08885690569877625,,0.229174,0.287803,0.716174,4.17104,0.0,,0.0,,0.0,0.0,,999.0,/players/dylan-ross/35309/stats/pitching,P,25,25.0,NL,Dylan Ross,697811,35309,35309
NYM,Mets,0,0,0,0,0,0,,0.0,1,0,0,0,0,0,0,,0,4.14681,1.38309,8.75133,4.2819,2.0438,1.01199,0.224277,0.109736,0.11454163491725922,,0.237685,0.290896,0.719824,4.17409,0.0,,0.0,,0.0,0.0,,999.0,/players/jonathan-pintaro/33980/stats/pitching,P,25,25.0,NL,Jonathan Pintaro,702752,33980,33980
COL,Rockies,0,0,0,0,0,0,,0.0,1,0,0,0,0,0,0,,0,3.92308,1.30769,9.23077,3.92308,2.35294,1.15385,0.242424,0.10303,0.13939393311738968,,0.232877,0.287129,0.727273,4.17922,0.0,,0.0,,0.0,0.0,,999.0,/players/hayden-harris/31913/stats/pitching,P,19,19.0,NL,Hayden Harris,802686,31913,31913
TEX,Rangers,0,0,0,0,0,0,,0.0,0,0,0,0,0,0,0,,0,4.15385,1.46154,9.0,5.53846,1.625,0.692308,0.22807,0.140351,0.08771930634975433,,0.229167,0.294118,0.681818,4.17922,0.0,,0.0,,0.0,0.0,,999.0,/players/emiliano-teodo/27999/stats/pitching,P,13,13.0,AL,Emiliano Teodo,693713,27999,27999
MIN,Twins,0,0,0,0,0,0,,0.0,1,0,0,0,0,0,0,,0,4.15106,1.35887,8.85288,3.96923,2.23038,1.1007,0.227781,0.102127,0.12565406411886215,,0.239431,0.291678,0.722043,4.17992,0.0,,0.0,,0.0,0.0,,415.510009765625,/players/taylor-rogers/13449/stats/pitching,P,8,8.0,AL,Taylor Rogers,573124,13449,13449
WSN,Nationals,0,0,0,0,0,0,,1.0,2,1,0,0,0,0,0,,0,4.10341,1.3304,7.71789,3.31275,2.32976,1.03864,0.19921,0.085507,0.11370338499546051,,0.248513,0.292103,0.714233,4.18464,4.800000000000001,4.800000000000001,5.0,5.0,0.0,0.0,,999.0,/players/brad-lord/31972/stats/pitching,P,24,24.0,NL,Brad Lord,695418,31972,31972
SFG,Giants,0,0,0,0,0,0,,0.0,1,0,0,0,0,0,0,,0,4.5,1.5,9.0,5.25,1.71429,0.75,0.218182,0.127273,0.09090907871723175,,0.234043,0.294118,0.662651,4.18563,0.0,,0.0,,0.0,0.0,,999.0,/players/eric-cerantola/30128/stats/pitching,P,30,30.0,NL,Eric Cerantola,672021,30128,30128
CHC,Cubs,0,0,0,0,0,0,,0.0,2,0,0,0,0,0,0,,0,4.082,1.33445,10.5102,4.85453,2.16504,1.06947,0.269688,0.124565,0.14512308686971664,,0.214588,0.279616,0.720371,4.1869,0.0,,0.0,,0.0,0.0,,999.0,/players/ryan-zeferjahn/25420/stats/pitching,P,17,17.0,NL,Ryan Zeferjahn,666171,25420,25420
TEX,Rangers,0,0,0,0,0,0,,0.0,2,0,0,0,0,0,0,,0,3.93646,1.35831,9.17337,4.65922,1.96886,1.00349,0.236532,0.120136,0.1163957417011261,,0.224128,0.278306,0.73439,4.18899,0.0,,0.0,,0.0,0.0,,999.0,/players/chase-silseth/30074/stats/pitching,P,13,13.0,AL,Chase Silseth,681217,30074,30074
MIL,Brewers,0,0,0,0,0,0,,0.0,1,0,0,0,0,0,0,,0,4.32319,1.31311,8.39334,3.65621,2.29564,1.04076,0.216825,0.0944509,0.12237416207790375,,0.237594,0.285782,0.687089,4.19323,0.0,,0.0,,0.0,0.0,,528.2000122070312,/players/brandon-sproat/33850/stats/pitching,P,23,23.0,NL,Brandon Sproat,687075,33850,33850
CIN,Reds,0,0,0,0,0,0,,0.0,2,0,0,0,0,0,0,,0,4.23472,1.34902,8.75016,3.93391,2.22429,1.12967,0.226513,0.101836,0.12467716634273529,,0.238603,0.288677,0.713872,4.20039,0.0,,0.0,,0.0,0.0,,999.0,/players/brock-burke/17968/stats/pitching,P,18,18.0,NL,Brock Burke,656271,17968,17968
SDP,Padres,0,0,0,0,0,0,,0.0,1,0,0,0,0,0,0,,0,4.16621,1.30213,8.0138,3.24053,2.47299,1.17196,0.209592,0.0847522,0.1248394250869751,,0.244563,0.28673,0.713473,4.20317,0.0,,0.0,,0.0,0.0,,999.0,/players/kyle-hart/19646/stats/pitching,P,29,29.0,NL,Kyle Hart,606996,19646,19646
ATH,Athletics,0,0,0,0,0,0,,0.0,2,0,0,0,0,0,0,,0,4.11468,1.40234,9.53912,4.66358,2.04545,1.07368,0.243259,0.118927,0.12433238327503204,,0.232701,0.291892,0.732924,4.20587,0.0,,0.0,,0.0,0.0,,618.1699829101562,/players/hogan-harris/21520/stats/pitching,P,10,10.0,AL,Hogan Harris,663687,21520,21520
CLE,Guardians,0,0,0,0,0,0,,0.0,1,0,0,0,0,0,0,,0,4.38075,1.36614,7.92906,3.23743,2.44918,1.17336,0.204475,0.0834873,0.12098819762468338,,0.256976,0.301563,0.707209,4.2117,0.0,,0.0,,0.0,0.0,,999.0,/players/logan-allen/27589/stats/pitching,P,5,5.0,AL,Logan Allen,671106,27589,27589
ARI,Diamondbacks,0,0,0,0,0,0,,0.0,1,0,0,0,0,0,0,,0,4.0,1.38889,8.25,4.0,2.0625,1.0,0.211538,0.102564,0.10897435992956161,,0.246377,0.29703,0.720721,4.21341,0.0,,0.0,,0.0,0.0,,999.0,/players/kade-strowd/26191/stats/pitching,P,15,15.0,NL,Kade Strowd,669704,26191,26191
DET,Tigers,0,0,0,0,0,0,,0.0,2,0,0,0,0,0,0,,0,4.27554,1.28145,9.19727,3.80091,2.41975,1.22769,0.242237,0.100108,0.1421288698911667,,0.228626,0.278027,0.701601,4.21453,0.0,,0.0,,0.0,0.0,,999.0,/players/tyler-kinley/18297/stats/pitching,P,6,6.0,AL,Tyler Kinley,641755,18297,18297
BAL,Orioles,0,0,0,0,0,0,,0.0,1,0,0,0,0,0,0,,0,4.40223,1.46784,8.21722,4.51008,1.82197,0.924648,0.206946,0.113584,0.09336218237876892,,0.249366,0.301991,0.707074,4.21738,0.0,,0.0,,0.0,0.0,,999.0,/players/alex-hoppe/31880/stats/pitching,P,2,2.0,AL,Alex Hoppe,695380,31880,31880
HOU,Astros,0,0,0,0,0,0,,0.0,2,0,0,0,0,0,0,,0,4.4405,1.34786,9.27247,4.07713,2.27426,1.03936,0.236104,0.103815,0.13228805363178253,,0.235187,0.293095,0.684187,4.21946,0.0,,0.0,,0.0,0.0,,999.0,/players/kai-wei-teng/24282/stats/pitching,P,21,21.0,AL,Kai-Wei Teng,678906,24282,24282
ATH,Athletics,0,0,0,0,0,0,,0.0,2,0,0,0,0,0,0,,0,4.41227,1.376,7.53491,3.27878,2.29809,1.10803,0.193842,0.0843492,0.10949252545833588,,0.257974,0.300057,0.700474,4.22042,0.0,,0.0,,0.0,0.0,,999.0,/players/scott-blewett/16427/stats/pitching,P,10,10.0,AL,Scott Blewett,656240,16427,16427
SEA,Mariners,0,0,0,0,0,0,,0.0,1,0,0,0,0,0,0,,0,4.33732,1.35039,8.67634,3.53764,2.45258,1.21472,0.224298,0.0914541,0.13284428417682648,,0.247541,0.297058,0.711672,4.22091,0.0,,0.0,,0.0,0.0,,999.0,/players/michael-rucker/19454/stats/pitching,P,11,11.0,AL,Michael Rucker,621074,19454,19454
SDP,Padres,0,0,0,0,0,0,,0.0,1,0,0,0,0,0,0,,0,3.93468,1.36647,7.05397,3.63978,1.93802,0.937259,0.181578,0.0936926,0.08788580447435379,,0.24846,0.287491,0.730144,4.22177,0.0,,0.0,,0.0,0.0,,999.0,/players/wandy-peralta/14295/stats/pitching,P,29,29.0,NL,Wandy Peralta,593974,14295,14295
SEA,Mariners,0,0,0,0,0,0,,0.0,2,0,0,0,0,0,0,,0,4.06885,1.34272,7.63115,3.36242,2.26954,1.09805,0.197692,0.0871068,0.110585518181324,,0.24983,0.291184,0.726431,4.22223,0.0,,0.0,,0.0,0.0,,999.0,/players/carlos-vargas/22915/stats/pitching,P,11,11.0,AL,Carlos Vargas,672841,22915,22915
BOS,Red Sox,0,0,0,0,0,0,,0.0,0,0,0,0,0,0,0,,0,4.44041,1.11638,8.92187,2.47763,3.60097,1.49223,0.243608,0.0676506,0.17595713585615158,,0.224226,0.26033,0.656031,4.2298,0.0,,0.0,,0.0,0.0,,999.0,/players/kutter-crawford/20531/stats/pitching,P,3,3.0,AL,Kutter Crawford,676710,20531,20531
CIN,Reds,0,0,0,0,0,0,,0.0,2,0,0,0,0,0,0,,0,4.17762,1.19525,9.62334,3.01904,3.18755,1.50678,0.259272,0.0813389,0.17793329060077667,,0.22862,0.274302,0.71884,4.23003,0.0,,0.0,,0.0,0.0,,111.94000244140625,/players/emilio-pagan/14771/stats/pitching,P,18,18.0,NL,Emilio Pagán,641941,14771,14771
PHI,Phillies,0,0,0,0,0,0,,0.0,0,0,0,0,0,0,0,,0,4.15385,1.33333,8.30769,3.46154,2.4,1.15385,0.216867,0.0903614,0.1265060305595398,,0.248322,0.296296,0.711111,4.2305,0.0,,0.0,,0.0,0.0,,999.0,/players/kyle-backhus/29615/stats/pitching,P,26,26.0,NL,Kyle Backhus,679775,29615,29615
CLE,Guardians,0,0,0,0,0,0,,0.0,2,0,0,0,0,0,0,,0,4.45794,1.28871,7.60259,2.40552,3.16048,1.33228,0.199712,0.0631902,0.13652125746011734,,0.259811,0.297208,0.69379,4.23225,0.0,,0.0,,0.0,0.0,,584.5599975585938,/players/slade-cecconi/27500/stats/pitching,P,5,5.0,AL,Slade Cecconi,677944,27500,27500
MIN,Twins,0,0,0,0,0,0,,0.0,1,0,0,0,0,0,0,,0,4.35699,1.36203,7.97732,3.99568,1.99649,0.965845,0.204927,0.102644,0.10228296369314194,,0.240226,0.286687,0.689745,4.23548,0.0,,0.0,,0.0,0.0,,999.0,/players/eric-orze/27626/stats/pitching,P,8,8.0,AL,Eric Orze,679358,27626,27626
STL,Cardinals,0,0,0,0,0,0,,0.0,2,0,0,0,0,0,0,,0,4.31424,1.39096,9.28539,4.45899,2.0824,1.12604,0.238185,0.11438,0.12380462884902954,,0.235197,0.290641,0.71551,4.23747,0.0,,0.0,,0.0,0.0,,745.9000244140625,/players/ryne-stanek/15947/stats/pitching,P,28,28.0,NL,Ryne Stanek,592773,15947,15947
NYM,Mets,0,0,0,0,0,0,,0.0,2,0,0,0,0,0,0,,0,4.13104,1.33284,8.70365,3.69958,2.35261,1.20266,0.226127,0.0961178,0.13000936061143875,,0.24056,0.288584,0.727833,4.24004,0.0,,0.0,,0.0,0.0,,999.0,/players/austin-warren/24937/stats/pitching,P,25,25.0,NL,Austin Warren,681810,24937,24937
NYY,Yankees,0,0,0,0,0,0,,0.0,2,0,0,0,0,0,0,,0,4.15504,1.30668,8.01577,3.4903,2.29659,1.14211,0.209414,0.0911847,0.11822882294654846,,0.239985,0.281707,0.712889,4.24319,0.0,,0.0,,0.0,0.0,,999.0,/players/john-schreiber/20020/stats/pitching,P,9,9.0,AL,John Schreiber,670167,20020,20020
KCR,Royals,0,0,0,0,0,0,,0.0,2,0,0,0,0,0,0,,0,4.64559,1.58716,7.76938,4.70724,1.65052,0.740226,0.188731,0.114347,0.07438468188047409,,0.267764,0.324202,0.697071,4.2447,0.0,,0.0,,0.0,0.0,,999.0,/players/nolan-hoffman/23381/stats/pitching,P,7,7.0,AL,Nolan Hoffman,676510,23381,23381
STL,Cardinals,0,0,0,0,0,0,,0.0,1,0,0,0,0,0,0,,0,4.23527,1.37963,7.20064,3.53923,2.03452,0.894351,0.182661,0.0897809,0.0928804948925972,,0.253154,0.295972,0.699813,4.24508,0.0,,0.0,,0.0,0.0,,999.0,/players/justin-bruihl/23779/stats/pitching,P,28,28.0,NL,Justin Bruihl,677865,23779,23779
KCR,Royals,0,0,0,0,0,0,,0.0,2,0,0,0,0,0,0,,0,4.29576,1.43895,9.11913,4.7568,1.91707,0.935504,0.228885,0.119393,0.10949185490608215,,0.238303,0.298336,0.711396,4.24639,0.0,,0.0,,0.0,0.0,,999.0,/players/alex-lange/19883/stats/pitching,P,7,7.0,AL,Alex Lange,656638,19883,19883
SDP,Padres,0,0,0,0,0,0,,0.0,2,0,0,0,0,0,0,,0,4.18529,1.33728,8.66069,3.5816,2.41811,1.24257,0.224674,0.0929131,0.13176097720861435,,0.243553,0.290691,0.727112,4.25151,0.0,,0.0,,0.0,0.0,,999.0,/players/griffin-canning/19867/stats/pitching,P,29,29.0,NL,Griffin Canning,656288,19867,19867
CIN,Reds,0,0,0,0,0,0,,0.0,2,0,0,0,0,0,0,,0,4.62446,1.31203,8.53926,3.40153,2.51042,1.16664,0.220746,0.0879322,0.1328142136335373,,0.242993,0.290875,0.666507,4.25211,0.0,,0.0,,0.0,0.0,,999.0,/players/tejay-antone/16233/stats/pitching,P,18,18.0,NL,Tejay Antone,622088,16233,16233
CHW,White Sox,0,0,0,0,0,0,,0.0,1,0,0,0,0,0,0,,0,4.21004,1.29621,8.63926,3.56102,2.42606,1.1899,0.22476,0.0926438,0.13211587071418762,,0.235711,0.281604,0.708974,4.25218,0.0,,0.0,,0.0,0.0,,245.5399932861328,/players/shane-smith/31687/stats/pitching,P,4,4.0,AL,Shane Smith,681343,31687,31687
TOR,Blue Jays,0,0,0,0,0,0,,0.0,1,0,0,0,0,0,0,,0,4.2472,1.44096,10.0593,5.17056,1.9455,0.967831,0.251685,0.129368,0.12231670320034027,,0.229435,0.297472,0.719162,4.25815,0.0,,0.0,,0.0,0.0,,999.0,/players/ricky-tiedemann/30165/stats/pitching,P,14,14.0,AL,Ricky Tiedemann,694357,30165,30165
DET,Tigers,0,0,0,0,0,0,,0.0,2,0,0,0,0,0,0,,0,4.44024,1.34819,8.07951,3.79735,2.12767,1.08739,0.208917,0.0981906,0.11072666943073273,,0.24145,0.285849,0.688636,4.25982,0.0,,0.0,,0.0,0.0,,999.0,/players/jacob-waguespack/18318/stats/pitching,P,6,6.0,AL,Jacob Waguespack,621097,18318,18318
PHI,Phillies,0,0,0,0,0,0,,0.0,1,0,0,0,0,0,0,,0,4.5,1.31579,7.10526,2.84211,2.5,1.18421,0.184049,0.0736196,0.11042945086956024,,0.253333,0.286957,0.674419,4.26019,0.0,,0.0,,0.0,0.0,,999.0,/players/max-lazar/23426/stats/pitching,P,26,26.0,NL,Max Lazar,676661,23426,23426
ARI,Diamondbacks,0,0,0,0,0,0,,0.0,1,0,0,0,0,0,0,,0,4.29057,1.28593,6.92588,2.5069,2.76273,1.22879,0.182052,0.0658957,0.1161561831831932,,0.257157,0.289193,0.701274,4.26713,0.0,,0.0,,0.0,0.0,,999.0,/players/taylor-clarke/17611/stats/pitching,P,15,15.0,NL,Taylor Clarke,664199,17611,17611
TEX,Rangers,0,0,0,0,0,0,,0.0,1,0,0,0,0,0,0,,0,4.27824,1.41404,8.18872,4.19475,1.95213,0.949115,0.206929,0.106001,0.10092733055353165,,0.245715,0.29638,0.708579,4.27054,0.0,,0.0,,0.0,0.0,,999.0,/players/adam-macko/25590/stats/pitching,P,13,13.0,AL,Adam Macko,671936,25590,25590
CHW,White Sox,0,0,0,0,0,0,,0.0,2,0,0,0,0,0,0,,0,4.26107,1.43308,8.7927,4.52154,1.94463,0.950837,0.220782,0.113535,0.1072477325797081,,0.242323,0.299135,0.714657,4.2748,0.0,,0.0,,0.0,0.0,,999.0,/players/jordan-hicks/19618/stats/pitching,P,4,4.0,AL,Jordan Hicks,663855,19618,19618
LAA,Angels,0,0,0,0,0,0,,0.0,2,0,0,0,0,0,0,,0,4.23731,1.38613,8.20282,3.95711,2.07293,1.0022,0.208366,0.100517,0.10784845799207687,,0.24542,0.294704,0.710741,4.28018,0.0,,0.0,,0.0,0.0,,999.0,/players/tayler-saucedo/17888/stats/pitching,P,1,1.0,AL,Tayler Saucedo,642048,17888,17888
TOR,Blue Jays,0,0,0,0,0,0,,0.0,2,0,0,0,0,0,0,,0,4.41576,1.37194,8.0528,3.49514,2.304,1.17004,0.207143,0.089906,0.11723741888999939,,0.252618,0.297538,0.704775,4.28056,0.0,,0.0,,0.0,0.0,,999.0,/players/chad-dallas/30158/stats/pitching,P,14,14.0,AL,Chad Dallas,689149,30158,30158
CIN,Reds,0,0,0,0,0,0,,0.0,1,0,0,0,0,0,0,,0,4.5,1.36842,8.76316,3.78947,2.3125,1.18421,0.224242,0.0969697,0.12727273255586624,,0.244898,0.295238,0.711111,4.28651,0.0,,0.0,,0.0,0.0,,999.0,/players/zach-mccambley/27666/stats/pitching,P,18,18.0,NL,Zach McCambley,685112,27666,27666
SDP,Padres,0,0,0,0,0,0,,0.0,1,0,0,0,0,0,0,,0,4.28571,1.28571,8.14286,3.0,2.71429,1.28571,0.211111,0.0777778,0.13333333283662796,,0.243902,0.283333,0.701754,4.29277,0.0,,0.0,,0.0,0.0,,999.0,/players/hunter-stratton/23455/stats/pitching,P,29,29.0,NL,Hunter Stratton,676702,23455,23455
CIN,Reds,0,0,0,0,0,0,,0.0,2,0,0,0,0,0,0,,0,4.40032,1.32361,9.26055,3.57042,2.59369,1.37237,0.241479,0.0931026,0.14837646484375,,0.241574,0.291629,0.713582,4.29912,0.0,,0.0,,0.0,0.0,,999.0,/players/pierce-johnson/13435/stats/pitching,P,18,18.0,NL,Pierce Johnson,572955,13435,13435
WSN,Nationals,0,0,0,0,0,0,,0.0,1,0,0,0,0,0,0,,0,4.23429,1.42953,8.98543,4.82934,1.86059,1.05356,0.22888,0.123015,0.10586559027433395,,0.234801,0.288697,0.725434,4.30461,0.0,,0.0,,0.0,0.0,,999.0,/players/luis-perales/28148/stats/pitching,P,24,24.0,NL,Luis Perales,691384,28148,28148
SFG,Giants,0,0,0,0,0,0,,0.0,1,0,0,0,0,0,0,,0,4.13473,1.37678,7.51656,3.72812,2.01618,1.0412,0.192919,0.0956855,0.09723368287086487,,0.248556,0.289852,0.722263,4.30567,0.0,,0.0,,0.0,0.0,,999.0,/players/carson-seymour/30084/stats/pitching,P,30,30.0,NL,Carson Seymour,693313,30084,30084
ATH,Athletics,0,0,0,0,0,0,,0.0,1,0,0,0,0,0,0,,0,4.125,1.29167,9.0,3.5625,2.52632,1.3125,0.237624,0.0940594,0.1435643658041954,,0.237569,0.285714,0.727969,4.31063,0.0,,0.0,,0.0,0.0,,999.0,/players/hunter-bigge/26259/stats/pitching,P,10,10.0,AL,Hunter Bigge,685801,26259,26259
PIT,Pirates,0,0,0,0,0,0,,1.0,3,1,0,0,0,1,0,,0,4.25946,1.32499,9.0258,3.76348,2.39826,1.28689,0.234834,0.0979186,0.1369156539440155,,0.237586,0.285977,0.720623,4.31652,6.800000000000001,6.800000000000001,7.0,7.0,0.0,0.0,,999.0,/players/lake-bachar/19222/stats/pitching,P,27,27.0,NL,Lake Bachar,669199,19222,19222
BOS,Red Sox,0,0,0,0,0,0,,0.0,1,0,0,0,0,0,0,,0,4.30435,1.34783,8.6087,3.91304,2.2,1.17391,0.22449,0.102041,0.12244899570941925,,0.241379,0.290323,0.746269,4.31969,0.0,,0.0,,0.0,0.0,,999.0,/players/angel-bastardo/sa3009716/stats/pitching,P,3,,AL,Angel Bastardo,682785,sa3009716,sa3009716
SDP,Padres,0,0,0,0,0,0,,0.0,2,0,0,0,0,0,0,,0,4.01785,1.39044,8.67836,4.06523,2.13477,1.07716,0.220186,0.103143,0.11704356968402863,,0.24391,0.296247,0.740213,4.32133,0.0,,0.0,,0.0,0.0,,999.0,/players/david-morgan/31616/stats/pitching,P,29,29.0,NL,David Morgan,688158,31616,31616
COL,Rockies,0,0,0,0,0,0,,0.0,2,0,0,0,0,0,0,,0,4.82617,1.36041,9.30628,3.67475,2.5325,1.33923,0.240305,0.0948887,0.14541669189929962,,0.247186,0.300981,0.674897,4.32229,0.0,,0.0,,0.0,0.0,,688.9600219726562,/players/jordan-romano/16122/stats/pitching,P,19,19.0,NL,Jordan Romano,605447,16122,16122
CHC,Cubs,0,0,0,0,0,0,,0.0,1,0,0,0,0,0,0,,0,4.32843,1.31546,8.53279,4.42619,1.9278,1.03503,0.221822,0.115065,0.10675709694623947,,0.220605,0.265359,0.686648,4.32243,0.0,,0.0,,0.0,0.0,,999.0,/players/tyler-ferguson/19481/stats/pitching,P,17,17.0,NL,Tyler Ferguson,621053,19481,19481
CHW,White Sox,0,0,0,0,0,0,,0.0,0,0,0,0,0,0,0,,0,5.0,1.44444,7.0,4.0,1.75,1.0,0.175,0.1,0.07499999552965164,,0.25,0.285714,0.689655,4.32452,0.0,,0.0,,0.0,0.0,,999.0,/players/jaden-woods/sa3023064/stats/pitching,P,4,,AL,Jaden Woods,692243,sa3023064,sa3023064
MIN,Twins,0,0,0,0,0,0,,0.0,1,0,0,0,0,0,0,,0,4.32689,1.32957,8.87859,4.0332,2.20137,1.21355,0.230895,0.104887,0.12600810080766678,,0.23248,0.279615,0.707399,4.32554,0.0,,0.0,,0.0,0.0,,999.0,/players/garrett-acton/27583/stats/pitching,P,8,8.0,AL,Garrett Acton,670183,27583,27583
BAL,Orioles,0,0,0,0,0,0,,0.0,2,0,0,0,0,0,0,,0,4.26799,1.32736,7.45357,3.04883,2.44473,1.23764,0.194274,0.0794666,0.11480783671140671,,0.253579,0.290186,0.715434,4.32656,0.0,,0.0,,0.0,0.0,,999.0,/players/albert-suarez/6175/stats/pitching,P,2,2.0,AL,Albert Suárez,544150,6175,6175
MIN,Twins,0,0,0,0,0,0,,0.0,1,0,0,0,0,0,0,,0,4.28631,1.32393,7.33627,2.62163,2.79836,1.31885,0.191379,0.0683896,0.12298941612243652,,0.261916,0.297253,0.720663,4.32702,0.0,,0.0,,0.0,0.0,,999.0,/players/jack-anderson/30086/stats/pitching,P,8,8.0,AL,Jack Anderson,681252,30086,30086
ATH,Athletics,0,0,0,0,0,0,,0.0,2,0,0,0,0,0,0,,0,4.39791,1.40784,9.42935,4.34646,2.16943,1.14981,0.238741,0.110048,0.12869348376989365,,0.24118,0.299742,0.713349,4.32836,0.0,,0.0,,0.0,0.0,,999.0,/players/luis-medina/21649/stats/pitching,P,10,10.0,AL,Luis Medina,665622,21649,21649
NYY,Yankees,0,0,0,0,0,0,,0.0,1,0,0,0,0,0,0,,0,4.07446,1.29179,8.98922,3.78403,2.37557,1.28887,0.235768,0.0992471,0.13652092963457108,,0.230432,0.275879,0.732801,4.33149,0.0,,0.0,,0.0,0.0,,999.0,/players/michael-fulmer/13218/stats/pitching,P,9,9.0,AL,Michael Fulmer,605242,13218,13218
STL,Cardinals,0,0,0,0,0,0,,0.0,1,0,0,0,0,0,0,,0,4.5373,1.39219,6.31169,2.98498,2.11449,1.07712,0.16193,0.0765814,0.08534888178110123,,0.267099,0.298724,0.689353,4.33658,0.0,,0.0,,0.0,0.0,,999.0,/players/peter-hansen/sa3020798/stats/pitching,P,28,,NL,Pete Hansen,677337,sa3020798,sa3020798
TEX,Rangers,0,0,0,0,0,0,,0.0,1,0,0,0,0,0,0,,0,4.42102,1.38931,7.78808,4.15283,1.87537,1.02735,0.199768,0.106522,0.09324601292610168,,0.241769,0.284682,0.695705,4.33709,0.0,,0.0,,0.0,0.0,,999.0,/players/robby-ahlstrom/30167/stats/pitching,P,13,13.0,AL,Robby Ahlstrom,695239,30167,30167
BOS,Red Sox,0,0,0,0,0,0,,0.0,1,0,0,0,0,0,0,,0,4.76471,1.35294,6.88235,3.17647,2.16667,1.05882,0.180556,0.0833333,0.0972222089767456,,0.261538,0.3,0.643564,4.33759,0.0,,0.0,,0.0,0.0,,999.0,/players/tanner-houck/19879/stats/pitching,P,3,3.0,AL,Tanner Houck,656557,19879,19879
ATH,Athletics,0,0,0,0,0,0,,0.0,2,0,0,0,0,0,0,,0,4.8394,1.44126,7.50983,3.59074,2.09145,1.15426,0.191173,0.0914072,0.09976597130298615,,0.263717,0.305737,0.679072,4.33814,0.0,,0.0,,0.0,0.0,,999.0,/players/geoff-hartlieb/19558/stats/pitching,P,10,10.0,AL,Geoff Hartlieb,664129,19558,19558
CHC,Cubs,0,0,0,0,0,0,,0.0,2,0,0,0,0,0,0,,0,4.36062,1.29613,7.40591,2.62256,2.82392,1.31498,0.193969,0.0686879,0.12528151273727417,,0.256654,0.291479,0.704929,4.3387,0.0,,0.0,,0.0,0.0,,748.260009765625,/players/colin-rea/12317/stats/pitching,P,17,17.0,NL,Colin Rea,607067,12317,12317
ARI,Diamondbacks,0,0,0,0,0,0,,1.0,3,1,0,0,0,1,0,,0,4.3761,1.26312,7.45644,2.37997,3.133,1.39736,0.197232,0.0629531,0.13427894562482834,,0.255503,0.288356,0.702467,4.33949,6.800000000000001,6.800000000000001,7.0,7.0,0.0,0.0,,251.42999267578125,/players/ryne-nelson/26253/stats/pitching,P,15,15.0,NL,Ryne Nelson,669194,26253,26253
ATH,Athletics,0,0,0,0,0,0,,0.0,2,0,0,0,0,0,0,,0,4.20824,1.35853,9.74412,4.5018,2.16449,1.2238,0.251216,0.116062,0.13515408337116241,,0.228036,0.283792,0.727886,4.34185,0.0,,0.0,,0.0,0.0,,748.52001953125,/players/elvis-alvarado/21662/stats/pitching,P,10,10.0,AL,Elvis Alvarado,665660,21662,21662
DET,Tigers,0,0,0,0,0,0,,0.0,2,0,0,0,0,0,0,,0,4.58763,1.31043,7.49195,2.87691,2.60416,1.27353,0.1956,0.0751107,0.12048981338739395,,0.253995,0.290168,0.679989,4.34207,0.0,,0.0,,0.0,0.0,,658.8499755859375,/players/justin-verlander/8700/stats/pitching,P,6,6.0,AL,Justin Verlander,434378,8700,8700
DET,Tigers,0,0,0,0,0,0,,1.0,2,1,0,0,0,0,0,,0,4.35545,1.36069,7.82095,3.47983,2.24751,1.11998,0.200252,0.0890994,0.11115261912345886,,0.250781,0.293918,0.70349,4.34844,4.800000000000001,4.800000000000001,5.0,5.0,0.0,0.0,,999.0,/players/andrew-sears/33664/stats/pitching,P,6,6.0,AL,Andrew Sears,808825,33664,33664
SDP,Padres,0,0,0,0,0,0,,0.0,2,0,0,0,0,0,0,,0,4.11413,1.34724,9.24341,4.45248,2.07601,1.21211,0.23989,0.115553,0.12433677911758423,,0.226583,0.276009,0.733902,4.35542,0.0,,0.0,,0.0,0.0,,999.0,/players/yuki-matsui/33826/stats/pitching,P,29,29.0,NL,Yuki Matsui,673513,33826,33826
KCR,Royals,0,0,0,0,0,0,,0.0,1,0,0,0,0,0,0,,0,4.7804,1.44228,6.24743,2.9763,2.09906,1.04363,0.157712,0.0751343,0.08257722109556198,,0.276404,0.310021,0.675765,4.36105,0.0,,0.0,,0.0,0.0,,999.0,/players/connor-thomas/25873/stats/pitching,P,7,7.0,AL,Connor Thomas,671162,25873,25873
SEA,Mariners,0,0,0,0,0,0,,0.0,2,0,0,0,0,0,0,,0,4.31932,1.27117,7.50966,2.61174,2.87534,1.29095,0.19655,0.0683571,0.12819302082061768,,0.252115,0.287503,0.700246,4.36106,0.0,,0.0,,0.0,0.0,,733.4199829101562,/players/emerson-hancock/27470/stats/pitching,P,11,11.0,AL,Emerson Hancock,676106,27470,27470
WSN,Nationals,0,0,0,0,0,0,,0.0,1,0,0,0,0,0,0,,0,4.33728,1.35683,7.70321,3.75766,2.05,1.01665,0.196661,0.0959323,0.10072895139455795,,0.24402,0.286883,0.694931,4.36768,0.0,,0.0,,0.0,0.0,,999.0,/players/richard-lovelady/19337/stats/pitching,P,24,24.0,NL,Richard Lovelady,663992,19337,19337
BAL,Orioles,0,0,0,0,0,0,,0.0,2,0,0,0,0,0,0,,0,4.25327,1.35684,8.72621,3.80291,2.29461,1.25211,0.224956,0.0980365,0.1269192397594452,,0.243035,0.290677,0.72557,4.36912,0.0,,0.0,,0.0,0.0,,999.0,/players/josh-walker/23617/stats/pitching,P,2,2.0,AL,Josh Walker,677020,23617,23617
NYY,Yankees,0,0,0,0,0,0,,0.0,0,0,0,0,0,0,0,,0,4.51072,1.34789,8.71041,3.96804,2.19514,1.2072,0.224886,0.102447,0.12243885546922684,,0.237621,0.284661,0.692282,4.37024,0.0,,0.0,,0.0,0.0,,999.0,/players/bradley-hanner/26097/stats/pitching,P,9,9.0,AL,Bradley Hanner,690440,26097,26097
SEA,Mariners,0,0,0,0,0,0,,0.0,0,0,0,0,0,0,0,,0,4.47226,1.30864,8.81957,3.64542,2.41935,1.30089,0.22703,0.0938392,0.13319110870361328,,0.233703,0.276832,0.705691,4.37134,0.0,,0.0,,0.0,0.0,,999.0,/players/ryan-sloan/sa3067131/stats/pitching,P,11,,AL,Ryan Sloan,815549,sa3067131,sa3067131
STL,Cardinals,0,0,0,0,0,0,,0.0,0,0,0,0,0,0,0,,0,4.47226,1.30864,8.81957,3.64542,2.41935,1.30089,0.22703,0.0938392,0.13319110870361328,,0.233703,0.276832,0.705691,4.37134,0.0,,0.0,,0.0,0.0,,999.0,/players/mason-molina/sa3025586/stats/pitching,P,28,,NL,Mason Molina,695766,sa3025586,sa3025586
WSN,Nationals,0,0,0,0,0,0,,0.0,1,0,0,0,0,0,0,,0,4.47226,1.30864,8.81957,3.64542,2.41935,1.30089,0.22703,0.0938392,0.13319110870361328,,0.233703,0.276831,0.705691,4.37134,0.0,,0.0,,0.0,0.0,,999.0,/players/jackson-kent/35462/stats/pitching,P,24,24.0,NL,Jackson Kent,800600,35462,35462
BAL,Orioles,0,0,0,0,0,0,,0.0,0,0,0,0,0,0,0,,0,4.47226,1.30864,8.81957,3.64542,2.41935,1.30089,0.22703,0.0938392,0.13319110870361328,,0.233703,0.276832,0.705691,4.37134,0.0,,0.0,,0.0,0.0,,999.0,/players/nestor-german/sa3023517/stats/pitching,P,2,,AL,Nestor German,815148,sa3023517,sa3023517
SFG,Giants,0,0,0,0,0,0,,0.0,1,0,0,0,0,0,0,,0,4.47226,1.30864,8.81957,3.64542,2.41935,1.30089,0.22703,0.0938392,0.13319110870361328,,0.233703,0.276831,0.705691,4.37134,0.0,,0.0,,0.0,0.0,,999.0,/players/yunior-marte/31097/stats/pitching,P,30,30.0,NL,Yunior Marte,805074,31097,31097
NYM,Mets,0,0,0,0,0,0,,0.0,0,0,0,0,0,0,0,,0,4.47226,1.30864,8.81957,3.64542,2.41935,1.30089,0.22703,0.0938392,0.13319110870361328,,0.233703,0.276832,0.705691,4.37134,0.0,,0.0,,0.0,0.0,,999.0,/players/jonathan-santucci/sa3041559/stats/pitching,P,25,,NL,Jonathan Santucci,695558,sa3041559,sa3041559
KCR,Royals,0,0,0,0,0,0,,0.0,0,0,0,0,0,0,0,,0,4.47226,1.30864,8.81957,3.64542,2.41935,1.30089,0.22703,0.0938392,0.13319110870361328,,0.233703,0.276832,0.705691,4.37134,0.0,,0.0,,0.0,0.0,,999.0,/players/henry-williams/sa3020901/stats/pitching,P,7,,AL,Henry Williams,689275,sa3020901,sa3020901
KCR,Royals,0,0,0,0,0,0,,0.0,0,0,0,0,0,0,0,,0,4.47226,1.30864,8.81957,3.64542,2.41935,1.30089,0.22703,0.0938392,0.13319110870361328,,0.233703,0.276832,0.705691,4.37134,0.0,,0.0,,0.0,0.0,,999.0,/players/lucas-braun/sa3022996/stats/pitching,P,7,,AL,Lucas Braun,814351,sa3022996,sa3022996
SDP,Padres,0,0,0,0,0,0,,0.0,1,0,0,0,0,0,0,,0,4.09091,1.36364,9.0,4.09091,2.2,1.22727,0.231579,0.105263,0.12631577998399734,,0.238095,0.288136,0.736434,4.37503,0.0,,0.0,,0.0,0.0,,999.0,/players/garrett-hawkins/sa3017383/stats/pitching,P,29,,NL,Garrett Hawkins,678184,sa3017383,sa3017383
WSN,Nationals,0,0,0,0,0,0,,0.0,1,0,0,0,0,0,0,,0,4.39948,1.49048,6.95209,4.38467,1.58554,0.858474,0.174001,0.109742,0.06425883620977402,,0.256381,0.298119,0.706842,4.37561,0.0,,0.0,,0.0,0.0,,999.0,/players/eddy-yean/24248/stats/pitching,P,24,24.0,NL,Eddy Yean,678868,24248,24248
LAA,Angels,0,0,0,0,0,0,,0.0,2,0,0,0,0,0,0,,0,4.54465,1.38562,8.6186,4.07636,2.11429,1.19562,0.22113,0.104588,0.1165415570139885,,0.242717,0.290616,0.697503,4.37777,0.0,,0.0,,0.0,0.0,,999.0,/players/mitch-farris/33628/stats/pitching,P,1,1.0,AL,Mitch Farris,815083,33628,33628
STL,Cardinals,0,0,0,0,0,0,,0.0,1,0,0,0,0,0,0,,0,4.5,1.44444,7.5,4.0,1.875,1.0,0.189873,0.101266,0.08860758692026138,,0.257143,0.301887,0.689655,4.38008,0.0,,0.0,,0.0,0.0,,999.0,/players/austin-love/sa3017609/stats/pitching,P,28,,NL,Austin Love,676153,sa3017609,sa3017609
TOR,Blue Jays,0,0,0,0,0,0,,0.0,1,0,0,0,0,0,0,,0,4.43547,1.27301,7.81619,2.98399,2.61937,1.31482,0.205629,0.078503,0.12712562084197998,,0.24444,0.280363,0.690067,4.3806,0.0,,0.0,,0.0,0.0,,999.0,/players/chase-lee/29574/stats/pitching,P,14,14.0,AL,Chase Lee,695445,29574,29574
NYM,Mets,0,0,0,0,0,0,,0.0,1,0,0,0,0,0,0,,0,4.16613,1.47425,10.6132,5.84624,1.81539,0.961706,0.262992,0.144868,0.1181241124868393,,0.220814,0.293156,0.733094,4.38085,0.0,,0.0,,0.0,0.0,,999.0,/players/jefry-yan/27902/stats/pitching,P,25,25.0,NL,Jefry Yan,642376,27902,27902
LAA,Angels,0,0,0,0,0,0,,0.0,2,0,0,0,0,0,0,,0,4.29849,1.42249,8.15293,4.50503,1.80974,1.00224,0.206802,0.114272,0.09253024309873581,,0.240592,0.287979,0.713216,4.38371,0.0,,0.0,,0.0,0.0,,999.0,/players/sam-bachman/29754/stats/pitching,P,1,1.0,AL,Sam Bachman,696147,29754,29754
STL,Cardinals,0,0,0,0,0,0,,0.0,1,0,0,0,0,0,0,,0,4.57371,1.43112,7.69472,4.00866,1.91952,1.01086,0.19403,0.101083,0.09294760972261429,,0.253025,0.298248,0.689817,4.38446,0.0,,0.0,,0.0,0.0,,999.0,/players/brycen-mautz/31910/stats/pitching,P,28,28.0,NL,Brycen Mautz,802408,31910,31910
NYM,Mets,0,0,0,0,0,0,,0.0,0,0,0,0,0,0,0,,0,4.28571,1.38095,10.2857,4.71429,2.18182,1.28571,0.26087,0.119565,0.1413043513894081,,0.225,0.283019,0.725806,4.38801,0.0,,0.0,,0.0,0.0,,999.0,/players/ryan-lambert/sa3025613/stats/pitching,P,25,,NL,Ryan Lambert,822038,sa3025613,sa3025613
ATL,Braves,0,0,0,0,0,0,,0.0,1,0,0,0,0,0,0,,0,4.28571,1.38095,10.2857,4.71429,2.18182,1.28571,0.266667,0.122222,0.14444445818662643,,0.230769,0.294118,0.725806,4.38801,0.0,,0.0,,0.0,0.0,,999.0,/players/james-karinchak/20151/stats/pitching,P,16,16.0,NL,James Karinchak,675916,20151,20151
HOU,Astros,0,0,0,0,0,0,,0.0,2,0,0,0,0,0,0,,0,4.34662,1.35158,8.59129,3.86145,2.22488,1.26585,0.222556,0.10003,0.12252567708492279,,0.240711,0.28564,0.715898,4.39159,0.0,,0.0,,0.0,0.0,,748.5399780273438,/players/aj-blubaugh/31764/stats/pitching,P,21,21.0,AL,AJ Blubaugh,805123,31764,31764
LAA,Angels,0,0,0,0,0,0,,0.0,1,0,0,0,0,0,0,,0,4.42592,1.37633,7.41197,3.02384,2.45118,1.27619,0.190816,0.0778464,0.11296923458576202,,0.263355,0.301021,0.714713,4.39542,0.0,,0.0,,0.0,0.0,,999.0,/players/blake-weiman/20257/stats/pitching,P,1,1.0,AL,Blake Weiman,676620,20257,20257
WSN,Nationals,0,0,0,0,0,0,,0.0,0,0,0,0,0,0,0,,0,4.56848,1.43256,8.15805,4.27586,1.90793,1.02508,0.20555,0.107734,0.09781558066606522,,0.247568,0.296287,0.691861,4.39732,0.0,,0.0,,0.0,0.0,,999.0,/players/tom-cosgrove/23443/stats/pitching,P,24,24.0,NL,Tom Cosgrove,676680,23443,23443
TOR,Blue Jays,0,0,0,0,0,0,,0.0,1,0,0,0,0,0,0,,0,4.5,1.36667,7.8,3.3,2.36364,1.2,0.198473,0.0839695,0.11450380831956863,,0.254237,0.295455,0.677966,4.4023,0.0,,0.0,,0.0,0.0,,999.0,/players/john-klein/32155/stats/pitching,P,14,14.0,AL,John Klein,804619,32155,32155
CHC,Cubs,0,0,0,0,0,0,,0.0,0,0,0,0,0,0,0,,0,4.50633,1.31363,7.34334,3.0184,2.43286,1.24887,0.191288,0.0786269,0.11266107857227325,,0.251592,0.286167,0.687345,4.40592,0.0,,0.0,,0.0,0.0,,999.0,/players/trent-thornton/17948/stats/pitching,P,17,17.0,NL,Trent Thornton,663423,17948,17948
NYY,Yankees,0,0,0,0,0,0,,0.0,2,0,0,0,0,0,0,,0,4.21022,1.34322,4.98809,2.54508,1.95989,0.961802,0.12844,0.0655343,0.0629059448838234,,0.267083,0.288145,0.699343,4.41708,0.0,,0.0,,0.0,0.0,,999.0,/players/tim-hill/16814/stats/pitching,P,9,9.0,AL,Tim Hill,657612,16814,16814
STL,Cardinals,0,0,0,0,0,0,,0.0,2,0,0,0,0,0,0,,0,4.56746,1.3752,8.39351,3.81134,2.20225,1.16896,0.213907,0.097131,0.11677547544240952,,0.246449,0.293593,0.690129,4.42013,0.0,,0.0,,0.0,0.0,,999.0,/players/george-soriano/21863/stats/pitching,P,28,28.0,NL,George Soriano,666277,21863,21863
COL,Rockies,0,0,0,0,0,0,,0.0,2,0,0,0,0,0,0,,0,4.45035,1.39459,7.76162,3.62943,2.13852,1.10504,0.196736,0.0919963,0.10473974794149399,,0.254099,0.297839,0.701,4.42035,0.0,,0.0,,0.0,0.0,,999.0,/players/brennan-bernardino/16835/stats/pitching,P,19,19.0,NL,Brennan Bernardino,657514,16835,16835
MIL,Brewers,0,0,0,0,0,0,,0.0,1,0,0,0,0,0,0,,0,4.45634,1.31707,8.57709,3.55499,2.41269,1.33811,0.223562,0.0926607,0.13090099394321442,,0.240619,0.283253,0.702363,4.42144,0.0,,0.0,,0.0,0.0,,999.0,/players/grant-anderson/20546/stats/pitching,P,23,23.0,NL,Grant Anderson,681982,20546,20546
TBR,Rays,0,0,0,0,0,0,,0.0,2,0,0,0,0,0,0,,0,4.40187,1.30754,7.82578,3.15213,2.4827,1.23923,0.202557,0.0815876,0.12096970528364182,,0.247538,0.286569,0.696028,4.42962,0.0,,0.0,,0.0,0.0,,999.0,/players/casey-legumina/25921/stats/pitching,P,12,12.0,AL,Casey Legumina,668984,25921,25921
NYM,Mets,0,0,0,0,0,0,,1.0,3,1,0,0,0,1,0,,0,4.3319,1.31063,7.17951,2.7919,2.57155,1.32051,0.18764,0.0729675,0.11467202007770538,,0.255835,0.287831,0.712488,4.43706,6.800000000000001,6.800000000000001,7.0,7.0,0.0,0.0,,999.0,/players/tobias-myers/22191/stats/pitching,P,25,25.0,NL,Tobias Myers,668964,22191,22191
MIN,Twins,0,0,0,0,0,0,,0.0,2,0,0,0,0,0,0,,0,4.46371,1.37544,8.73698,4.23112,2.06494,1.13769,0.222672,0.107835,0.11483694612979889,,0.237284,0.286559,0.697846,4.43717,0.0,,0.0,,0.0,0.0,,999.0,/players/yoendrys-gomez/22872/stats/pitching,P,8,8.0,AL,Yoendrys Gómez,672782,22872,22872
DET,Tigers,0,0,0,0,0,0,,0.0,1,0,0,0,0,0,0,,0,4.33298,1.40895,7.59033,3.90206,1.94521,1.09334,0.193129,0.0992841,0.09384449571371078,,0.25104,0.292379,0.714876,4.43932,0.0,,0.0,,0.0,0.0,,999.0,/players/enmanuel-de-jesus/18554/stats/pitching,P,6,6.0,AL,Enmanuel De Jesus,646241,18554,18554
ATH,Athletics,0,0,0,0,0,0,,1.0,2,0,0,0,0,1,0,,0,4.57927,1.33714,8.74797,3.74523,2.33576,1.30917,0.222183,0.0951221,0.12706046551465988,,0.23549,0.277618,0.700905,4.44061,9.4,9.4,7.0,7.0,0.0,0.0,,999.0,/players/kade-morris/33787/stats/pitching,P,10,10.0,AL,Kade Morris,695034,33787,33787
CHW,White Sox,0,0,0,0,0,0,,0.0,2,0,0,0,0,0,0,,0,4.35642,1.50222,10.1333,6.46025,1.56855,0.822098,0.250423,0.159652,0.09077100455760956,,0.212324,0.279785,0.71022,4.44285,0.0,,0.0,,0.0,0.0,,999.0,/players/hagen-smith/35205/stats/pitching,P,4,4.0,AL,Hagen Smith,696146,35205,35205
CIN,Reds,0,0,0,0,0,0,,0.0,2,0,0,0,0,0,0,,0,4.31854,1.4707,9.40548,5.43297,1.73119,0.969838,0.234451,0.135428,0.09902316331863403,,0.229555,0.289334,0.719132,4.45431,0.0,,0.0,,0.0,0.0,,999.0,/players/luis-mey/25620/stats/pitching,P,18,18.0,NL,Luis Mey,682825,25620,25620
CHC,Cubs,0,0,0,0,0,0,,1.0,3,1,0,0,0,0,0,,0,4.41004,1.35731,6.99449,3.16686,2.20865,1.20453,0.180507,0.0817273,0.0987800881266594,,0.256788,0.290105,0.704906,4.45787,4.800000000000001,4.800000000000001,5.0,5.0,0.0,0.0,,999.0,/players/javier-assad/21741/stats/pitching,P,17,17.0,NL,Javier Assad,665871,21741,21741
KCR,Royals,0,0,0,0,0,0,,0.0,2,0,0,0,0,0,0,,0,4.30331,1.42209,9.23499,4.56615,2.02249,1.23559,0.234976,0.116181,0.11879415810108185,,0.239165,0.292129,0.7337,4.46122,0.0,,0.0,,0.0,0.0,,999.0,/players/anthony-gose/5097/stats/batting,OF,7,7.0,AL,Anthony Gose,543238,5097,5097
COL,Rockies,0,0,0,0,0,0,,0.0,2,0,0,0,0,0,0,,0,4.68715,1.41413,8.70204,4.0342,2.15707,1.17619,0.219267,0.101651,0.11761636286973953,,0.249204,0.300615,0.688818,4.46878,0.0,,0.0,,0.0,0.0,,999.0,/players/jaden-hill/30250/stats/pitching,P,19,19.0,NL,Jaden Hill,677955,30250,30250
MIA,Marlins,0,0,0,0,0,0,,0.0,1,0,0,0,0,0,0,,0,4.45891,1.50897,8.88202,5.75551,1.54322,0.88597,0.220944,0.14317,0.07777322828769684,,0.230051,0.286188,0.707766,4.46996,0.0,,0.0,,0.0,0.0,,999.0,/players/wikelman-gonzalez/26641/stats/pitching,P,20,20.0,NL,Wikelman González,682790,26641,26641
HOU,Astros,0,0,0,0,0,0,,0.0,0,0,0,0,0,0,0,,0,4.64511,1.40139,6.85028,3.3046,2.07295,1.16368,0.175035,0.0844376,0.09059731662273407,,0.262209,0.296326,0.688629,4.4738,0.0,,0.0,,0.0,0.0,,999.0,/players/jason-alexander/19666/stats/pitching,P,21,21.0,AL,Jason Alexander,669920,19666,19666
TOR,Blue Jays,0,0,0,0,0,0,,0.0,1,0,0,0,0,0,0,,0,4.48879,1.20458,9.34048,2.79845,3.33773,1.66692,0.250062,0.0749199,0.17514246702194214,,0.234943,0.274521,0.700802,4.47436,0.0,,0.0,,0.0,0.0,,389.9100036621094,/players/paul-sewald/13892/stats/pitching,P,14,14.0,AL,Paul Sewald,623149,13892,13892
CIN,Reds,0,0,0,0,0,0,,0.0,1,0,0,0,0,0,0,,0,4.50996,1.38888,9.63235,5.02719,1.91605,1.13726,0.24526,0.128003,0.11725734174251556,,0.221988,0.276741,0.696549,4.47489,0.0,,0.0,,0.0,0.0,,999.0,/players/connor-phillips/27649/stats/pitching,P,18,18.0,NL,Connor Phillips,683175,27649,27649
TBR,Rays,0,0,0,0,0,0,,0.0,1,0,0,0,0,0,0,,0,4.5893,1.30894,7.69144,2.77787,2.76883,1.43105,0.201151,0.0726482,0.12850254774093628,,0.255809,0.29043,0.694701,4.47503,0.0,,0.0,,0.0,0.0,,999.0,/players/jesse-scholtens/19205/stats/pitching,P,12,12.0,AL,Jesse Scholtens,669947,19205,19205
MIA,Marlins,0,0,0,0,0,0,,0.0,1,0,0,0,0,0,0,,0,4.5,1.5,7.875,4.5,1.75,1.125,0.194444,0.111111,0.0833333358168602,,0.25,0.291667,0.660377,4.4773,0.0,,0.0,,0.0,0.0,,999.0,/players/zach-brzykcy/27783/stats/pitching,P,20,20.0,NL,Zach Brzykcy,694350,27783,27783
NYY,Yankees,0,0,0,0,0,0,,0.0,1,0,0,0,0,0,0,,0,4.25907,1.36362,8.86703,4.4756,1.9812,1.20239,0.228445,0.115306,0.11313814669847488,,0.229412,0.275723,0.721787,4.4779,0.0,,0.0,,0.0,0.0,,376.5,/players/luis-gil/21052/stats/pitching,P,9,9.0,AL,Luis Gil,661563,21052,21052
BAL,Orioles,0,0,0,0,0,0,,0.0,2,0,0,0,0,0,0,,0,4.21657,1.30495,9.1469,3.98072,2.2978,1.38391,0.239559,0.104256,0.1353033185005188,,0.228658,0.272378,0.73022,4.47811,0.0,,0.0,,0.0,0.0,,999.0,/players/rico-garcia/20023/stats/pitching,P,2,2.0,AL,Rico Garcia,670329,20023,20023
PIT,Pirates,0,0,0,0,0,0,,0.0,1,0,0,0,0,0,0,,0,4.59106,1.41591,7.59204,3.75678,2.02089,1.16918,0.193166,0.0955847,0.09758125990629196,,0.255466,0.295936,0.69806,4.4796,0.0,,0.0,,0.0,0.0,,999.0,/players/wilber-dotel/28901/stats/pitching,P,27,27.0,NL,Wilber Dotel,696062,28901,28901
COL,Rockies,0,0,0,0,0,0,,0.0,1,0,0,0,0,0,0,,0,5.12737,1.54552,8.14181,4.25956,1.91142,1.13748,0.201173,0.105248,0.09592511504888535,,0.269255,0.320497,0.676815,4.47988,0.0,,0.0,,0.0,0.0,,999.0,/players/nick-frasso/27861/stats/pitching,P,19,19.0,NL,Nick Frasso,693308,27861,27861
WSN,Nationals,0,0,0,0,0,0,,0.0,0,0,0,0,0,0,0,,0,4.26236,1.30632,7.92338,3.0235,2.6206,1.40175,0.20698,0.0789821,0.1279982328414917,,0.250073,0.286412,0.727341,4.48543,0.0,,0.0,,0.0,0.0,,999.0,/players/paxton-schultz/25501/stats/pitching,P,24,24.0,NL,Paxton Schultz,687606,25501,25501
BOS,Red Sox,0,0,0,0,0,0,,0.0,1,0,0,0,0,0,0,,0,4.40624,1.35869,6.85958,2.94573,2.32865,1.24566,0.176797,0.0759226,0.10087477415800095,,0.26168,0.293665,0.70952,4.48613,0.0,,0.0,,0.0,0.0,,999.0,/players/jedixson-paez/29114/stats/pitching,P,3,3.0,AL,Jedixson Paez,699151,29114,29114
SDP,Padres,0,0,0,0,0,0,,0.0,1,0,0,0,0,0,0,,0,4.42211,1.26144,7.83627,2.58344,3.03327,1.46273,0.206059,0.0679329,0.13812579959630966,,0.250847,0.284747,0.703516,4.49701,0.0,,0.0,,0.0,0.0,,999.0,/players/jp-sears/23429/stats/pitching,P,29,29.0,NL,JP Sears,676664,23429,23429
CHC,Cubs,0,0,0,0,0,0,,0.0,2,0,0,0,0,0,0,,0,4.53281,1.42379,7.59948,3.78686,2.0068,1.21331,0.193814,0.0965785,0.09723513573408127,,0.256331,0.295933,0.709565,4.49708,0.0,,0.0,,0.0,0.0,,999.0,/players/ryan-rolison/22200/stats/pitching,P,17,17.0,NL,Ryan Rolison,669020,22200,22200
DET,Tigers,0,0,0,0,0,0,,0.0,0,0,0,0,0,0,0,,0,4.48286,1.38759,9.20295,4.9995,1.84077,1.10673,0.234587,0.127439,0.10714742541313171,,0.222361,0.2731,0.696199,4.50635,0.0,,0.0,,0.0,0.0,,999.0,/players/tanner-rainey/17610/stats/pitching,P,6,6.0,AL,Tanner Rainey,663432,17610,17610
MIL,Brewers,0,0,0,0,0,0,,0.0,1,0,0,0,0,0,0,,0,4.54715,1.33909,7.63174,2.87728,2.65241,1.41887,0.198119,0.0746938,0.12342506647109985,,0.259427,0.294736,0.706307,4.508,0.0,,0.0,,0.0,0.0,,999.0,/players/colton-gordon/31312/stats/pitching,P,23,23.0,NL,Colton Gordon,676467,31312,31312
CHW,White Sox,0,0,0,0,0,0,,0.0,1,0,0,0,0,0,0,,0,4.70086,1.32359,8.59878,3.47522,2.47431,1.44103,0.224268,0.0906385,0.13362903892993927,,0.243655,0.284539,0.687495,4.51113,0.0,,0.0,,0.0,0.0,,999.0,/players/trevor-richards/19309/stats/pitching,P,4,4.0,AL,Trevor Richards,670950,19309,19309
LAD,Dodgers,0,0,0,0,0,0,,0.0,1,0,0,0,0,0,0,,0,4.5,1.36364,9.0,4.5,2.0,1.22727,0.231579,0.115789,0.11578947305679321,,0.228916,0.275862,0.697674,4.51139,0.0,,0.0,,0.0,0.0,,999.0,/players/paul-gervase/31571/stats/pitching,P,22,22.0,NL,Paul Gervase,801434,31571,31571
BAL,Orioles,0,0,0,0,0,0,,0.0,1,0,0,0,0,0,0,,0,4.5,1.40909,7.77273,3.68182,2.11111,1.22727,0.197917,0.09375,0.1041666716337204,,0.255814,0.296875,0.708955,4.51139,0.0,,0.0,,0.0,0.0,,999.0,/players/cameron-foster/31942/stats/pitching,P,2,2.0,AL,Cameron Foster,671382,31942,31942
PHI,Phillies,0,0,0,0,0,0,,0.0,2,0,0,0,0,0,0,,0,4.5624,1.342,7.06051,2.8259,2.4985,1.34847,0.183222,0.0733327,0.10988931357860565,,0.261048,0.292368,0.698603,4.51214,0.0,,0.0,,0.0,0.0,,999.0,/players/jose-urquidy/18413/stats/pitching,P,26,26.0,NL,José Urquidy,664353,18413,18413
HOU,Astros,0,0,0,0,0,0,,0.0,0,0,0,0,0,0,0,,0,4.41175,1.3189,8.31393,3.233,2.57158,1.44633,0.216813,0.0843114,0.1325020119547844,,0.248,0.286864,0.718593,4.51687,0.0,,0.0,,0.0,0.0,,237.9499969482422,/players/mike-burrows/24728/stats/pitching,P,21,21.0,AL,Mike Burrows,681347,24728,24728
ATL,Braves,0,0,0,0,0,0,,0.0,2,0,0,0,0,0,0,,0,4.64179,1.33181,8.26068,3.12871,2.64029,1.49226,0.215502,0.0816207,0.13388122618198395,,0.252731,0.291182,0.701302,4.51698,0.0,,0.0,,0.0,0.0,,999.0,/players/elieser-hernandez/16933/stats/pitching,P,16,16.0,NL,Elieser Hernández,622694,16933,16933
SEA,Mariners,0,0,0,0,0,0,,0.0,1,0,0,0,0,0,0,,0,4.125,1.375,8.25,4.5,1.83333,1.125,0.211538,0.115385,0.0961538553237915,,0.230769,0.272727,0.729167,4.51896,0.0,,0.0,,0.0,0.0,,999.0,/players/robinson-ortiz/sa3004006/stats/pitching,P,11,,AL,Robinson Ortiz,673662,sa3004006,sa3004006
TBR,Rays,0,0,0,0,0,0,,0.0,1,0,0,0,0,0,0,,0,3.75,1.16667,9.0,3.0,3.0,1.5,0.24,0.08,0.1600000038743019,,0.222222,0.258065,0.714286,4.51896,0.0,,0.0,,0.0,0.0,,999.0,/players/ty-johnson/33862/stats/pitching,P,12,12.0,AL,Ty Johnson,694494,33862,33862
TOR,Blue Jays,0,0,0,0,0,0,,1.0,2,0,0,0,0,1,0,,0,4.70212,1.36985,8.66579,3.85982,2.24513,1.31867,0.216775,0.0965533,0.120221346616745,,0.237491,0.278486,0.695687,4.52014,9.4,9.4,7.0,7.0,0.0,0.0,,999.0,/players/cj-van-eyk/27568/stats/pitching,P,14,14.0,AL,CJ Van Eyk,669310,27568,27568
PIT,Pirates,0,0,0,0,0,0,,1.0,2,1,0,0,0,1,0,,0,4.71029,1.37203,8.66032,3.86744,2.23929,1.31931,0.216421,0.096647,0.1197737455368042,,0.237622,0.278543,0.695349,4.52543,6.800000000000001,6.800000000000001,7.0,7.0,0.0,0.0,,999.0,/players/khristian-curtis/33865/stats/pitching,P,27,27.0,NL,Khristian Curtis,694753,33865,33865
MIL,Brewers,0,0,0,0,0,0,,0.0,2,0,0,0,0,0,0,,0,4.66524,1.40131,6.66893,3.0182,2.20957,1.24283,0.170474,0.0771527,0.09332181513309479,,0.268101,0.299613,0.693618,4.52758,0.0,,0.0,,0.0,0.0,,999.0,/players/antonio-senzatela/15488/stats/pitching,P,23,23.0,NL,Antonio Senzatela,622608,15488,15488
NYY,Yankees,0,0,0,0,0,0,,0.0,1,0,0,0,0,0,0,,0,4.71429,1.38095,7.71429,3.42857,2.25,1.28571,0.197802,0.0879121,0.10989009588956833,,0.256098,0.295082,0.685484,4.53087,0.0,,0.0,,0.0,0.0,,999.0,/players/angel-chivilli/26790/stats/pitching,P,9,9.0,AL,Angel Chivilli,683409,26790,26790
ARI,Diamondbacks,0,0,0,0,0,0,,0.0,0,0,0,0,0,0,0,,0,4.62869,1.31528,7.15215,2.70883,2.64031,1.39349,0.186473,0.0706254,0.11584758758544922,,0.258466,0.288918,0.688439,4.53781,0.0,,0.0,,0.0,0.0,,999.0,/players/mitch-bratt/30003/stats/pitching,P,15,15.0,NL,Mitch Bratt,683352,30003,30003
MIA,Marlins,0,0,0,0,0,0,,0.0,1,0,0,0,0,0,0,,0,4.67778,1.41548,6.66886,3.40642,1.95773,1.16206,0.169943,0.086806,0.08313706517219543,,0.262729,0.295062,0.688848,4.53845,0.0,,0.0,,0.0,0.0,,999.0,/players/patrick-monteverde/29564/stats/pitching,P,20,20.0,NL,Patrick Monteverde,687287,29564,29564
KCR,Royals,0,0,0,0,0,0,,0.0,1,0,0,0,0,0,0,,0,4.56279,1.40495,9.3992,4.70621,1.99719,1.20275,0.237989,0.119162,0.11882728338241577,,0.232603,0.2863,0.701142,4.53952,0.0,,0.0,,0.0,0.0,,999.0,/players/craig-kimbrel/6655/stats/pitching,P,7,7.0,AL,Craig Kimbrel,518886,6655,6655
MIA,Marlins,0,0,0,0,0,0,,0.0,1,0,0,0,0,0,0,,0,4.73371,1.37826,8.64465,3.88929,2.22268,1.32112,0.21541,0.0969144,0.11849569529294968,,0.237998,0.278704,0.694389,4.54059,0.0,,0.0,,0.0,0.0,,999.0,/players/jace-beck/sa3011811/stats/pitching,P,20,,NL,Jace Beck,689476,sa3011811,sa3011811
NYY,Yankees,0,0,0,0,0,0,,0.0,1,0,0,0,0,0,0,,0,4.26217,1.26428,7.16388,2.8864,2.48194,1.26498,0.187035,0.0753583,0.11167669296264648,,0.244855,0.275285,0.702127,4.54428,0.0,,0.0,,0.0,0.0,,999.0,/players/ryan-yarbrough/16502/stats/pitching,P,9,9.0,AL,Ryan Yarbrough,642232,16502,16502
ARI,Diamondbacks,0,0,0,0,0,0,,0.0,1,0,0,0,0,0,0,,0,5.0,1.66667,9.0,5.0,1.8,1.0,0.209302,0.116279,0.09302325546741486,,0.27027,0.333333,0.661765,4.54674,0.0,,0.0,,0.0,0.0,,999.0,/players/blake-walston/26270/stats/pitching,P,15,15.0,NL,Blake Walston,686796,26270,26270
MIA,Marlins,0,0,0,0,0,0,,0.0,2,0,0,0,0,0,0,,0,4.40822,1.42951,8.38073,4.44068,1.88726,1.07278,0.210053,0.1113,0.09875254333019257,,0.24339,0.2922,0.710513,4.55058,0.0,,0.0,,0.0,0.0,,999.0,/players/josh-ekness/33785/stats/pitching,P,20,20.0,NL,Josh Ekness,694795,33785,33785
LAD,Dodgers,0,0,0,0,0,0,,0.0,1,0,0,0,0,0,0,,0,4.37298,1.39387,8.26184,4.23307,1.95174,1.22697,0.211573,0.108402,0.10317041724920273,,0.240909,0.283245,0.71964,4.55458,0.0,,0.0,,0.0,0.0,,712.510009765625,/players/seth-halvorsen/33294/stats/pitching,P,22,22.0,NL,Seth Halvorsen,678020,33294,33294
CHC,Cubs,0,0,0,0,0,0,,0.0,1,0,0,0,0,0,0,,0,4.36364,1.30303,8.45455,3.54545,2.38462,1.36364,0.219858,0.0921986,0.12765957415103912,,0.238095,0.277778,0.722222,4.55684,0.0,,0.0,,0.0,0.0,,999.0,/players/ethan-roberts/24930/stats/pitching,P,17,17.0,NL,Ethan Roberts,681799,24930,24930
KCR,Royals,0,0,0,0,0,0,,0.0,2,0,0,0,0,0,0,,0,4.82099,1.34756,7.97723,3.4083,2.34053,1.36458,0.206224,0.08811,0.11811425536870956,,0.249779,0.287671,0.674112,4.55817,0.0,,0.0,,0.0,0.0,,999.0,/players/tony-gonsolin/19388/stats/pitching,P,7,7.0,AL,Tony Gonsolin,664062,19388,19388
BOS,Red Sox,0,0,0,0,0,0,,0.0,1,0,0,0,0,0,0,,0,4.24937,1.35455,8.59399,4.50278,1.90859,1.16164,0.220642,0.115605,0.10503766685724258,,0.226936,0.270558,0.716737,4.56102,0.0,,0.0,,0.0,0.0,,536.780029296875,/players/johan-oviedo/22487/stats/pitching,P,3,3.0,AL,Johan Oviedo,670912,22487,22487
WSN,Nationals,0,0,0,0,0,0,,0.0,0,0,0,0,0,0,0,,0,4.37838,1.43243,9.0,4.62162,1.94737,1.21622,0.228395,0.117284,0.111111119389534,,0.241135,0.292929,0.73913,4.56176,0.0,,0.0,,0.0,0.0,,999.0,/players/kyle-nicolas/27775/stats/pitching,P,24,24.0,NL,Kyle Nicolas,693312,27775,27775
CLE,Guardians,0,0,0,0,0,0,,0.0,1,0,0,0,0,0,0,,0,4.5,1.30769,6.57692,2.42308,2.71429,1.38462,0.172727,0.0636364,0.1090909093618393,,0.264706,0.291139,0.704225,4.56384,0.0,,0.0,,0.0,0.0,,999.0,/players/austin-peterson/31994/stats/pitching,P,5,5.0,AL,Austin Peterson,804926,31994,31994
CHW,White Sox,0,0,0,0,0,0,,0.0,1,0,0,0,0,0,0,,0,4.50678,1.41123,6.24476,3.1994,1.95186,1.18686,0.159632,0.0817845,0.07784702628850937,,0.266214,0.294224,0.706772,4.57167,0.0,,0.0,,0.0,0.0,,999.0,/players/tyler-schweitzer/31920/stats/pitching,P,4,4.0,AL,Tyler Schweitzer,805326,31920,31920
CHW,White Sox,0,0,0,0,0,0,,0.0,1,0,0,0,0,0,0,,0,4.64126,1.36607,6.884,3.58149,1.92211,1.19407,0.177729,0.0924655,0.08526313304901123,,0.249638,0.2803,0.682465,4.57398,0.0,,0.0,,0.0,0.0,,999.0,/players/drew-thorpe/31967/stats/pitching,P,4,4.0,AL,Drew Thorpe,689672,31967,31967
KCR,Royals,0,0,0,0,0,0,,0.0,0,0,0,0,0,0,0,,0,4.73684,1.36842,7.57895,2.84211,2.66667,1.42105,0.192771,0.0722892,0.120481938123703,,0.263158,0.298246,0.688073,4.57598,0.0,,0.0,,0.0,0.0,,999.0,/players/connor-seabold/19695/stats/pitching,P,7,7.0,AL,Connor Seabold,657756,19695,19695
HOU,Astros,0,0,0,0,0,0,,0.0,1,0,0,0,0,0,0,,0,4.73684,1.57895,8.05263,5.21053,1.54545,0.947369,0.2,0.129412,0.07058824598789215,,0.260274,0.314815,0.698529,4.57598,0.0,,0.0,,0.0,0.0,,999.0,/players/logan-vanwey/31884/stats/pitching,P,21,21.0,AL,Logan VanWey,701121,31884,31884
ARI,Diamondbacks,0,0,0,0,0,0,,0.0,1,0,0,0,0,0,0,,0,4.69565,1.43478,7.43478,3.91304,1.9,1.17391,0.186275,0.0980392,0.0882352963089943,,0.252747,0.289855,0.694444,4.58056,0.0,,0.0,,0.0,0.0,,999.0,/players/juan-burgos/27271/stats/pitching,P,15,15.0,NL,Juan Burgos,686228,27271,27271
TEX,Rangers,0,0,0,0,0,0,,0.0,1,0,0,0,0,0,0,,0,4.69711,1.42783,7.82784,4.53971,1.7243,1.12932,0.199382,0.115631,0.08375168591737747,,0.240885,0.281143,0.687249,4.5806,0.0,,0.0,,0.0,0.0,,999.0,/players/carter-baumler/30231/stats/pitching,P,13,13.0,AL,Carter Baumler,691945,30231,30231
ATH,Athletics,0,0,0,0,0,0,,0.0,1,0,0,0,0,0,0,,0,4.84941,1.51777,6.74627,4.16983,1.61788,1.00438,0.167487,0.103523,0.06396424770355225,,0.265978,0.303828,0.684591,4.587,0.0,,0.0,,0.0,0.0,,999.0,/players/chris-roycroft/31261/stats/pitching,P,10,10.0,AL,Chris Roycroft,688297,31261,31261
SFG,Giants,0,0,0,0,0,0,,0.0,1,0,0,0,0,0,0,,0,4.44865,1.34385,6.84449,3.86202,1.77226,1.11031,0.177186,0.0999775,0.07720838487148285,,0.239164,0.269094,0.688711,4.58717,0.0,,0.0,,0.0,0.0,,999.0,/players/jt-brubaker/17578/stats/pitching,P,30,30.0,NL,JT Brubaker,664141,17578,17578
CIN,Reds,0,0,0,0,0,0,,0.0,2,0,0,0,0,0,0,,0,6.0,1.5,7.5,3.0,2.5,1.5,0.172414,0.0689655,0.10344826430082321,,0.259259,0.285714,0.657895,4.6023,0.0,,0.0,,0.0,0.0,,999.0,/players/carson-spiers/27685/stats/pitching,P,18,18.0,NL,Carson Spiers,686730,27685,27685
SEA,Mariners,0,0,0,0,0,0,,0.0,1,0,0,0,0,0,0,,0,4.5,1.16667,7.5,3.0,2.5,1.5,0.208333,0.0833333,0.1249999925494194,,0.227273,0.25,0.714286,4.6023,0.0,,0.0,,0.0,0.0,,999.0,/players/jhonathan-diaz/20298/stats/pitching,P,11,11.0,AL,Jhonathan Díaz,646242,20298,20298
DET,Tigers,0,0,0,0,0,0,,0.0,1,0,0,0,0,0,0,,0,4.60895,1.35917,7.72268,4.27349,1.80711,1.18178,0.199569,0.110435,0.08913371711969376,,0.233067,0.268463,0.68281,4.60908,0.0,,0.0,,0.0,0.0,,999.0,/players/beau-brieske/26079/stats/pitching,P,6,6.0,AL,Beau Brieske,689225,26079,26079
WSN,Nationals,0,0,0,0,0,0,,0.0,1,0,0,0,0,0,0,,0,4.63814,1.45565,8.39063,4.54556,1.8459,1.19581,0.211407,0.114528,0.09687905758619308,,0.246229,0.292521,0.705311,4.61302,0.0,,0.0,,0.0,0.0,,999.0,/players/orlando-ribalta/26247/stats/pitching,P,24,24.0,NL,Orlando Ribalta,687377,26247,26247
COL,Rockies,0,0,0,0,0,0,,0.0,2,0,0,0,0,0,0,,0,4.80122,1.49224,8.60635,4.56581,1.88495,1.14226,0.213548,0.113291,0.1002572551369667,,0.253468,0.306145,0.694063,4.61613,0.0,,0.0,,0.0,0.0,,748.510009765625,/players/juan-mejia/23237/stats/pitching,P,19,19.0,NL,Juan Mejia,675848,23237,23237
CHW,White Sox,0,0,0,0,0,0,,0.0,1,0,0,0,0,0,0,,0,4.25248,1.33458,7.98381,4.45449,1.79231,1.10769,0.205685,0.11476,0.09092502295970917,,0.223924,0.261568,0.70637,4.6178,0.0,,0.0,,0.0,0.0,,999.0,/players/chris-murphy/26214/stats/pitching,P,4,4.0,AL,Chris Murphy,669684,26214,26214
SDP,Padres,0,0,0,0,0,0,,0.0,0,0,0,0,0,0,0,,0,4.65517,1.37931,7.75862,3.72414,2.08333,1.24138,0.198413,0.0952381,0.1031746044754982,,0.25,0.289157,0.697674,4.61954,0.0,,0.0,,0.0,0.0,,999.0,/players/alek-jacob/29628/stats/pitching,P,29,29.0,NL,Alek Jacob,689690,29628,29628
SFG,Giants,0,0,0,0,0,0,,1.0,3,1,0,0,0,1,0,,0,4.85715,1.41113,8.56207,4.00442,2.13815,1.33067,0.210178,0.098299,0.111879363656044,,0.239944,0.279531,0.689487,4.6205,6.800000000000001,6.800000000000001,7.0,7.0,0.0,0.0,,999.0,/players/seth-lonsway/30064/stats/pitching,P,30,30.0,NL,Seth Lonsway,675920,30064,30064
ATL,Braves,0,0,0,0,0,0,,0.0,2,0,0,0,0,0,0,,0,4.86073,1.41209,8.55967,4.00776,2.13577,1.33095,0.210029,0.0983386,0.11169029027223587,,0.24,0.279555,0.689349,4.62282,0.0,,0.0,,0.0,0.0,,999.0,/players/owen-murphy/31761/stats/pitching,P,16,16.0,NL,Owen Murphy,702566,31761,31761
MIA,Marlins,0,0,0,0,0,0,,0.0,1,0,0,0,0,0,0,,0,4.5,1.40909,8.18182,4.29545,1.90476,1.22727,0.209424,0.109948,0.09947645664215088,,0.244048,0.286885,0.708955,4.62503,0.0,,0.0,,0.0,0.0,,999.0,/players/brandan-bidois/28052/stats/pitching,P,20,20.0,NL,Brandan Bidois,684049,28052,28052
HOU,Astros,0,0,0,0,0,0,,1.0,3,1,0,0,0,1,0,,0,4.5007,1.34046,8.68197,3.92556,2.21165,1.43617,0.22571,0.102055,0.1236552819609642,,0.23708,0.276841,0.713392,4.62627,6.800000000000001,6.800000000000001,7.0,7.0,0.0,0.0,,999.0,/players/ronel-blanco/19407/stats/pitching,P,21,21.0,AL,Ronel Blanco,669854,19407,19407
TEX,Rangers,0,0,0,0,0,0,,0.0,1,0,0,0,0,0,0,,0,4.8,1.46667,9.0,4.8,1.875,1.2,0.220588,0.117647,0.10294117778539658,,0.237288,0.285714,0.677083,4.63563,0.0,,0.0,,0.0,0.0,,999.0,/players/gavin-collyer/26349/stats/pitching,P,13,13.0,AL,Gavin Collyer,686560,26349,26349
COL,Rockies,0,0,0,0,0,0,,0.0,2,0,0,0,0,0,0,,0,4.86241,1.39627,8.08529,3.36419,2.40334,1.38561,0.20531,0.0854268,0.11988278478384018,,0.260007,0.301551,0.685187,4.63658,0.0,,0.0,,0.0,0.0,,999.0,/players/jimmy-herget/17556/stats/pitching,P,19,19.0,NL,Jimmy Herget,623474,17556,17556
ATH,Athletics,0,0,0,0,0,0,,0.0,1,0,0,0,0,0,0,,0,4.80208,1.51121,8.29074,4.85541,1.70753,1.15437,0.206877,0.121156,0.08572101593017578,,0.250333,0.297804,0.699325,4.64075,0.0,,0.0,,0.0,0.0,,999.0,/players/seth-johnson/26020/stats/pitching,P,10,10.0,AL,Seth Johnson,686751,26020,26020
BAL,Orioles,0,0,0,0,0,0,,0.0,1,0,0,0,0,0,0,,0,4.90342,1.42345,8.53112,4.04757,2.10771,1.33425,0.208257,0.0988073,0.10945005714893341,,0.240661,0.279833,0.687715,4.65045,0.0,,0.0,,0.0,0.0,,999.0,/players/luis-de-leon/30944/stats/pitching,P,2,2.0,AL,Luis De León,801725,30944,30944
CHW,White Sox,0,0,0,0,0,0,,0.0,1,0,0,0,0,0,0,,0,4.64516,1.41935,7.54839,4.06452,1.85714,1.16129,0.191176,0.102941,0.0882352963089943,,0.25,0.288889,0.703125,4.65069,0.0,,0.0,,0.0,0.0,,999.0,/players/tanner-mcdougal/29887/stats/pitching,P,4,4.0,AL,Tanner McDougal,701780,29887,29887
WSN,Nationals,0,0,0,0,0,0,,1.0,2,1,0,0,0,0,0,,0,4.70466,1.45391,8.13219,4.33438,1.8762,1.26362,0.205708,0.109641,0.09606758505105972,,0.250446,0.293098,0.704431,4.65099,4.800000000000001,4.800000000000001,5.0,5.0,0.0,0.0,,999.0,/players/riley-cornelio/31953/stats/pitching,P,24,24.0,NL,Riley Cornelio,683000,31953,31953
MIN,Twins,0,0,0,0,0,0,,0.0,1,0,0,0,0,0,0,,0,4.95,1.4,7.2,3.15,2.28571,1.35,0.179775,0.0786517,0.10112358629703522,,0.259259,0.290323,0.672269,4.6523,0.0,,0.0,,0.0,0.0,,999.0,/players/matt-bowman/13528/stats/pitching,P,8,8.0,AL,Matt Bowman,621199,13528,13528
KCR,Royals,0,0,0,0,0,0,,0.0,2,0,0,0,0,0,0,,0,4.65582,1.45705,8.20109,4.5558,1.80014,1.13635,0.205278,0.114034,0.09124372899532318,,0.24628,0.292059,0.69887,4.65574,0.0,,0.0,,0.0,0.0,,999.0,/players/nate-pearson/20160/stats/pitching,P,7,7.0,AL,Nate Pearson,663878,20160,20160
ATL,Braves,0,0,0,0,0,0,,0.0,0,0,0,0,0,0,0,,0,4.5,1.4375,7.875,4.5,1.75,1.125,0.2,0.114286,0.08571428805589676,,0.245902,0.288889,0.693069,4.6648,0.0,,0.0,,0.0,0.0,,999.0,/players/rolddy-munoz/27407/stats/pitching,P,16,16.0,NL,Rolddy Muñoz,691548,27407,27407
NYM,Mets,0,0,0,0,0,0,,0.0,0,0,0,0,0,0,0,,0,5.14286,1.42857,9.0,3.85714,2.33333,1.28571,0.21875,0.09375,0.1250000074505806,,0.25,0.3,0.697674,4.67373,0.0,,0.0,,0.0,0.0,,999.0,/players/zachary-franklin/sa3022735/stats/pitching,P,25,,NL,Zach Franklin,702103,sa3022735,sa3022735
ATL,Braves,0,0,0,0,0,0,,0.0,1,0,0,0,0,0,0,,0,4.72093,1.44817,7.31123,3.94482,1.85337,1.12734,0.182752,0.0986053,0.08414717018604279,,0.257626,0.296622,0.689822,4.6818,0.0,,0.0,,0.0,0.0,,999.0,/players/victor-mederos/31533/stats/pitching,P,16,16.0,NL,Victor Mederos,682989,31533,31533
WSN,Nationals,0,0,0,0,0,0,,0.0,1,0,0,0,0,0,0,,0,4.50046,1.46879,8.17196,4.31702,1.89296,1.2781,0.205388,0.108501,0.09688717871904373,,0.253679,0.297325,0.728563,4.6977,0.0,,0.0,,0.0,0.0,,999.0,/players/gus-varland/24737/stats/pitching,P,24,24.0,NL,Gus Varland,681402,24737,24737
CLE,Guardians,0,0,0,0,0,0,,0.0,0,0,0,0,0,0,0,,0,4.78723,1.34043,8.80851,3.6383,2.42105,1.53191,0.227723,0.0940594,0.1336633712053299,,0.243094,0.283465,0.694981,4.69804,0.0,,0.0,,0.0,0.0,,999.0,/players/connor-brogdon/21205/stats/pitching,P,5,5.0,AL,Connor Brogdon,641401,21205,21205
CHC,Cubs,0,0,0,0,0,0,,0.0,1,0,0,0,0,0,0,,0,4.5,1.45,9.0,4.5,2.0,1.35,0.224719,0.11236,0.11235954612493515,,0.24359,0.290909,0.725806,4.7023,0.0,,0.0,,0.0,0.0,,999.0,/players/gavin-hollowell/25427/stats/pitching,P,17,17.0,NL,Gavin Hollowell,668970,25427,25427
ATH,Athletics,0,0,0,0,0,0,,0.0,1,0,0,0,0,0,0,,0,4.5,1.4,7.65,3.15,2.42857,1.35,0.191011,0.0786517,0.11235954612493515,,0.2625,0.3,0.756303,4.7023,0.0,,0.0,,0.0,0.0,,999.0,/players/joe-rock/30016/stats/pitching,P,10,10.0,AL,Joe Rock,697812,30016,30016
CHW,White Sox,0,0,0,0,0,0,,0.0,1,0,0,0,0,0,0,,0,4.86786,1.4167,6.88698,3.45438,1.99369,1.29119,0.175309,0.0879318,0.08737733960151672,,0.261961,0.29313,0.68166,4.7032,0.0,,0.0,,0.0,0.0,,999.0,/players/jonathan-cannon/31730/stats/pitching,P,4,4.0,AL,Jonathan Cannon,686563,31730,31730
CHW,White Sox,0,0,0,0,0,0,,0.0,0,0,0,0,0,0,0,,0,4.5,1.46429,9.32143,5.14286,1.8125,1.28571,0.232,0.128,0.10400000214576721,,0.231481,0.28,0.734463,4.70944,0.0,,0.0,,0.0,0.0,,999.0,/players/prelander-berroa/22932/stats/pitching,P,4,4.0,AL,Prelander Berroa,672860,22932,22932
LAA,Angels,0,0,0,0,0,0,,0.0,0,0,0,0,0,0,0,,0,4.35503,1.2924,8.79168,3.94669,2.22761,1.55491,0.232341,0.104301,0.128040112555027,,0.226862,0.260538,0.72957,4.71611,0.0,,0.0,,0.0,0.0,,999.0,/players/kaleb-ort/20061/stats/pitching,P,1,1.0,AL,Kaleb Ort,672391,20061,20061
SEA,Mariners,0,0,0,0,0,0,,0.0,1,0,0,0,0,0,0,,0,4.28571,1.42857,8.14286,4.28571,1.9,1.28571,0.204301,0.107527,0.09677417576313019,,0.243902,0.283333,0.736434,4.72135,0.0,,0.0,,0.0,0.0,,999.0,/players/troy-taylor/31883/stats/pitching,P,11,11.0,AL,Troy Taylor,700187,31883,31883
SFG,Giants,0,0,0,0,0,0,,1.0,2,1,0,0,0,0,0,,0,4.05995,1.3049,7.31315,3.34613,2.18556,1.39825,0.190922,0.0873562,0.10356573760509491,,0.2428,0.270504,0.7491,4.73565,4.800000000000001,4.800000000000001,5.0,5.0,0.0,0.0,,999.0,/players/tristan-beck/21584/stats/pitching,P,30,30.0,NL,Tristan Beck,663941,21584,21584
BAL,Orioles,0,0,0,0,0,0,,0.0,1,0,0,0,0,0,0,,0,4.5444,1.48561,9.45706,5.59336,1.69076,1.15777,0.23503,0.139008,0.09602175652980804,,0.228961,0.283457,0.717549,4.76325,0.0,,0.0,,0.0,0.0,,999.0,/players/cam-sanders/23479/stats/pitching,P,2,2.0,AL,Cam Sanders,676742,23479,23479
COL,Rockies,0,0,0,0,0,0,,0.0,1,0,0,0,0,0,0,,0,5.00293,1.39461,6.86459,3.55096,1.93317,1.32684,0.176,0.0910426,0.08495789021253586,,0.255766,0.284221,0.665193,4.76428,0.0,,0.0,,0.0,0.0,,743.47998046875,/players/zach-agnos/31552/stats/pitching,P,19,19.0,NL,Zach Agnos,688642,31552,31552
COL,Rockies,0,0,0,0,0,0,,0.0,1,0,0,0,0,0,0,,0,5.08209,1.47103,8.41159,4.21423,1.996,1.34808,0.201035,0.100719,0.10031566768884659,,0.243367,0.280956,0.681181,4.76612,0.0,,0.0,,0.0,0.0,,999.0,/players/jake-brooks/sa3023205/stats/pitching,P,19,,NL,Jake Brooks,694860,sa3023205,sa3023205
COL,Rockies,0,0,0,0,0,0,,0.0,1,0,0,0,0,0,0,,0,5.12273,1.46516,6.92304,3.32884,2.07972,1.35713,0.174014,0.083672,0.0903421938419342,,0.273461,0.306131,0.67499,4.76971,0.0,,0.0,,0.0,0.0,,999.0,/players/gabriel-hughes/31614/stats/pitching,P,19,19.0,NL,Gabriel Hughes,687312,31614,31614
KCR,Royals,0,0,0,0,0,0,,0.0,1,0,0,0,0,0,0,,0,4.99376,1.66651,8.26463,6.4197,1.28739,0.856454,0.198623,0.154284,0.044338881969451904,,0.246741,0.301096,0.693544,4.78306,0.0,,0.0,,0.0,0.0,,999.0,/players/carlos-duran/24458/stats/pitching,P,7,7.0,AL,Carlos Duran,679922,24458,24458
MIL,Brewers,0,0,0,0,0,0,,0.0,1,0,0,0,0,0,0,,0,5.21053,1.42105,6.63158,2.84211,2.33333,1.42105,0.168675,0.0722892,0.09638554602861404,,0.276316,0.305085,0.657895,4.78651,0.0,,0.0,,0.0,0.0,,999.0,/players/bryse-wilson/19990/stats/pitching,P,23,23.0,NL,Bryse Wilson,669060,19990,19990
STL,Cardinals,0,0,0,0,0,0,,0.0,1,0,0,0,0,0,0,,0,5.11425,1.47959,8.39007,4.24422,1.97682,1.35057,0.199767,0.101054,0.09871210157871246,,0.243844,0.281152,0.680055,4.78694,0.0,,0.0,,0.0,0.0,,999.0,/players/cooper-hjerpe/31853/stats/pitching,P,28,28.0,NL,Cooper Hjerpe,687309,31853,31853
LAD,Dodgers,0,0,0,0,0,0,,0.0,1,0,0,0,0,0,0,,0,4.73684,1.42105,8.52632,4.26316,2.0,1.42105,0.214286,0.107143,0.1071428582072258,,0.243243,0.283019,0.701754,4.83914,0.0,,0.0,,0.0,0.0,,999.0,/players/bobby-miller/27483/stats/pitching,P,22,22.0,NL,Bobby Miller,676272,27483,27483
CLE,Guardians,0,0,0,0,0,0,,0.0,1,0,0,0,0,0,0,,0,5.19772,1.50182,8.33423,4.32208,1.92829,1.35703,0.196519,0.101914,0.09460575133562088,,0.245067,0.28165,0.677198,4.84097,0.0,,0.0,,0.0,0.0,,999.0,/players/ben-lively/14932/stats/pitching,P,5,5.0,AL,Ben Lively,594902,14932,14932
LAA,Angels,0,0,0,0,0,0,,0.0,1,0,0,0,0,0,0,,0,4.9409,1.36822,6.64579,2.64588,2.51175,1.55161,0.171285,0.0681936,0.10309155285358429,,0.269621,0.29343,0.68464,4.84717,0.0,,0.0,,0.0,0.0,,999.0,/players/brett-kerry/29826/stats/pitching,P,1,1.0,AL,Brett Kerry,695049,29826,29826
ARI,Diamondbacks,0,0,0,0,0,0,,0.0,2,0,0,0,0,0,0,,0,5.21174,1.50555,8.32485,4.33516,1.92031,1.35811,0.19598,0.102056,0.09392375499010086,,0.24527,0.281732,0.676727,4.85005,0.0,,0.0,,0.0,0.0,,999.0,/players/jose-cabrera/30412/stats/pitching,P,15,15.0,NL,Jose Cabrera,703615,30412,30412
,,0,0,0,0,0,0,,0.0,1,0,0,0,0,0,0,,0,4.75133,1.31511,6.28683,2.19915,2.85875,1.61334,0.164196,0.0574362,0.10675957798957825,,0.268984,0.287307,0.696595,4.8562,0.0,,0.0,,0.0,0.0,,709.4099731445312,/players/zack-littell/15823/stats/pitching,P,-1,-1.0,,Zack Littell,641793,15823,15823
LAA,Angels,0,0,0,0,0,0,,0.0,2,0,0,0,0,0,0,,0,4.85492,1.45424,6.89238,4.20028,1.64093,1.13348,0.172081,0.104868,0.06721308082342148,,0.253376,0.286648,0.679148,4.86634,0.0,,0.0,,0.0,0.0,,999.0,/players/sam-aldegheri/26443/stats/pitching,P,1,1.0,AL,Sam Aldegheri,691951,26443,26443
CIN,Reds,0,0,0,0,0,0,,0.0,1,0,0,0,0,0,0,,0,4.84615,1.38462,8.30769,4.15385,2.0,1.38462,0.210526,0.105263,0.10526315867900848,,0.24,0.277778,0.723684,4.87153,0.0,,0.0,,0.0,0.0,,999.0,/players/jose-franco/27014/stats/pitching,P,18,18.0,NL,Jose Franco,683742,27014,27014
CHW,White Sox,0,0,0,0,0,0,,0.0,2,0,0,0,0,0,0,,0,4.5,1.5,7.36364,4.5,1.63636,1.22727,0.181818,0.111111,0.07070707529783249,,0.252874,0.287879,0.729167,4.87503,0.0,,0.0,,0.0,0.0,,999.0,/players/noah-schultz/32056/stats/pitching,P,4,4.0,AL,Noah Schultz,702273,32056,32056
PIT,Pirates,0,0,0,0,0,0,,0.0,1,0,0,0,0,0,0,,0,4.5,1.33333,7.0,3.0,2.33333,1.5,0.181818,0.0779221,0.1038961112499237,,0.257143,0.283019,0.707071,4.88008,0.0,,0.0,,0.0,0.0,,999.0,/players/tom-harrington/31989/stats/pitching,P,27,27.0,NL,Thomas Harrington,802419,31989,31989
KCR,Royals,0,0,0,0,0,0,,0.0,1,0,0,0,0,0,0,,0,4.99477,1.57355,7.92556,5.02427,1.57745,1.07393,0.19181,0.121595,0.07021552324295044,,0.258655,0.306278,0.689883,4.88966,0.0,,0.0,,0.0,0.0,,999.0,/players/jose-cuas/17701/stats/pitching,P,7,7.0,AL,Jose Cuas,621016,17701,17701
COL,Rockies,0,0,0,0,0,0,,0.0,1,0,0,0,0,0,0,,0,4.5,1.4,9.0,3.6,2.5,1.8,0.238095,0.0952381,0.1428571492433548,,0.263158,0.307692,0.714286,4.9023,0.0,,0.0,,0.0,0.0,,999.0,/players/jeff-criswell/27608/stats/pitching,P,19,19.0,NL,Jeff Criswell,676105,27608,27608
COL,Rockies,0,0,0,0,0,0,,0.0,1,0,0,0,0,0,0,,0,5.30653,1.55321,7.13286,4.10756,1.73652,1.23046,0.173898,0.100141,0.07375621795654297,,0.273737,0.311967,0.669936,4.94666,0.0,,0.0,,0.0,0.0,,999.0,/players/eiberson-castellano/28040/stats/pitching,P,19,19.0,NL,Eiberson Castellano,682769,28040,28040
COL,Rockies,0,0,0,0,0,0,,0.0,1,0,0,0,0,0,0,,0,5.51752,1.57503,6.29068,3.67367,1.71237,1.15819,0.15193,0.0887248,0.06320476531982422,,0.286213,0.319512,0.651434,4.94853,0.0,,0.0,,0.0,0.0,,999.0,/players/blas-castano/26117/stats/pitching,P,19,19.0,NL,Blas Castaño,680604,26117,26117
BAL,Orioles,0,0,0,0,0,0,,0.0,0,0,0,0,0,0,0,,0,5.14286,1.42857,7.71429,3.85714,2.0,1.28571,0.1875,0.09375,0.09375,,0.25,0.285714,0.697674,4.95944,0.0,,0.0,,0.0,0.0,,999.0,/players/trey-gibson/33794/stats/pitching,P,2,2.0,AL,Trey Gibson,694346,33794,33794
TBR,Rays,0,0,0,0,0,0,,0.0,1,0,0,0,0,0,0,,0,3.85714,1.28571,7.71429,3.85714,2.0,1.28571,0.206897,0.103448,0.1034482792019844,,0.24,0.277778,0.657895,4.95944,0.0,,0.0,,0.0,0.0,,999.0,/players/brody-hopkins/33903/stats/pitching,P,12,12.0,AL,Brody Hopkins,811315,33903,33903
WSN,Nationals,0,0,0,0,0,0,,0.0,2,0,0,0,0,0,0,,0,4.84651,1.59232,8.54677,5.50624,1.5522,1.14837,0.20681,0.133237,0.07357312738895416,,0.252028,0.303177,0.712318,4.96574,0.0,,0.0,,0.0,0.0,,999.0,/players/yovanny-cruz/22622/stats/pitching,P,24,24.0,NL,Yovanny Cruz,672442,22622,22622
DET,Tigers,0,0,0,0,0,0,,0.0,1,0,0,0,0,0,0,,0,4.70573,1.59587,8.5704,5.98035,1.43309,1.16094,0.209646,0.146289,0.06335698068141937,,0.242461,0.290709,0.726036,4.97729,0.0,,0.0,,0.0,0.0,,999.0,/players/yilber-diaz/29271/stats/pitching,P,6,6.0,AL,Yilber Díaz,700270,29271,29271
MIA,Marlins,0,0,0,0,0,0,,0.0,1,0,0,0,0,0,0,,0,5.00923,1.51902,7.25186,4.77137,1.51987,1.21116,0.17994,0.118392,0.06154831498861313,,0.253629,0.288756,0.68693,4.97745,0.0,,0.0,,0.0,0.0,,999.0,/players/karson-milbrandt/sa3020659/stats/pitching,P,20,,NL,Karson Milbrandt,703596,sa3020659,sa3020659
NYM,Mets,0,0,0,0,0,0,,0.0,0,0,0,0,0,0,0,,0,5.4114,1.55871,8.19128,4.52138,1.81167,1.37356,0.188486,0.10404,0.08444642275571823,,0.248106,0.282868,0.670295,4.9793,0.0,,0.0,,0.0,0.0,,999.0,/players/matt-seelinger/23563/stats/pitching,P,25,25.0,NL,Matt Seelinger,676910,23563,23563
COL,Rockies,0,0,0,0,0,0,,0.0,1,0,0,0,0,0,0,,0,5.4114,1.55871,8.19128,4.52138,1.81167,1.37356,0.188486,0.10404,0.08444642275571823,,0.248106,0.282868,0.670295,4.9793,0.0,,0.0,,0.0,0.0,,999.0,/players/mark-manfredi/33603/stats/pitching,P,19,19.0,NL,Mark Manfredi,815081,33603,33603
BOS,Red Sox,0,0,0,0,0,0,,0.0,2,0,0,0,0,0,0,,0,5.4114,1.55871,8.19128,4.52138,1.81167,1.37356,0.188486,0.10404,0.08444641530513763,,0.248106,0.282868,0.670295,4.9793,0.0,,0.0,,0.0,0.0,,999.0,/players/alec-gamboa/26227/stats/pitching,P,3,3.0,AL,Alec Gamboa,687941,26227,26227
SEA,Mariners,0,0,0,0,0,0,,0.0,1,0,0,0,0,0,0,,0,5.4114,1.55871,8.19128,4.52138,1.81167,1.37356,0.188486,0.10404,0.08444642275571823,,0.248106,0.282868,0.670295,4.9793,0.0,,0.0,,0.0,0.0,,999.0,/players/troy-watson/sa3007249/stats/pitching,P,11,,AL,Troy Watson,681890,sa3007249,sa3007249
LAA,Angels,0,0,0,0,0,0,,0.0,2,0,0,0,0,0,0,,0,5.4114,1.55871,8.19128,4.52138,1.81167,1.37356,0.188486,0.10404,0.08444640785455704,,0.248106,0.282868,0.670295,4.9793,0.0,,0.0,,0.0,0.0,,999.0,/players/jose-fermin/33908/stats/pitching,P,1,1.0,AL,José Fermin,820862,33908,33908
COL,Rockies,0,0,0,0,0,0,,0.0,0,0,0,0,0,0,0,,0,5.4114,1.55871,8.19128,4.52138,1.81167,1.37356,0.188486,0.10404,0.08444640785455704,,0.248106,0.282868,0.670295,4.9793,0.0,,0.0,,0.0,0.0,,999.0,/players/andrew-baker/sa3017196/stats/pitching,P,19,,NL,Andrew Baker,687900,sa3017196,sa3017196
COL,Rockies,0,0,0,0,0,0,,0.0,1,0,0,0,0,0,0,,0,5.4114,1.55871,8.19128,4.52138,1.81167,1.37356,0.188486,0.10404,0.08444640785455704,,0.248106,0.282868,0.670295,4.9793,0.0,,0.0,,0.0,0.0,,999.0,/players/tj-shook/27567/stats/pitching,P,19,19.0,NL,TJ Shook,669298,27567,27567
CIN,Reds,0,0,0,0,0,0,,0.0,1,0,0,0,0,0,0,,0,5.4114,1.55871,8.19128,4.52138,1.81167,1.37356,0.188486,0.10404,0.08444640785455704,,0.248106,0.282868,0.670295,4.9793,0.0,,0.0,,0.0,0.0,,999.0,/players/hunter-parks/sa3017640/stats/pitching,P,18,,NL,Hunter Parks,688609,sa3017640,sa3017640
TEX,Rangers,0,0,0,0,0,0,,0.0,1,0,0,0,0,0,0,,0,5.4114,1.55871,8.19127,4.52138,1.81167,1.37356,0.188486,0.10404,0.08444640040397644,,0.248106,0.282868,0.670295,4.9793,0.0,,0.0,,0.0,0.0,,999.0,/players/winston-santos/28489/stats/pitching,P,13,13.0,AL,Winston Santos,692437,28489,28489
WSN,Nationals,0,0,0,0,0,0,,0.0,2,0,0,0,0,0,0,,0,5.4114,1.55871,8.19128,4.52138,1.81167,1.37356,0.188486,0.10404,0.08444640785455704,,0.248106,0.282868,0.670295,4.9793,0.0,,0.0,,0.0,0.0,,999.0,/players/jack-sinclair/29945/stats/pitching,P,24,24.0,NL,Jack Sinclair,695378,29945,29945
MIN,Twins,0,0,0,0,0,0,,0.0,0,0,0,0,0,0,0,,0,5.4114,1.55871,8.19128,4.52138,1.81167,1.37356,0.188486,0.10404,0.08444640785455704,,0.248106,0.282868,0.670295,4.9793,0.0,,0.0,,0.0,0.0,,999.0,/players/christian-culpepper/sa3020563/stats/pitching,P,8,,AL,C.J. Culpepper,690217,sa3020563,sa3020563
SDP,Padres,0,0,0,0,0,0,,0.0,0,0,0,0,0,0,0,,0,5.4114,1.55871,8.19128,4.52138,1.81167,1.37356,0.188486,0.10404,0.08444640040397644,,0.248106,0.282868,0.670295,4.9793,0.0,,0.0,,0.0,0.0,,999.0,/players/johan-moreno/sa3020999/stats/pitching,P,29,,NL,Johan Moreno,808052,sa3020999,sa3020999
SFG,Giants,0,0,0,0,0,0,,0.0,1,0,0,0,0,0,0,,0,5.4114,1.55871,8.19128,4.52138,1.81167,1.37356,0.188486,0.10404,0.08444640785455704,,0.248106,0.282868,0.670295,4.9793,0.0,,0.0,,0.0,0.0,,999.0,/players/wilkin-ramos/23988/stats/pitching,P,30,30.0,NL,Wilkin Ramos,678576,23988,23988
STL,Cardinals,0,0,0,0,0,0,,0.0,1,0,0,0,0,0,0,,0,5.4114,1.55871,8.19128,4.52138,1.81167,1.37356,0.188486,0.10404,0.08444640785455704,,0.248106,0.282868,0.670295,4.9793,0.0,,0.0,,0.0,0.0,,999.0,/players/hancel-rincon/27144/stats/pitching,P,28,28.0,NL,Hancel Rincon,684516,27144,27144
ARI,Diamondbacks,0,0,0,0,0,0,,0.0,1,0,0,0,0,0,0,,0,5.4114,1.55871,8.19128,4.52138,1.81167,1.37356,0.188486,0.10404,0.08444640040397644,,0.248106,0.282868,0.670295,4.9793,0.0,,0.0,,0.0,0.0,,999.0,/players/gerardo-carrillo/22754/stats/pitching,P,15,15.0,NL,Gerardo Carrillo,672629,22754,22754
ATH,Athletics,0,0,0,0,0,0,,0.0,1,0,0,0,0,0,0,,0,5.4114,1.55871,8.19128,4.52138,1.81167,1.37356,0.188486,0.10404,0.08444640785455704,,0.248106,0.282868,0.670295,4.9793,0.0,,0.0,,0.0,0.0,,999.0,/players/brooks-kriske/21189/stats/pitching,P,10,10.0,AL,Brooks Kriske,621139,21189,21189
KCR,Royals,0,0,0,0,0,0,,0.0,1,0,0,0,0,0,0,,0,5.4114,1.55871,8.19128,4.52138,1.81167,1.37356,0.188486,0.10404,0.08444640785455704,,0.248106,0.282868,0.670295,4.9793,0.0,,0.0,,0.0,0.0,,999.0,/players/beck-way/27877/stats/pitching,P,7,7.0,AL,Beck Way,694360,27877,27877
NYM,Mets,0,0,0,0,0,0,,0.0,2,0,0,0,0,0,0,,0,5.4114,1.55871,8.19128,4.52138,1.81167,1.37356,0.188486,0.10404,0.08444640040397644,,0.248106,0.282868,0.670295,4.9793,0.0,,0.0,,0.0,0.0,,999.0,/players/nate-lavender/30109/stats/pitching,P,25,25.0,NL,Nate Lavender,681320,30109,30109
NYM,Mets,0,0,0,0,0,0,,0.0,2,0,0,0,0,0,0,,0,5.4114,1.55871,8.19127,4.52138,1.81167,1.37356,0.188486,0.10404,0.08444638550281525,,0.248106,0.282868,0.670295,4.9793,0.0,,0.0,,0.0,0.0,,999.0,/players/dedniel-nunez/23055/stats/pitching,P,25,25.0,NL,Dedniel Núñez,673380,23055,23055
ATH,Athletics,0,0,0,0,0,0,,0.0,1,0,0,0,0,0,0,,0,5.4114,1.55871,8.19127,4.52138,1.81167,1.37356,0.188486,0.10404,0.08444639295339584,,0.248106,0.282868,0.670295,4.9793,0.0,,0.0,,0.0,0.0,,999.0,/players/drew-rom/24602/stats/pitching,P,10,10.0,AL,Drew Rom,680723,24602,24602
PHI,Phillies,0,0,0,0,0,0,,0.0,2,0,0,0,0,0,0,,0,5.4114,1.55871,8.19127,4.52138,1.81167,1.37356,0.188486,0.10404,0.08444638550281525,,0.248106,0.282868,0.670295,4.9793,0.0,,0.0,,0.0,0.0,,999.0,/players/alex-mcfarlane/31773/stats/pitching,P,26,26.0,NL,Alex McFarlane,686934,31773,31773
COL,Rockies,0,0,0,0,0,0,,0.0,1,0,0,0,0,0,0,,0,5.4114,1.55871,8.19128,4.52138,1.81167,1.37356,0.188486,0.10404,0.08444640040397644,,0.248106,0.282868,0.670295,4.9793,0.0,,0.0,,0.0,0.0,,999.0,/players/blake-adams/31492/stats/pitching,P,19,19.0,NL,Blake Adams,687060,31492,31492
PIT,Pirates,0,0,0,0,0,0,,0.0,0,0,0,0,0,0,0,,0,5.4114,1.55871,8.19128,4.52138,1.81167,1.37356,0.188486,0.10404,0.08444640785455704,,0.248106,0.282868,0.670295,4.9793,0.0,,0.0,,0.0,0.0,,999.0,/players/beau-burrows/18873/stats/pitching,P,27,27.0,NL,Beau Burrows,663366,18873,18873
ATL,Braves,0,0,0,0,0,0,,0.0,1,0,0,0,0,0,0,,0,5.4114,1.55871,8.19128,4.52138,1.81167,1.37356,0.188486,0.10404,0.08444640785455704,,0.248106,0.282868,0.670295,4.9793,0.0,,0.0,,0.0,0.0,,999.0,/players/ricky-vanasco/23391/stats/pitching,P,16,16.0,NL,Ricky Vanasco,676568,23391,23391
CHC,Cubs,0,0,0,0,0,0,,0.0,1,0,0,0,0,0,0,,0,5.4114,1.55871,8.19128,4.52138,1.81167,1.37356,0.188486,0.10404,0.08444640785455704,,0.248106,0.282868,0.670295,4.9793,0.0,,0.0,,0.0,0.0,,999.0,/players/antoine-kelly/25611/stats/pitching,P,17,17.0,NL,Antoine Kelly,681520,25611,25611
HOU,Astros,0,0,0,0,0,0,,0.0,1,0,0,0,0,0,0,,0,5.41141,1.55871,8.19128,4.52138,1.81167,1.37356,0.188486,0.10404,0.08444638550281525,,0.248106,0.282868,0.670295,4.9793,0.0,,0.0,,0.0,0.0,,999.0,/players/alimber-santa/28846/stats/pitching,P,21,21.0,AL,Alimber Santa,695001,28846,28846
LAA,Angels,0,0,0,0,0,0,,0.0,2,0,0,0,0,0,0,,0,5.4114,1.55871,8.19128,4.52138,1.81167,1.37356,0.188486,0.10404,0.08444640785455704,,0.248106,0.282868,0.670295,4.9793,0.0,,0.0,,0.0,0.0,,999.0,/players/luke-murphy/29952/stats/pitching,P,1,1.0,AL,Luke Murphy,684665,29952,29952
MIN,Twins,0,0,0,0,0,0,,0.0,1,0,0,0,0,0,0,,0,5.4114,1.55871,8.19128,4.52138,1.81167,1.37356,0.188486,0.10404,0.08444640785455704,,0.248106,0.282868,0.670295,4.9793,0.0,,0.0,,0.0,0.0,,999.0,/players/mike-paredes/30187/stats/pitching,P,8,8.0,AL,Mike Paredes,702474,30187,30187
PIT,Pirates,0,0,0,0,0,0,,0.0,0,0,0,0,0,0,0,,0,5.4114,1.55871,8.19128,4.52138,1.81167,1.37356,0.188486,0.10404,0.08444640785455704,,0.248106,0.282868,0.670295,4.9793,0.0,,0.0,,0.0,0.0,,999.0,/players/brandon-neeck/sa3021978/stats/pitching,P,27,,NL,Brandon Neeck,677957,sa3021978,sa3021978
SFG,Giants,0,0,0,0,0,0,,0.0,2,0,0,0,0,0,0,,0,5.4114,1.55871,8.19128,4.52138,1.81167,1.37356,0.188486,0.10404,0.08444640785455704,,0.248106,0.282868,0.670295,4.9793,0.0,,0.0,,0.0,0.0,,999.0,/players/braxton-roxby/27793/stats/pitching,P,30,30.0,NL,Braxton Roxby,694820,27793,27793
STL,Cardinals,0,0,0,0,0,0,,0.0,1,0,0,0,0,0,0,,0,5.4114,1.55871,8.19128,4.52138,1.81167,1.37356,0.188486,0.10404,0.08444640785455704,,0.248106,0.282868,0.670295,4.9793,0.0,,0.0,,0.0,0.0,,999.0,/players/jared-shuster/27472/stats/pitching,P,28,28.0,NL,Jared Shuster,694363,27472,27472
NYY,Yankees,0,0,0,0,0,0,,0.0,1,0,0,0,0,0,0,,0,5.4114,1.55871,8.19128,4.52138,1.81167,1.37356,0.188486,0.10404,0.08444640040397644,,0.248106,0.282868,0.670295,4.9793,0.0,,0.0,,0.0,0.0,,999.0,/players/brendan-beck/33043/stats/pitching,P,9,9.0,AL,Brendan Beck,694341,33043,33043
MIL,Brewers,0,0,0,0,0,0,,0.0,1,0,0,0,0,0,0,,0,5.4114,1.55871,8.19128,4.52138,1.81167,1.37356,0.188486,0.10404,0.08444640785455704,,0.248106,0.282868,0.670295,4.9793,0.0,,0.0,,0.0,0.0,,999.0,/players/garrett-stallings/27485/stats/pitching,P,23,23.0,NL,Garrett Stallings,668831,27485,27485
COL,Rockies,0,0,0,0,0,0,,0.0,0,0,0,0,0,0,0,,0,5.4114,1.55871,8.19128,4.52138,1.81167,1.37356,0.188486,0.10404,0.08444640785455704,,0.248106,0.282868,0.670295,4.9793,0.0,,0.0,,0.0,0.0,,999.0,/players/parker-mushinski/21324/stats/pitching,P,19,19.0,NL,Parker Mushinski,656786,21324,21324
HOU,Astros,0,0,0,0,0,0,,0.0,1,0,0,0,0,0,0,,0,5.4114,1.55871,8.19128,4.52138,1.81167,1.37356,0.188486,0.10404,0.08444640785455704,,0.248106,0.282868,0.670295,4.9793,0.0,,0.0,,0.0,0.0,,999.0,/players/alex-santos/sa3014684/stats/pitching,P,21,,AL,Alex Santos II,691012,sa3014684,sa3014684
TBR,Rays,0,0,0,0,0,0,,0.0,0,0,0,0,0,0,0,,0,5.4114,1.55871,8.19128,4.52138,1.81167,1.37356,0.188486,0.10404,0.08444640040397644,,0.248106,0.282868,0.670295,4.9793,0.0,,0.0,,0.0,0.0,,999.0,/players/jake-woodford/18674/stats/pitching,P,12,12.0,AL,Jake Woodford,663765,18674,18674
TOR,Blue Jays,0,0,0,0,0,0,,0.0,1,0,0,0,0,0,0,,0,5.4114,1.55871,8.19128,4.52138,1.81167,1.37356,0.188486,0.10404,0.08444640785455704,,0.248106,0.282868,0.670295,4.9793,0.0,,0.0,,0.0,0.0,,999.0,/players/brendan-cellucci/26318/stats/pitching,P,14,14.0,AL,Brendan Cellucci,676454,26318,26318
WSN,Nationals,0,0,0,0,0,0,,0.0,1,0,0,0,0,0,0,,0,5.4114,1.55871,8.19127,4.52138,1.81167,1.37356,0.188486,0.10404,0.08444639295339584,,0.248106,0.282868,0.670295,4.9793,0.0,,0.0,,0.0,0.0,,999.0,/players/jared-simpson/33458/stats/pitching,P,24,24.0,NL,Jared Simpson,688692,33458,33458
MIN,Twins,0,0,0,0,0,0,,0.0,1,0,0,0,0,0,0,,0,5.4114,1.55871,8.19128,4.52138,1.81167,1.37356,0.188486,0.10404,0.08444640785455704,,0.248106,0.282868,0.670295,4.9793,0.0,,0.0,,0.0,0.0,,999.0,/players/trent-baker/sa3017504/stats/pitching,P,8,,AL,Trent Baker,694536,sa3017504,sa3017504
BOS,Red Sox,0,0,0,0,0,0,,0.0,1,0,0,0,0,0,0,,0,5.4114,1.55871,8.19127,4.52138,1.81167,1.37356,0.188486,0.10404,0.08444640040397644,,0.248106,0.282868,0.670295,4.9793,0.0,,0.0,,0.0,0.0,,999.0,/players/wyatt-olds/29922/stats/pitching,P,3,3.0,AL,Wyatt Olds,681544,29922,29922
TOR,Blue Jays,0,0,0,0,0,0,,0.0,0,0,0,0,0,0,0,,0,5.4114,1.55871,8.19128,4.52138,1.81167,1.37356,0.188486,0.10404,0.08444640785455704,,0.248106,0.282868,0.670295,4.9793,0.0,,0.0,,0.0,0.0,,999.0,/players/daniel-guerra/sa3019786/stats/pitching,P,14,,AL,Daniel Guerra,806413,sa3019786,sa3019786
LAA,Angels,0,0,0,0,0,0,,0.0,1,0,0,0,0,0,0,,0,5.4114,1.55871,8.19128,4.52138,1.81167,1.37356,0.188486,0.10404,0.08444640785455704,,0.248106,0.282868,0.670295,4.9793,0.0,,0.0,,0.0,0.0,,999.0,/players/alex-faedo/19874/stats/pitching,P,1,1.0,AL,Alex Faedo,656412,19874,19874
HOU,Astros,0,0,0,0,0,0,,0.0,1,0,0,0,0,0,0,,0,5.4114,1.55871,8.19128,4.52138,1.81167,1.37356,0.188486,0.10404,0.08444640785455704,,0.248106,0.282868,0.670295,4.9793,0.0,,0.0,,0.0,0.0,,999.0,/players/josh-hendrickson/26163/stats/pitching,P,21,21.0,AL,Josh Hendrickson,681973,26163,26163
WSN,Nationals,0,0,0,0,0,0,,0.0,2,0,0,0,0,0,0,,0,5.4114,1.55871,8.19128,4.52138,1.81167,1.37356,0.188486,0.10404,0.08444640785455704,,0.248106,0.282868,0.670295,4.9793,0.0,,0.0,,0.0,0.0,,999.0,/players/erik-tolman/32065/stats/pitching,P,24,24.0,NL,Erik Tolman,680899,32065,32065
LAA,Angels,0,0,0,0,0,0,,0.0,1,0,0,0,0,0,0,,0,5.4114,1.55871,8.19128,4.52138,1.81167,1.37356,0.188486,0.10404,0.08444640785455704,,0.248106,0.282868,0.670295,4.9793,0.0,,0.0,,0.0,0.0,,999.0,/players/trevor-martin/31878/stats/pitching,P,1,1.0,AL,Trevor Martin,694680,31878,31878
ATL,Braves,0,0,0,0,0,0,,0.0,1,0,0,0,0,0,0,,0,5.4114,1.55871,8.19128,4.52138,1.81167,1.37356,0.188486,0.10404,0.08444640040397644,,0.248106,0.282868,0.670295,4.9793,0.0,,0.0,,0.0,0.0,,999.0,/players/blake-burkhalter/31809/stats/pitching,P,16,16.0,NL,Blake Burkhalter,686628,31809,31809
MIN,Twins,0,0,0,0,0,0,,0.0,0,0,0,0,0,0,0,,0,5.4114,1.55871,8.19128,4.52138,1.81167,1.37356,0.188486,0.10404,0.08444640040397644,,0.248106,0.282868,0.670295,4.9793,0.0,,0.0,,0.0,0.0,,999.0,/players/aaron-rozek/sa3015224/stats/pitching,P,8,,AL,Aaron Rozek,702065,sa3015224,sa3015224
CLE,Guardians,0,0,0,0,0,0,,0.0,1,0,0,0,0,0,0,,0,5.4114,1.55871,8.19128,4.52138,1.81167,1.37356,0.188486,0.10404,0.08444640785455704,,0.248106,0.282868,0.670295,4.9793,0.0,,0.0,,0.0,0.0,,999.0,/players/yorman-gmez/sa3015931/stats/pitching,P,5,,AL,Yorman Gómez,691414,sa3015931,sa3015931
NYM,Mets,0,0,0,0,0,0,,0.0,1,0,0,0,0,0,0,,0,5.4114,1.55871,8.19127,4.52138,1.81167,1.37356,0.188486,0.10404,0.08444638550281525,,0.248106,0.282868,0.670295,4.9793,0.0,,0.0,,0.0,0.0,,999.0,/players/jack-weisenburger/26333/stats/pitching,P,25,25.0,NL,Jack Weisenburger,674073,26333,26333
TOR,Blue Jays,0,0,0,0,0,0,,0.0,1,0,0,0,0,0,0,,0,5.4114,1.55871,8.19127,4.52138,1.81167,1.37356,0.188486,0.10404,0.08444639295339584,,0.248106,0.282868,0.670295,4.9793,0.0,,0.0,,0.0,0.0,,999.0,/players/jose-rodriguez/28393/stats/pitching,P,14,14.0,AL,José Rodríguez,692064,28393,28393
TEX,Rangers,0,0,0,0,0,0,,0.0,1,0,0,0,0,0,0,,0,5.4114,1.55871,8.19128,4.52138,1.81167,1.37356,0.188486,0.10404,0.08444640785455704,,0.248106,0.282868,0.670295,4.9793,0.0,,0.0,,0.0,0.0,,999.0,/players/ben-peoples/26406/stats/pitching,P,13,13.0,AL,Ben Peoples,687239,26406,26406
TOR,Blue Jays,0,0,0,0,0,0,,0.0,1,0,0,0,0,0,0,,0,5.4114,1.55871,8.19128,4.52138,1.81167,1.37356,0.188486,0.10404,0.08444640040397644,,0.248106,0.282868,0.670295,4.9793,0.0,,0.0,,0.0,0.0,,999.0,/players/thomas-brock/sa3020079/stats/pitching,P,14,,AL,T.J. Brock,697813,sa3020079,sa3020079
PIT,Pirates,0,0,0,0,0,0,,0.0,1,0,0,0,0,0,0,,0,5.4114,1.55871,8.19127,4.52138,1.81167,1.37356,0.188486,0.10404,0.08444639295339584,,0.248106,0.282868,0.670295,4.9793,0.0,,0.0,,0.0,0.0,,999.0,/players/antwone-kelly/29000/stats/pitching,P,27,27.0,NL,Antwone Kelly,699008,29000,29000
NYY,Yankees,0,0,0,0,0,0,,0.0,1,0,0,0,0,0,0,,0,5.4114,1.55871,8.19127,4.52138,1.81167,1.37356,0.188486,0.10404,0.08444639295339584,,0.248106,0.282868,0.670295,4.9793,0.0,,0.0,,0.0,0.0,,999.0,/players/alexander-cornielle/26489/stats/pitching,P,9,9.0,AL,Alexander Cornielle,529017,26489,26489
MIA,Marlins,0,0,0,0,0,0,,0.0,2,0,0,0,0,0,0,,0,5.4114,1.55871,8.19128,4.52138,1.81167,1.37356,0.188486,0.10404,0.08444640785455704,,0.248106,0.282868,0.670295,4.9793,0.0,,0.0,,0.0,0.0,,999.0,/players/jack-ralston/26104/stats/pitching,P,20,20.0,NL,Jack Ralston,667652,26104,26104
TBR,Rays,0,0,0,0,0,0,,0.0,1,0,0,0,0,0,0,,0,5.4114,1.55871,8.19128,4.52138,1.81167,1.37356,0.188486,0.10404,0.08444640785455704,,0.248106,0.282868,0.670295,4.9793,0.0,,0.0,,0.0,0.0,,999.0,/players/alex-cook/32015/stats/pitching,P,12,12.0,AL,Alex Cook,702047,32015,32015
NYM,Mets,0,0,0,0,0,0,,0.0,1,0,0,0,0,0,0,,0,5.4114,1.55871,8.19128,4.52138,1.81167,1.37356,0.188486,0.10404,0.08444640040397644,,0.248106,0.282868,0.670295,4.9793,0.0,,0.0,,0.0,0.0,,999.0,/players/cameron-weston/31696/stats/pitching,P,25,25.0,NL,Cameron Weston,687721,31696,31696
LAA,Angels,0,0,0,0,0,0,,0.0,1,0,0,0,0,0,0,,0,5.4114,1.55871,8.19128,4.52138,1.81167,1.37356,0.188486,0.10404,0.08444640785455704,,0.248106,0.282868,0.670295,4.9793,0.0,,0.0,,0.0,0.0,,999.0,/players/najer-victor/sa3025330/stats/pitching,P,1,,AL,Najer Victor,695402,sa3025330,sa3025330
ATH,Athletics,0,0,0,0,0,0,,0.0,2,0,0,0,0,0,0,,0,5.4114,1.55871,8.19128,4.52138,1.81167,1.37356,0.188486,0.10404,0.08444640785455704,,0.248106,0.282868,0.670295,4.9793,0.0,,0.0,,0.0,0.0,,999.0,/players/yunior-tur/33026/stats/pitching,P,10,10.0,AL,Yunior Tur,814305,33026,33026
STL,Cardinals,0,0,0,0,0,0,,0.0,0,0,0,0,0,0,0,,0,5.4114,1.55871,8.19128,4.52138,1.81167,1.37356,0.188486,0.10404,0.08444640785455704,,0.248106,0.282868,0.670295,4.9793,0.0,,0.0,,0.0,0.0,,999.0,/players/brandt-thompson/sa3043741/stats/pitching,P,28,,NL,Brandt Thompson,825576,sa3043741,sa3043741
CIN,Reds,0,0,0,0,0,0,,0.0,1,0,0,0,0,0,0,,0,4.86625,1.52762,8.83603,5.3971,1.63718,1.35615,0.219637,0.134155,0.08548131585121155,,0.241782,0.287292,0.713858,4.99384,0.0,,0.0,,0.0,0.0,,999.0,/players/zach-maxwell/31610/stats/pitching,P,18,18.0,NL,Zach Maxwell,687209,31610,31610
LAD,Dodgers,0,0,0,0,0,0,,0.0,2,0,0,0,0,0,0,,0,4.90909,1.36364,8.18182,3.68182,2.22222,1.63636,0.210526,0.0947368,0.11578947305679321,,0.247059,0.278689,0.696721,5.01139,0.0,,0.0,,0.0,0.0,,999.0,/players/landon-knack/27487/stats/pitching,P,22,22.0,NL,Landon Knack,689017,27487,27487
PHI,Phillies,0,0,0,0,0,0,,0.0,1,0,0,0,0,0,0,,0,4.5,1.21429,7.71429,2.57143,3.0,1.92857,0.210526,0.0701754,0.14035087823867798,,0.245283,0.263158,0.78125,5.03087,0.0,,0.0,,0.0,0.0,,999.0,/players/nestor-cortes/17874/stats/pitching,P,26,26.0,NL,Nestor Cortes,641482,17874,17874
ATH,Athletics,0,0,0,0,0,0,,0.0,1,0,0,0,0,0,0,,0,4.91086,1.4548,7.5406,4.01974,1.87589,1.49759,0.190397,0.101497,0.08890032768249512,,0.257304,0.288876,0.705247,5.03682,0.0,,0.0,,0.0,0.0,,735.3200073242188,/players/luis-morales/32227/stats/pitching,P,10,10.0,AL,Luis Morales,806960,32227,32227
PHI,Phillies,0,0,0,0,0,0,,0.0,0,0,0,0,0,0,0,,0,4.85745,1.37208,7.33888,3.39646,2.16074,1.65257,0.189358,0.0876358,0.10172250866889954,,0.254742,0.279137,0.704413,5.06326,0.0,,0.0,,0.0,0.0,,999.0,/players/alan-rangel/19524/stats/pitching,P,26,26.0,NL,Alan Rangel,660604,19524,19524
WSN,Nationals,0,0,0,0,0,0,,0.0,0,0,0,0,0,0,0,,0,5.25,1.5,8.625,4.5,1.91667,1.5,0.214953,0.11215,0.10280374437570572,,0.258065,0.30303,0.69079,5.1023,0.0,,0.0,,0.0,0.0,,999.0,/players/carson-palmquist/31612/stats/pitching,P,24,24.0,NL,Carson Palmquist,687223,31612,31612
NYM,Mets,0,0,0,0,0,0,,0.0,1,0,0,0,0,0,0,,0,4.84615,1.38462,8.30769,4.84615,1.71429,1.38462,0.214286,0.125,0.0892857164144516,,0.229167,0.264706,0.723684,5.1023,0.0,,0.0,,0.0,0.0,,999.0,/players/chayce-mcdermott/29866/stats/pitching,P,25,25.0,NL,Chayce McDermott,694646,29866,29866
CIN,Reds,0,0,0,0,0,0,,0.0,1,0,0,0,0,0,0,,0,5.06346,1.47789,6.65704,3.63395,1.8319,1.50366,0.167006,0.0911653,0.075840525329113,,0.2696,0.294747,0.69644,5.12958,0.0,,0.0,,0.0,0.0,,999.0,/players/chase-solesky/25480/stats/pitching,P,18,18.0,NL,Chase Solesky,686678,25480,25480
MIN,Twins,0,0,0,0,0,0,,0.0,0,0,0,0,0,0,0,,0,5.45257,1.4854,6.18706,3.44766,1.79457,1.48241,0.155932,0.086891,0.06904082000255585,,0.276453,0.299057,0.65897,5.13247,0.0,,0.0,,0.0,0.0,,743.3200073242188,/players/german-marquez/15038/stats/pitching,P,8,8.0,AL,Germán Márquez,608566,15038,15038
WSN,Nationals,0,0,0,0,0,0,,0.0,2,0,0,0,0,0,0,,0,6.32706,1.55902,8.35271,3.80151,2.19721,1.74039,0.206048,0.0937771,0.11227092146873474,,0.280883,0.32246,0.617004,5.13271,0.0,,0.0,,0.0,0.0,,999.0,/players/josiah-gray/24580/stats/pitching,P,24,24.0,NL,Josiah Gray,680686,24580,24580
LAA,Angels,0,0,0,0,0,0,,1.0,2,1,0,0,0,0,0,,0,4.97443,1.41407,7.585,4.06752,1.86477,1.52034,0.19235,0.103149,0.08920079469680786,,0.248475,0.277302,0.690653,5.14083,4.800000000000001,4.800000000000001,5.0,5.0,0.0,0.0,,999.0,/players/caden-dana/31508/stats/pitching,P,1,1.0,AL,Caden Dana,702674,31508,31508
KCR,Royals,0,0,0,0,0,0,,0.0,1,0,0,0,0,0,0,,0,5.24576,1.51061,6.60132,3.88995,1.69702,1.46731,0.16438,0.0968637,0.06751616299152374,,0.270383,0.296053,0.683944,5.17592,0.0,,0.0,,0.0,0.0,,999.0,/players/mason-black/30171/stats/pitching,P,7,7.0,AL,Mason Black,696131,30171,30171
CIN,Reds,0,0,0,0,0,0,,0.0,1,0,0,0,0,0,0,,0,5.27487,1.51844,6.82521,4.15803,1.64145,1.44487,0.169553,0.103294,0.06625864654779434,,0.266343,0.293973,0.681294,5.19138,0.0,,0.0,,0.0,0.0,,999.0,/players/chase-petty/30170/stats/pitching,P,18,18.0,NL,Chase Petty,695534,30170,30170
ATH,Athletics,0,0,0,0,0,0,,0.0,1,0,0,0,0,0,0,,0,5.04699,1.5361,6.75942,4.37837,1.54382,1.4134,0.16745,0.108465,0.05898527055978775,,0.26508,0.2925,0.703947,5.21854,0.0,,0.0,,0.0,0.0,,999.0,/players/hayden-juenger/29640/stats/pitching,P,10,10.0,AL,Hayden Juenger,696522,29640,29640
NYM,Mets,0,0,0,0,0,0,,0.0,0,0,0,0,0,0,0,,0,5.06894,1.53307,6.99833,4.98695,1.40333,1.29281,0.173105,0.123353,0.049752071499824524,,0.251728,0.281467,0.691367,5.22368,0.0,,0.0,,0.0,0.0,,999.0,/players/guillo-zuniga/19588/stats/pitching,P,25,25.0,NL,Guillo Zuñiga,670871,19588,19588
NYM,Mets,0,0,0,0,0,0,,0.0,0,0,0,0,0,0,0,,0,4.86442,1.38992,5.88387,3.37135,1.74526,1.55385,0.151139,0.0866,0.06453923135995865,,0.25866,0.271926,0.698852,5.23995,0.0,,0.0,,0.0,0.0,,999.0,/players/xzavion-curry/25595/stats/pitching,P,25,25.0,NL,Xzavion Curry,675540,25595,25595
MIA,Marlins,0,0,0,0,0,0,,1.0,3,1,0,0,0,0,0,,0,5.10921,1.54883,6.16013,4.07093,1.5132,1.44632,0.152501,0.10078,0.051720649003982544,,0.27368,0.296013,0.703839,5.26769,4.800000000000001,4.800000000000001,5.0,5.0,0.0,0.0,,999.0,/players/bradley-blalock/26419/stats/pitching,P,20,20.0,NL,Bradley Blalock,687134,26419,26419
ATH,Athletics,0,0,0,0,0,0,,0.0,1,0,0,0,0,0,0,,0,5.48826,1.3821,6.38196,2.75274,2.3184,1.90333,0.163342,0.0704545,0.09288739413022995,,0.26999,0.282081,0.662293,5.49833,0.0,,0.0,,0.0,0.0,,999.0,/players/joey-estes/26257/stats/pitching,P,10,10.0,AL,Joey Estes,683155,26257,26257
HOU,Astros,0,0,0,0,0,0,,0.0,1,0,0,0,0,0,0,,0,5.28637,1.40626,8.79837,4.61226,1.90761,2.01414,0.224897,0.117895,0.10700227320194244,,0.234973,0.257453,0.702511,5.68563,0.0,,0.0,,0.0,0.0,,999.0,/players/roddery-munoz/25311/stats/pitching,P,21,21.0,AL,Roddery Muñoz,682610,25311,25311
LAD,Dodgers,0,0,0,0,0,0,,1.0,5,1,0,0,0,2,0,,0,2.79865,0.979848,11.0501,1.81635,6.08367,0.928476,0.312877,0.051429,0.2614482715725899,,0.210961,0.286315,0.768294,2.6963,8.8,8.8,9.0,9.0,-0.000196133,-0.000823701,,7.019999980926514,/players/tarik-skubal/22267/stats/pitching,P,22,22.0,NL,Tarik Skubal,669373,22267,22267
PIT,Pirates,0,0,0,0,0,0,,1.0,5,1,0,0,0,1,0,,0,2.86488,1.06888,10.6381,2.4139,4.40702,0.774588,0.293979,0.0667071,0.22727234661579132,,0.215774,0.292559,0.762219,2.7873,6.800000000000001,6.800000000000001,7.0,7.0,-0.000196133,-0.000823701,,9.649999618530273,/players/paul-skenes/33677/stats/pitching,P,27,27.0,NL,Paul Skenes,694973,33677,33677
ATL,Braves,0,0,0,0,0,0,,1.0,5,1,0,0,0,2,0,,0,3.02253,1.05493,11.0009,2.13541,5.15165,0.857492,0.303197,0.0588543,0.24434247612953186,,0.219221,0.299464,0.748625,2.801,8.8,8.8,9.0,9.0,-0.000196133,-0.000823701,,39.36000061035156,/players/chris-sale/10603/stats/pitching,P,16,16.0,NL,Chris Sale,519242,10603,10603
PHI,Phillies,0,0,0,0,0,0,,1.0,5,1,0,0,0,1,0,,0,3.04709,1.12607,9.17724,2.11838,4.33219,0.756428,0.250642,0.0578558,0.19278668239712715,,0.23435,0.299095,0.751746,2.95842,6.800000000000001,6.800000000000001,7.0,7.0,-0.000196133,-0.000823701,,24.75,/players/cristopher-sanchez/20778/stats/pitching,P,26,26.0,NL,Cristopher Sánchez,650911,20778,20778
MIL,Brewers,0,0,0,0,0,0,,1.0,4,1,0,0,0,1,0,,0,3.39617,1.0994,11.6635,3.26306,3.57441,0.984867,0.318896,0.0892164,0.22967984527349472,,0.202047,0.279909,0.728423,3.18406,6.800000000000001,6.800000000000001,7.0,7.0,-0.000196133,-0.000823701,,114.13999938964844,/players/jacob-misiorowski/31623/stats/pitching,P,23,23.0,NL,Jacob Misiorowski,694819,31623,31623
LAD,Dodgers,0,0,0,0,0,0,,1.0,5,1,0,0,0,1,0,,0,3.24855,1.06843,9.56286,2.40523,3.97587,0.905003,0.263631,0.0663077,0.19732287526130676,,0.214831,0.273014,0.728823,3.18757,6.800000000000001,6.800000000000001,7.0,7.0,-0.000196133,-0.000823701,,26.639999389648438,/players/yoshinobu-yamamoto/33825/stats/pitching,P,22,22.0,NL,Yoshinobu Yamamoto,808967,33825,33825
LAD,Dodgers,0,0,0,0,0,0,,1.0,3,1,0,0,0,1,0,,0,3.30634,1.18932,11.2656,3.81855,2.95023,0.857134,0.303191,0.102769,0.20042254775762558,,0.208171,0.287707,0.748118,3.19738,6.800000000000001,6.800000000000001,7.0,7.0,-0.000196133,-0.000823701,,178.41000366210938,/players/blake-snell/13543/stats/pitching,P,22,22.0,NL,Blake Snell,605483,13543,13543
TEX,Rangers,0,0,0,0,0,0,,1.0,5,1,0,0,0,1,0,,0,3.29733,1.0621,10.2946,2.23479,4.60649,1.10154,0.286418,0.0621769,0.22424084320664406,,0.218539,0.281336,0.745297,3.21518,6.800000000000001,6.800000000000001,7.0,7.0,-0.000196133,-0.000823701,,50.0099983215332,/players/jacob-degrom/10954/stats/pitching,P,13,13.0,AL,Jacob deGrom,594798,10954,10954
TBR,Rays,0,0,0,0,0,0,,1.0,3,1,0,0,0,1,0,,0,3.52415,1.15613,10.2733,2.72602,3.76861,1.00177,0.279644,0.0742036,0.2054407000541687,,0.227472,0.29699,0.73029,3.25916,6.800000000000001,6.800000000000001,7.0,7.0,-0.000196133,-0.000823701,,149.2100067138672,/players/griffin-jax/20253/stats/pitching,P,12,12.0,AL,Griffin Jax,643377,20253,20253
PHI,Phillies,0,0,0,0,0,0,,1.0,3,1,0,0,0,1,0,,0,3.46006,1.13629,10.2254,2.71302,3.76902,0.987428,0.27841,0.0738682,0.20454221963882446,,0.222931,0.29017,0.731062,3.26438,6.800000000000001,6.800000000000001,7.0,7.0,-0.000196133,-0.000823701,,70.58999633789062,/players/jesus-luzardo/19959/stats/pitching,P,26,26.0,NL,Jesús Luzardo,666200,19959,19959
LAD,Dodgers,0,0,0,0,0,0,,1.0,5,1,0,0,0,1,0,,0,3.50552,1.12428,10.9173,3.24359,3.36582,1.02819,0.299094,0.088862,0.21023153513669968,,0.207922,0.276842,0.726827,3.30689,6.800000000000001,6.800000000000001,7.0,7.0,-0.000196133,-0.000823701,,113.73999786376953,/players/tyler-glasnow/14374/stats/pitching,P,22,22.0,NL,Tyler Glasnow,607192,14374,14374
TBR,Rays,0,0,0,0,0,0,,1.0,5,1,0,0,0,1,0,,0,3.45643,1.10201,8.639,2.08825,4.13695,0.952512,0.237049,0.0573004,0.17974867299199104,,0.230155,0.281531,0.717695,3.36639,6.800000000000001,6.800000000000001,7.0,7.0,-0.000196133,-0.000823701,,132.36000061035156,/players/drew-rasmussen/25385/stats/pitching,P,12,12.0,AL,Drew Rasmussen,656876,25385,25385
PHI,Phillies,0,0,0,0,0,0,,1.0,5,1,0,0,0,1,0,,0,3.34892,1.10335,10.3351,2.60093,3.97361,1.10308,0.282949,0.0712071,0.21174196153879166,,0.21855,0.281758,0.750076,3.39583,6.800000000000001,6.800000000000001,7.0,7.0,-0.000196133,-0.000823701,,110.48999786376953,/players/zack-wheeler/10310/stats/pitching,P,26,26.0,NL,Zack Wheeler,554430,10310,10310
NYY,Yankees,0,0,0,0,0,0,,1.0,4,1,0,0,0,1,0,,0,3.29398,1.17116,8.5082,2.74774,3.09644,0.808321,0.22937,0.0740755,0.1552949622273445,,0.229313,0.283156,0.739736,3.41617,6.800000000000001,6.800000000000001,7.0,7.0,-0.000196133,-0.000823701,,50.04999923706055,/players/max-fried/13743/stats/pitching,P,9,9.0,AL,Max Fried,608331,13743,13743
SEA,Mariners,0,0,0,0,0,0,,1.0,5,1,1,0,0,1,0,,0,3.55207,1.06744,9.85262,2.0721,4.7549,1.22498,0.27268,0.0573471,0.21533267199993134,,0.223421,0.278615,0.728081,3.48482,6.800000000000001,6.800000000000001,7.0,7.0,-0.000196133,-0.000823701,,37.150001525878906,/players/logan-gilbert/22250/stats/pitching,P,11,11.0,AL,Logan Gilbert,669302,22250,22250
NYY,Yankees,0,0,0,0,0,0,,1.0,4,1,0,0,0,1,0,,0,3.53631,1.16818,9.76664,3.01286,3.24164,0.99743,0.263205,0.0811948,0.18200994282960892,,0.222635,0.283657,0.731561,3.51129,6.800000000000001,6.800000000000001,7.0,7.0,-0.000196133,-0.000823701,,116.62999725341797,/players/cameron-schlittler/32095/stats/pitching,P,9,9.0,AL,Cam Schlittler,693645,32095,32095
BOS,Red Sox,0,0,0,0,0,0,,1.0,5,1,0,0,0,1,0,,0,3.64518,1.23156,8.30998,2.6152,3.17757,0.890313,0.220972,0.0695411,0.15143044292926788,,0.244349,0.297682,0.723946,3.5242,6.800000000000001,6.800000000000001,7.0,7.0,-0.000196133,-0.000823701,,183.97999572753906,/players/ranger-suarez/17277/stats/pitching,P,3,3.0,AL,Ranger Suarez,624133,17277,17277
SEA,Mariners,0,0,0,0,0,0,,1.0,4,1,0,0,0,1,0,,0,3.47377,1.04534,9.06008,1.84038,4.92294,1.18541,0.250885,0.0509625,0.1999228522181511,,0.223169,0.269697,0.726881,3.53531,6.800000000000001,6.800000000000001,7.0,7.0,-0.000196133,-0.000823701,,34.77000045776367,/players/bryan-woo/30279/stats/pitching,P,11,11.0,AL,Bryan Woo,693433,30279,30279
BOS,Red Sox,0,0,0,0,0,0,,1.0,5,1,1,0,0,1,0,,0,3.86921,1.19963,9.12411,2.34813,3.88569,1.0951,0.24461,0.0629515,0.1816583275794983,,0.243906,0.301133,0.711501,3.54389,6.800000000000001,6.800000000000001,7.0,7.0,-0.000196133,-0.000823701,,138.08999633789062,/players/sonny-gray/12768/stats/pitching,P,3,3.0,AL,Sonny Gray,543243,12768,12768
TEX,Rangers,0,0,0,0,0,0,,1.0,4,1,0,0,0,1,0,,0,3.64181,1.12251,8.69898,2.21281,3.9312,1.07962,0.237762,0.0604808,0.17728131264448166,,0.231509,0.280239,0.715168,3.56436,6.800000000000001,6.800000000000001,7.0,7.0,-0.000196133,-0.000823701,,132.50999450683594,/players/nathan-eovaldi/9132/stats/pitching,P,13,13.0,AL,Nathan Eovaldi,543135,9132,9132
HOU,Astros,0,0,0,0,0,0,,1.0,5,1,1,0,0,1,0,,0,3.61783,1.21554,9.71054,3.32179,2.92328,0.984258,0.259013,0.0886035,0.17040975391864777,,0.225333,0.287013,0.73285,3.59358,6.800000000000001,6.800000000000001,7.0,7.0,-0.000196133,-0.000823701,,36.189998626708984,/players/hunter-brown/25880/stats/pitching,P,21,21.0,AL,Hunter Brown,686613,25880,25880
MIN,Twins,0,0,0,0,0,0,,1.0,4,1,0,0,0,1,0,,0,3.77189,1.09535,9.77765,2.07398,4.71444,1.26139,0.26746,0.056732,0.21072771027684212,,0.229121,0.284402,0.711584,3.61258,6.800000000000001,6.800000000000001,7.0,7.0,-0.000196133,-0.000823701,,78.52999877929688,/players/joe-ryan/21390/stats/pitching,P,8,8.0,AL,Joe Ryan,657746,21390,21390
CLE,Guardians,0,0,0,0,0,0,,1.0,5,1,1,0,0,1,0,,0,3.71794,1.2192,10.229,3.36121,3.04325,1.08204,0.272832,0.0896517,0.18318071216344833,,0.225184,0.290324,0.732882,3.62223,6.800000000000001,6.800000000000001,7.0,7.0,-0.000196133,-0.000823701,,144.74000549316406,/players/gavin-williams/30122/stats/pitching,P,5,5.0,AL,Gavin Williams,668909,30122,30122
LAA,Angels,0,0,0,0,0,0,,1.0,5,1,1,0,0,1,0,,0,4.02566,1.1943,9.89841,2.90752,3.40441,1.12516,0.265134,0.0778795,0.18725448101758957,,0.230411,0.291904,0.694718,3.62869,6.800000000000001,6.800000000000001,7.0,7.0,-0.000196133,-0.000823701,,350.4599914550781,/players/reid-detmers/27468/stats/pitching,P,1,1.0,AL,Reid Detmers,672282,27468,27468
SEA,Mariners,0,0,0,0,0,0,,1.0,5,1,1,1,0,1,0,,0,3.87379,1.17705,8.32887,1.8925,4.40098,1.12855,0.224229,0.0509499,0.1732795424759388,,0.249417,0.297802,0.708141,3.63466,6.800000000000001,6.800000000000001,7.0,7.0,-0.000196133,-0.000823701,,64.58000183105469,/players/george-kirby/25436/stats/pitching,P,11,11.0,AL,George Kirby,669923,25436,25436
DET,Tigers,0,0,0,0,0,0,,1.0,5,1,1,0,0,1,0,,0,3.73999,1.27568,7.84802,3.05111,2.57219,0.772724,0.205953,0.0800693,0.12588372826576233,,0.243502,0.29452,0.713118,3.63639,6.800000000000001,6.800000000000001,7.0,7.0,-0.000196133,-0.000823701,,81.13999938964844,/players/framber-valdez/17295/stats/pitching,P,6,6.0,AL,Framber Valdez,664285,17295,17295
NYM,Mets,0,0,0,0,0,0,,1.0,5,1,1,0,0,1,0,,0,3.60245,1.22446,9.36758,3.37281,2.77738,0.921119,0.247764,0.0892079,0.15855640918016434,,0.226002,0.28563,0.730115,3.67483,6.800000000000001,6.800000000000001,7.0,7.0,-0.000196133,-0.000823701,,87.29000091552734,/players/nolan-mclean/33703/stats/pitching,P,25,25.0,NL,Nolan McLean,690997,33703,33703
CHC,Cubs,0,0,0,0,0,0,,1.0,5,1,1,0,0,1,0,,0,3.8608,1.20172,8.9115,2.59166,3.43853,1.14606,0.239826,0.0697468,0.17007949948310852,,0.238969,0.290593,0.718593,3.69215,6.800000000000001,6.800000000000001,7.0,7.0,-0.000196133,-0.000823701,,112.94999694824219,/players/kevin-gausman/14107/stats/pitching,P,17,17.0,NL,Kevin Gausman,592332,14107,14107
CLE,Guardians,0,0,0,0,0,0,,1.0,5,1,1,0,0,1,0,,0,3.75751,1.23248,8.52609,2.76716,3.08117,1.00033,0.226552,0.073528,0.15302423387765884,,0.241203,0.293125,0.723088,3.69219,6.800000000000001,6.800000000000001,7.0,7.0,-0.000196133,-0.000823701,,294.17999267578125,/players/parker-messick/31986/stats/pitching,P,5,5.0,AL,Parker Messick,800048,31986,31986
WSN,Nationals,0,0,0,0,0,0,,1.0,5,1,1,0,0,1,0,,0,3.81456,1.25921,8.96526,2.89415,3.09771,0.976284,0.234928,0.0758391,0.15908857434988022,,0.243692,0.302281,0.721109,3.69788,6.800000000000001,6.800000000000001,7.0,7.0,-0.000196133,-0.000823701,,305.2200012207031,/players/cade-cavalli/27473/stats/pitching,P,24,24.0,NL,Cade Cavalli,676917,27473,27473
TEX,Rangers,0,0,0,0,0,0,,1.0,5,1,1,0,0,1,0,,0,3.9397,1.26142,9.79787,3.43594,2.85158,1.06521,0.258415,0.0906216,0.16779322177171707,,0.232119,0.294773,0.716982,3.73311,6.800000000000001,6.800000000000001,7.0,7.0,-0.000196133,-0.000823701,,164.82000732421875,/players/mackenzie-gore/22201/stats/pitching,P,13,13.0,AL,MacKenzie Gore,669022,22201,22201
NYY,Yankees,0,0,0,0,0,0,,1.0,5,1,1,0,0,1,0,,0,3.9063,1.17573,9.07627,2.51622,3.60711,1.19622,0.244886,0.0678898,0.17699583619832993,,0.235659,0.286786,0.711314,3.75949,6.800000000000001,6.800000000000001,7.0,7.0,-0.000196133,-0.000823701,,232.89999389648438,/players/gerrit-cole/13125/stats/pitching,P,9,9.0,AL,Gerrit Cole,543037,13125,13125
MIA,Marlins,0,0,0,0,0,0,,1.0,4,1,0,0,0,1,0,,0,3.91128,1.177,9.99658,3.27903,3.04864,1.15026,0.268975,0.0882279,0.18074728548526764,,0.218301,0.275692,0.705984,3.76282,6.800000000000001,6.800000000000001,7.0,7.0,-0.000196133,-0.000823701,,78.6500015258789,/players/eury-perez/27768/stats/pitching,P,20,20.0,NL,Eury Pérez,691587,27768,27768
TOR,Blue Jays,0,0,0,0,0,0,,1.0,5,1,1,0,0,1,1,,0,3.68677,1.31149,8.70639,3.90574,2.22913,0.806446,0.226611,0.101659,0.12495172768831253,,0.231688,0.288557,0.730352,3.77652,3.8000000000000003,3.8000000000000003,4.0,4.0,-0.000196133,-0.000823701,,321.80999755859375,/players/jose-soriano/22100/stats/pitching,P,14,14.0,AL,José Soriano,667755,22100,22100
SDP,Padres,0,0,0,0,0,0,,1.0,5,1,1,0,0,1,0,,0,3.88292,1.15958,10.0238,2.6802,3.73993,1.36137,0.272234,0.0727913,0.19944288581609726,,0.22848,0.283438,0.728655,3.79935,6.800000000000001,6.800000000000001,7.0,7.0,-0.000196133,-0.000823701,,96.01000213623047,/players/nick-pivetta/15454/stats/pitching,P,29,29.0,NL,Nick Pivetta,601713,15454,15454
NYY,Yankees,0,0,0,0,0,0,,1.0,3,1,0,0,0,1,0,,0,4.00004,1.34088,7.985,3.70817,2.15335,0.780349,0.206913,0.096089,0.11082427948713303,,0.241963,0.293954,0.703394,3.80211,6.800000000000001,6.800000000000001,7.0,7.0,-0.000196133,-0.000823701,,748.5700073242188,/players/elmer-rodriguez/31811/stats/pitching,P,9,9.0,AL,Elmer Rodríguez,695684,31811,31811
MIN,Twins,0,0,0,0,0,0,,1.0,4,1,0,0,0,1,0,,0,4.00069,1.32164,8.93508,3.41862,2.61365,0.975721,0.232016,0.088771,0.1432451531291008,,0.244507,0.30298,0.71672,3.8076,6.800000000000001,6.800000000000001,7.0,7.0,-0.000196133,-0.000823701,,999.0,/players/connor-prielipp/31857/stats/pitching,P,8,8.0,AL,Connor Prielipp,687570,31857,31857
PIT,Pirates,0,0,0,0,0,0,,1.0,4,1,0,0,0,1,0,,0,3.97419,1.24679,9.55519,3.16238,3.02152,1.13462,0.252668,0.0836227,0.16904495656490326,,0.23538,0.29405,0.716453,3.81115,6.800000000000001,6.800000000000001,7.0,7.0,-0.000196133,-0.000823701,,714.77001953125,/players/jared-jones/27863/stats/pitching,P,27,27.0,NL,Jared Jones,683003,27863,27863
MIL,Brewers,0,0,0,0,0,0,,1.0,4,1,0,0,0,1,0,,0,3.92262,1.13504,9.68408,2.51426,3.85166,1.33761,0.263748,0.0684764,0.19527126848697662,,0.227231,0.278254,0.713396,3.82442,6.800000000000001,6.800000000000001,7.0,7.0,-0.000196133,-0.000823701,,413.3999938964844,/players/logan-henderson/31475/stats/pitching,P,23,23.0,NL,Logan Henderson,701656,31475,31475
BOS,Red Sox,0,0,0,0,0,0,,1.0,4,1,0,0,0,1,0,,0,3.88954,1.18606,9.45012,2.81015,3.36286,1.24356,0.254176,0.0755832,0.17859230935573578,,0.230936,0.283417,0.721635,3.84024,6.800000000000001,6.800000000000001,7.0,7.0,-0.000196133,-0.000823701,,673.0,/players/payton-tolle/35466/stats/pitching,P,3,3.0,AL,Payton Tolle,801139,35466,35466
CHC,Cubs,0,0,0,0,0,0,,1.0,4,1,0,0,0,1,0,,0,3.76562,1.30605,7.42678,3.30942,2.24413,0.779189,0.193215,0.0860978,0.10711699724197388,,0.243823,0.290043,0.718463,3.84467,6.800000000000001,6.800000000000001,7.0,7.0,-0.000196133,-0.000823701,,330.6300048828125,/players/clay-holmes/13649/stats/pitching,P,17,17.0,NL,Clay Holmes,605280,13649,13649
CLE,Guardians,0,0,0,0,0,0,,1.0,4,1,0,0,0,1,0,,0,4.03972,1.23955,8.25105,2.58174,3.19593,1.1138,0.218406,0.0683388,0.15006696432828903,,0.246638,0.293723,0.704929,3.88233,6.800000000000001,6.800000000000001,7.0,7.0,-0.000196133,-0.000823701,,999.0,/players/foster-griffin/16432/stats/pitching,P,5,5.0,AL,Foster Griffin,656492,16432,16432
BOS,Red Sox,0,0,0,0,0,0,,1.0,3,1,0,0,0,1,0,,0,4.11458,1.26255,7.03871,2.35617,2.98736,1.01401,0.18561,0.0621318,0.1234779916703701,,0.255899,0.294458,0.692986,3.91125,6.800000000000001,6.800000000000001,7.0,7.0,-0.000196133,-0.000823701,,999.0,/players/jake-bennett/31959/stats/pitching,P,3,3.0,AL,Jake Bennett,687562,31959,31959
CHC,Cubs,0,0,0,0,0,0,,1.0,4,1,0,0,0,1,0,,0,4.0094,1.36541,7.91915,3.54425,2.23436,0.864141,0.20366,0.0911491,0.1125110536813736,,0.25058,0.301771,0.715833,3.91986,6.800000000000001,6.800000000000001,7.0,7.0,-0.000196133,-0.000823701,,452.0400085449219,/players/david-peterson/20302/stats/pitching,P,17,17.0,NL,David Peterson,656849,20302,20302
CLE,Guardians,0,0,0,0,0,0,,1.0,5,1,1,0,0,1,0,,0,4.05327,1.33453,9.35225,3.90096,2.39743,1.03704,0.242952,0.101339,0.14161335676908493,,0.236439,0.295802,0.720249,3.9201,6.800000000000001,6.800000000000001,7.0,7.0,-0.000196133,-0.000823701,,270.80999755859375,/players/joey-cantillo/23335/stats/pitching,P,5,5.0,AL,Joey Cantillo,676282,23335,23335
BAL,Orioles,0,0,0,0,0,0,,1.0,5,1,1,1,0,1,0,,0,3.94273,1.24458,7.822,2.75147,2.84285,1.0623,0.207437,0.0729681,0.13446896523237228,,0.243932,0.28683,0.711925,3.9212,6.800000000000001,6.800000000000001,7.0,7.0,-0.000196133,-0.000823701,,146.07000732421875,/players/trevor-rogers/22286/stats/pitching,P,2,2.0,AL,Trevor Rogers,669432,22286,22286
MIN,Twins,0,0,0,0,0,0,,1.0,4,1,1,1,0,1,0,,0,4.24134,1.2808,9.36338,3.38255,2.76815,1.17726,0.246189,0.0889364,0.15725252032279968,,0.237214,0.292822,0.700175,3.95492,6.800000000000001,6.800000000000001,7.0,7.0,-0.000196133,-0.000823701,,492.4599914550781,/players/taj-bradley/22543/stats/pitching,P,8,8.0,AL,Taj Bradley,671737,22543,22543
MIL,Brewers,0,0,0,0,0,0,,1.0,5,1,1,0,0,1,0,,0,4.04087,1.29374,8.9246,3.32812,2.68157,1.08967,0.232991,0.0868861,0.1461053565144539,,0.240991,0.295039,0.716676,3.95932,6.800000000000001,6.800000000000001,7.0,7.0,-0.000196133,-0.000823701,,999.0,/players/shane-drohan/27814/stats/pitching,P,23,23.0,NL,Shane Drohan,675660,27814,27814
TBR,Rays,0,0,0,0,0,0,,1.0,4,1,0,0,0,1,0,,0,4.05027,1.17577,9.31727,2.69987,3.45101,1.30032,0.250201,0.0725008,0.17770032584667206,,0.231335,0.280618,0.705299,3.96572,6.800000000000001,6.800000000000001,7.0,7.0,-0.000196133,-0.000823701,,521.1400146484375,/players/ian-seymour/27932/stats/pitching,P,12,12.0,AL,Ian Seymour,693855,27932,27932
PIT,Pirates,0,0,0,0,0,0,,1.0,4,1,1,0,0,1,0,,0,4.15179,1.33864,7.27491,3.00493,2.42099,0.947937,0.188403,0.0778206,0.11058243364095688,,0.256659,0.2997,0.702844,3.98179,6.800000000000001,6.800000000000001,7.0,7.0,-0.000196133,-0.000823701,,745.6199951171875,/players/carmen-mlodzinski/27572/stats/pitching,P,27,27.0,NL,Carmen Mlodzinski,669387,27572,27572
DET,Tigers,0,0,0,0,0,0,,1.0,4,1,0,0,0,1,0,,0,4.13985,1.30615,9.35055,3.62365,2.58042,1.10426,0.24336,0.0943101,0.14904983341693878,,0.236925,0.294442,0.71067,3.98645,6.800000000000001,6.800000000000001,7.0,7.0,-0.000196133,-0.000823701,,999.0,/players/drew-anderson/15130/stats/pitching,P,6,6.0,AL,Drew Anderson,623454,15130,15130
MIN,Twins,0,0,0,0,0,0,,1.0,3,1,0,0,0,1,0,,0,4.20437,1.25715,8.47228,2.40887,3.51712,1.28937,0.223743,0.0636155,0.1601279079914093,,0.253493,0.300208,0.709245,3.99368,6.800000000000001,6.800000000000001,7.0,7.0,-0.000196133,-0.000823701,,488.6400146484375,/players/zebby-matthews/31827/stats/pitching,P,8,8.0,AL,Zebby Matthews,805673,31827,31827
BAL,Orioles,0,0,0,0,0,0,,1.0,5,1,1,1,0,1,0,,0,4.10265,1.25579,8.44784,2.97623,2.83844,1.16401,0.222777,0.0784855,0.1442910060286522,,0.241022,0.287254,0.707439,4.03194,6.800000000000001,6.800000000000001,7.0,7.0,-0.000196133,-0.000823701,,186.92999267578125,/players/shane-baz/22264/stats/pitching,P,2,2.0,AL,Shane Baz,669358,22264,22264
STL,Cardinals,0,0,0,0,0,0,,1.0,4,1,1,0,0,1,0,,0,4.33455,1.39772,6.40046,3.19332,2.00433,0.838173,0.164005,0.0818253,0.08217957615852356,,0.263832,0.301648,0.68981,4.04063,6.800000000000001,6.800000000000001,7.0,7.0,-0.000196133,-0.000823701,,999.0,/players/andre-pallante/26108/stats/pitching,P,28,28.0,NL,Andre Pallante,669467,26108,26108
SDP,Padres,0,0,0,0,0,0,,1.0,5,1,1,0,0,1,0,,0,3.90491,1.2629,8.79598,3.28922,2.67418,1.14683,0.231609,0.0866092,0.1449994072318077,,0.235706,0.284906,0.729636,4.04113,6.800000000000001,6.800000000000001,7.0,7.0,-0.000196133,-0.000823701,,129.55999755859375,/players/michael-king/19853/stats/pitching,P,29,29.0,NL,Michael King,650633,19853,19853
SFG,Giants,0,0,0,0,0,0,,1.0,4,1,0,0,0,1,0,,0,4.23529,1.29412,7.41176,2.64706,2.8,1.05882,0.194444,0.0694444,0.1250000074505806,,0.257576,0.3,0.677083,4.04347,6.800000000000001,6.800000000000001,7.0,7.0,-0.000196133,-0.000823701,,999.0,/players/duncan-davitt/31886/stats/pitching,P,30,30.0,NL,Duncan Davitt,701474,31886,31886
NYM,Mets,0,0,0,0,0,0,,1.0,3,1,0,0,0,1,0,,0,4.25723,1.18576,7.62847,1.96919,3.87391,1.3074,0.205406,0.0530228,0.1523827463388443,,0.249412,0.284907,0.683644,4.04418,6.800000000000001,6.800000000000001,7.0,7.0,-0.000196133,-0.000823701,,999.0,/players/justin-hagenman/21546/stats/pitching,P,25,25.0,NL,Justin Hagenman,663795,21546,21546
STL,Cardinals,0,0,0,0,0,0,,1.0,4,1,0,0,0,1,0,,0,4.34872,1.34552,7.66897,3.09372,2.47889,1.03893,0.198364,0.0800216,0.118342824280262,,0.256093,0.301043,0.692886,4.05044,6.800000000000001,6.800000000000001,7.0,7.0,-0.000196133,-0.000823701,,733.6699829101562,/players/kyle-leahy/24763/stats/pitching,P,28,28.0,NL,Kyle Leahy,681517,24763,24763
LAA,Angels,0,0,0,0,0,0,,1.0,4,1,0,0,0,1,0,,0,4.27874,1.31016,8.81025,3.18339,2.76757,1.17831,0.229359,0.0828739,0.146485336124897,,0.247371,0.299471,0.704078,4.05126,6.800000000000001,6.800000000000001,7.0,7.0,-0.000196133,-0.000823701,,397.1099853515625,/players/grayson-rodriguez/24492/stats/pitching,P,1,1.0,AL,Grayson Rodriguez,680570,24492,24492
STL,Cardinals,0,0,0,0,0,0,,1.0,4,1,1,1,0,1,0,,0,4.38127,1.31816,7.90816,2.80996,2.81433,1.14359,0.205795,0.073124,0.1326710507273674,,0.256792,0.301854,0.691961,4.05384,6.800000000000001,6.800000000000001,7.0,7.0,-0.000196133,-0.000823701,,410.2300109863281,/players/matthew-liberatore/22294/stats/pitching,P,28,28.0,NL,Matthew Liberatore,669461,22294,22294
CHC,Cubs,0,0,0,0,0,0,,1.0,5,1,1,0,0,1,0,,0,4.0667,1.23414,7.97226,2.59713,3.06964,1.19228,0.211416,0.0688732,0.14254248142242432,,0.245248,0.286574,0.708507,4.0558,6.800000000000001,6.800000000000001,7.0,7.0,-0.000196133,-0.000823701,,212.75999450683594,/players/matthew-boyd/15440/stats/pitching,P,17,17.0,NL,Matthew Boyd,571510,15440,15440
ARI,Diamondbacks,0,0,0,0,0,0,,1.0,5,1,1,1,0,1,0,,0,4.24482,1.27657,8.62802,3.0652,2.81483,1.14622,0.225067,0.0799578,0.14510955661535263,,0.243369,0.292988,0.695559,4.08104,6.800000000000001,6.800000000000001,7.0,7.0,-0.000196133,-0.000823701,,710.3599853515625,/players/michael-soroka/18383/stats/pitching,P,15,15.0,NL,Michael Soroka,647336,18383,18383
ATL,Braves,0,0,0,0,0,0,,1.0,5,1,1,1,0,1,0,,0,4.04673,1.27109,7.952,2.97997,2.66848,1.14533,0.209581,0.0785392,0.1310412660241127,,0.244152,0.286253,0.715833,4.08711,6.800000000000001,6.800000000000001,7.0,7.0,-0.000196133,-0.000823701,,322.7200012207031,/players/tyler-mahle/16358/stats/pitching,P,16,16.0,NL,Tyler Mahle,641816,16358,16358
NYY,Yankees,0,0,0,0,0,0,,1.0,4,1,1,0,0,1,0,,0,4.32106,1.31571,8.83762,3.16993,2.78796,1.22832,0.230188,0.0825651,0.147622749209404,,0.248741,0.300182,0.705866,4.0898,6.800000000000001,6.800000000000001,7.0,7.0,-0.000196133,-0.000823701,,285.04998779296875,/players/will-warren/30182/stats/pitching,P,9,9.0,AL,Will Warren,701542,30182,30182
BOS,Red Sox,0,0,0,0,0,0,,1.0,4,1,0,0,0,1,0,,0,4.29677,1.34177,7.24605,3.02658,2.39414,0.984119,0.186704,0.077984,0.10872045904397964,,0.256594,0.298303,0.692225,4.09457,6.800000000000001,6.800000000000001,7.0,7.0,-0.000196133,-0.000823701,,421.4100036621094,/players/brayan-bello/23920/stats/pitching,P,3,3.0,AL,Brayan Bello,678394,23920,23920
TBR,Rays,0,0,0,0,0,0,,1.0,5,1,1,0,0,1,0,,0,4.0335,1.22364,9.30299,3.21631,2.89244,1.28007,0.247272,0.0854889,0.16178294271230698,,0.229398,0.278437,0.718875,4.09598,6.800000000000001,6.800000000000001,7.0,7.0,-0.000196133,-0.000823701,,56.36000061035156,/players/freddy-peralta/18679/stats/pitching,P,12,12.0,AL,Freddy Peralta,642547,18679,18679
PIT,Pirates,0,0,0,0,0,0,,1.0,4,1,0,0,0,1,0,,0,4.23027,1.32102,8.37803,3.56006,2.35334,1.04541,0.216935,0.0921815,0.12475325167179108,,0.24096,0.289691,0.699342,4.10172,6.800000000000001,6.800000000000001,7.0,7.0,-0.000196133,-0.000823701,,150.00999450683594,/players/bubba-chandler/29868/stats/pitching,P,27,27.0,NL,Bubba Chandler,696149,29868,29868
CHW,White Sox,0,0,0,0,0,0,,1.0,3,1,0,0,0,1,0,,0,4.5,1.3125,7.875,2.8125,2.8,1.125,0.205882,0.0735294,0.13235294073820114,,0.258065,0.304348,0.714286,4.1023,6.800000000000001,6.800000000000001,7.0,7.0,-0.000196133,-0.000823701,,999.0,/players/david-sandlin/31743/stats/pitching,P,4,4.0,AL,David Sandlin,689818,31743,31743
NYY,Yankees,0,0,0,0,0,0,,1.0,4,1,1,0,0,1,0,,0,4.09133,1.24361,9.4222,3.56515,2.64286,1.22774,0.249368,0.0943552,0.15501251816749573,,0.225545,0.276233,0.712016,4.10421,6.800000000000001,6.800000000000001,7.0,7.0,-0.000196133,-0.000823701,,202.3000030517578,/players/carlos-rodon/16137/stats/pitching,P,9,9.0,AL,Carlos Rodón,607074,16137,16137
LAD,Dodgers,0,0,0,0,0,0,,1.0,5,1,1,1,0,1,0,,0,4.28138,1.26969,8.04153,2.67459,3.00664,1.2611,0.212272,0.0706011,0.14167121052742004,,0.250486,0.292182,0.701074,4.11702,6.800000000000001,6.800000000000001,7.0,7.0,-0.000196133,-0.000823701,,650.3499755859375,/players/justin-wrobleski/31204/stats/pitching,P,22,22.0,NL,Justin Wrobleski,680736,31204,31204
WSN,Nationals,0,0,0,0,0,0,,1.0,4,1,0,0,0,1,0,,0,4.06755,1.37682,7.3735,3.74968,1.96643,0.882309,0.189183,0.0962063,0.09297696501016617,,0.248098,0.29197,0.714414,4.11944,6.800000000000001,6.800000000000001,7.0,7.0,-0.000196133,-0.000823701,,999.0,/players/andrew-alvarez/29914/stats/pitching,P,24,24.0,NL,Andrew Alvarez,674841,29914,29914
BOS,Red Sox,0,0,0,0,0,0,,1.0,4,1,0,0,0,1,0,,0,4.29814,1.41812,8.34187,4.01207,2.07919,0.989236,0.212131,0.102026,0.11010550707578659,,0.250451,0.303077,0.711116,4.13848,6.800000000000001,6.800000000000001,7.0,7.0,-0.000196133,-0.000823701,,999.0,/players/patrick-sandoval/19447/stats/pitching,P,3,3.0,AL,Patrick Sandoval,663776,19447,19447
KCR,Royals,0,0,0,0,0,0,,1.0,5,1,1,1,0,1,0,,0,4.35904,1.28126,7.05513,2.58926,2.72477,1.13613,0.185463,0.0680656,0.11739768087863922,,0.254527,0.289743,0.683373,4.14508,6.800000000000001,6.800000000000001,7.0,7.0,-0.000196133,-0.000823701,,609.2899780273438,/players/michael-wacha/14078/stats/pitching,P,7,7.0,AL,Michael Wacha,608379,14078,14078
SEA,Mariners,0,0,0,0,0,0,,1.0,4,1,0,0,0,1,0,,0,4.15339,1.20275,8.43701,2.63605,3.20063,1.33431,0.225791,0.0705457,0.15524518489837646,,0.238122,0.278437,0.704521,4.14738,6.800000000000001,6.800000000000001,7.0,7.0,-0.000196133,-0.000823701,,341.6000061035156,/players/bryce-miller/29837/stats/pitching,P,11,11.0,AL,Bryce Miller,682243,29837,29837
PHI,Phillies,0,0,0,0,0,0,,1.0,5,1,1,1,0,1,0,,0,4.3088,1.2612,9.0206,2.66705,3.38224,1.42849,0.23842,0.0704916,0.16792792826890945,,0.249031,0.29709,0.713012,4.14939,6.800000000000001,6.800000000000001,7.0,7.0,-0.000196133,-0.000823701,,205.52999877929688,/players/aaron-nola/16149/stats/pitching,P,26,26.0,NL,Aaron Nola,605400,16149,16149
STL,Cardinals,0,0,0,0,0,0,,1.0,5,1,1,1,0,1,0,,0,4.32143,1.31442,6.17229,2.28903,2.69646,1.0778,0.161046,0.059725,0.10132111608982086,,0.267018,0.297147,0.691084,4.15266,6.800000000000001,6.800000000000001,7.0,7.0,-0.000196133,-0.000823701,,715.3800048828125,/players/michael-mcgreevy/29869/stats/pitching,P,28,28.0,NL,Michael McGreevy,700241,29869,29869
CLE,Guardians,0,0,0,0,0,0,,1.0,5,1,1,1,0,1,0,,0,4.16527,1.24744,8.02499,2.6523,3.02567,1.26285,0.212195,0.0701314,0.14206337183713913,,0.246649,0.286999,0.70827,4.16118,6.800000000000001,6.800000000000001,7.0,7.0,-0.000196133,-0.000823701,,188.6300048828125,/players/tanner-bibee/30134/stats/pitching,P,5,5.0,AL,Tanner Bibee,676440,30134,30134
NYM,Mets,0,0,0,0,0,0,,1.0,5,1,1,1,0,1,0,,0,4.32241,1.21803,8.95369,2.78021,3.22051,1.33996,0.237254,0.0736697,0.16358400136232376,,0.238044,0.28416,0.689388,4.17036,6.800000000000001,6.800000000000001,7.0,7.0,-0.000196133,-0.000823701,,423.3599853515625,/players/sean-manaea/15873/stats/pitching,P,25,25.0,NL,Sean Manaea,640455,15873,15873
LAA,Angels,0,0,0,0,0,0,,1.0,5,1,1,1,0,1,0,,0,4.25298,1.33937,9.0386,3.29722,2.74128,1.29544,0.234329,0.0854814,0.14884749054908752,,0.250582,0.303159,0.725685,4.1733,6.800000000000001,6.800000000000001,7.0,7.0,-0.000196133,-0.000823701,,506.57000732421875,/players/yusei-kikuchi/20633/stats/pitching,P,1,1.0,AL,Yusei Kikuchi,579328,20633,20633
MIN,Twins,0,0,0,0,0,0,,1.0,4,1,1,0,0,1,0,,0,4.34392,1.28807,8.04576,2.97698,2.70266,1.22446,0.211269,0.0781707,0.1330983117222786,,0.247537,0.289449,0.695558,4.17547,6.800000000000001,6.800000000000001,7.0,7.0,-0.000196133,-0.000823701,,999.0,/players/dean-kremer/19350/stats/pitching,P,8,8.0,AL,Dean Kremer,665152,19350,19350
TEX,Rangers,0,0,0,0,0,0,,1.0,5,1,1,1,0,1,0,,0,4.3643,1.21395,6.96539,1.9896,3.50091,1.27908,0.186009,0.0531317,0.1328774020075798,,0.254397,0.284837,0.67672,4.17553,6.800000000000001,6.800000000000001,7.0,7.0,-0.000196133,-0.000823701,,999.0,/players/cody-bradford/27597/stats/pitching,P,13,13.0,AL,Cody Bradford,674003,27597,27597
KCR,Royals,0,0,0,0,0,0,,1.0,5,1,1,1,0,1,0,,0,4.24592,1.30178,7.61406,2.9149,2.61212,1.16539,0.199097,0.0762204,0.12287639826536179,,0.251524,0.29131,0.70414,4.17759,6.800000000000001,6.800000000000001,7.0,7.0,-0.000196133,-0.000823701,,298.0,/players/noah-cameron/30184/stats/pitching,P,7,7.0,AL,Noah Cameron,702070,30184,30184
TOR,Blue Jays,0,0,0,0,0,0,,1.0,4,1,0,0,0,1,0,,0,4.20365,1.31386,9.45178,4.01174,2.35603,1.20916,0.246658,0.104692,0.14196617156267166,,0.229774,0.282917,0.716109,4.18723,6.800000000000001,6.800000000000001,7.0,7.0,-0.000196133,-0.000823701,,194.2899932861328,/players/trey-yesavage/35456/stats/pitching,P,14,14.0,AL,Trey Yesavage,702056,35456,35456
TEX,Rangers,0,0,0,0,0,0,,1.0,4,1,1,0,0,1,0,,0,4.35519,1.3248,7.99412,3.30621,2.41791,1.12403,0.207447,0.0857957,0.121650829911232,,0.247564,0.291681,0.694646,4.19237,6.800000000000001,6.800000000000001,7.0,7.0,-0.000196133,-0.000823701,,720.72998046875,/players/kumar-rocker/31843/stats/pitching,P,13,13.0,AL,Kumar Rocker,677958,31843,31843
MIL,Brewers,0,0,0,0,0,0,,1.0,4,1,1,0,0,1,0,,0,4.17526,1.28649,8.58545,3.34338,2.5679,1.16472,0.223607,0.0870777,0.13652903586626053,,0.239216,0.286538,0.707701,4.20023,6.800000000000001,6.800000000000001,7.0,7.0,-0.000196133,-0.000823701,,414.6700134277344,/players/dustin-may/19716/stats/pitching,P,23,23.0,NL,Dustin May,669160,19716,19716
NYM,Mets,0,0,0,0,0,0,,1.0,4,1,1,0,0,1,0,,0,4.29022,1.35539,9.08319,4.11958,2.20488,1.1565,0.23512,0.106636,0.12848427146673203,,0.235751,0.288084,0.712254,4.20868,6.800000000000001,6.800000000000001,7.0,7.0,-0.000196133,-0.000823701,,722.8099975585938,/players/jonah-tong/32157/stats/pitching,P,25,25.0,NL,Jonah Tong,804636,32157,32157
CHC,Cubs,0,0,0,0,0,0,,1.0,5,1,1,1,0,1,0,,0,4.01366,1.13612,8.53978,2.00057,4.26867,1.56646,0.232473,0.0544604,0.17801301926374435,,0.23867,0.273392,0.729877,4.22548,6.800000000000001,6.800000000000001,7.0,7.0,-0.000196133,-0.000823701,,157.92999267578125,/players/shota-imanaga/33829/stats/pitching,P,17,17.0,NL,Shota Imanaga,684007,33829,33829
WSN,Nationals,0,0,0,0,0,0,,1.0,5,1,1,0,0,1,1,,0,4.03448,1.31034,9.93103,4.34483,2.28571,1.24138,0.260163,0.113821,0.1463414803147316,,0.222222,0.277778,0.740741,4.24023,3.8000000000000003,3.8000000000000003,4.0,4.0,-0.000196133,-0.000823701,,999.0,/players/dj-herz/26389/stats/pitching,P,24,24.0,NL,DJ Herz,687792,26389,26389
CHW,White Sox,0,0,0,0,0,0,,1.0,4,1,1,1,0,1,0,,0,4.33233,1.31398,7.33553,2.9395,2.4955,1.1322,0.190607,0.0763802,0.11422653496265411,,0.253342,0.291413,0.694946,4.24386,6.800000000000001,6.800000000000001,7.0,7.0,-0.000196133,-0.000823701,,999.0,/players/davis-martin/21448/stats/pitching,P,4,4.0,AL,Davis Martin,663436,21448,21448
ARI,Diamondbacks,0,0,0,0,0,0,,1.0,4,1,1,0,0,1,0,,0,4.50125,1.34557,7.86112,2.98051,2.63751,1.27948,0.203912,0.0773124,0.12659981101751328,,0.258487,0.299865,0.699445,4.2808,6.800000000000001,6.800000000000001,7.0,7.0,-0.000196133,-0.000823701,,222.69000244140625,/players/zac-gallen/19291/stats/pitching,P,15,15.0,NL,Zac Gallen,668678,19291,19291
MIA,Marlins,0,0,0,0,0,0,,1.0,4,1,1,1,0,1,0,,0,4.63197,1.33147,6.33485,2.27943,2.77914,1.18734,0.164504,0.0591926,0.10531169548630714,,0.270347,0.300175,0.673239,4.28125,6.800000000000001,6.800000000000001,7.0,7.0,-0.000196133,-0.000823701,,999.0,/players/janson-junk/23301/stats/pitching,P,20,20.0,NL,Janson Junk,676083,23301,23301
CIN,Reds,0,0,0,0,0,0,,1.0,5,1,1,1,0,1,0,,0,4.33332,1.24772,8.57836,2.61311,3.28282,1.34853,0.223421,0.0680575,0.15536312013864517,,0.246355,0.290151,0.697888,4.28395,6.800000000000001,6.800000000000001,7.0,7.0,-0.000196133,-0.000823701,,127.94999694824219,/players/nick-lodolo/26378/stats/pitching,P,18,18.0,NL,Nick Lodolo,666157,26378,26378
ARI,Diamondbacks,0,0,0,0,0,0,,1.0,5,1,1,1,0,1,0,,0,4.49175,1.37936,7.45643,3.10227,2.40354,1.22112,0.192337,0.0800222,0.11231449246406555,,0.262295,0.301623,0.70361,4.29768,6.800000000000001,6.800000000000001,7.0,7.0,-0.000196133,-0.000823701,,738.219970703125,/players/eduardo-rodriguez/13164/stats/pitching,P,15,15.0,NL,Eduardo Rodriguez,593958,13164,13164
ARI,Diamondbacks,0,0,0,0,0,0,,1.0,5,1,1,1,0,1,0,,0,4.6719,1.30253,7.28147,2.18597,3.331,1.35436,0.190046,0.0570535,0.1329919882118702,,0.266936,0.302035,0.676181,4.30301,6.800000000000001,6.800000000000001,7.0,7.0,-0.000196133,-0.000823701,,588.5999755859375,/players/brandon-pfaadt/27782/stats/pitching,P,15,15.0,NL,Brandon Pfaadt,694297,27782,27782
MIL,Brewers,0,0,0,0,0,0,,1.0,4,1,0,0,0,1,0,,0,4.21067,1.26607,8.35761,2.90493,2.87705,1.28626,0.218141,0.0758211,0.14231975376605988,,0.244804,0.287726,0.710644,4.31405,6.800000000000001,6.800000000000001,7.0,7.0,-0.000196133,-0.000823701,,748.5800170898438,/players/robert-gasser/29812/stats/pitching,P,23,23.0,NL,Robert Gasser,688107,29812,29812
ATL,Braves,0,0,0,0,0,0,,1.0,5,1,1,1,0,1,0,,0,4.43971,1.36645,8.22486,3.60518,2.2814,1.21198,0.211498,0.0927051,0.11879264563322067,,0.249202,0.29399,0.704846,4.36045,6.800000000000001,6.800000000000001,7.0,7.0,-0.000196133,-0.000823701,,369.45001220703125,/players/grant-holmes/16944/stats/pitching,P,16,16.0,NL,Grant Holmes,656550,16944,16944
SFG,Giants,0,0,0,0,0,0,,1.0,3,1,0,0,0,1,0,,0,4.47226,1.30864,8.81957,3.64542,2.41935,1.30089,0.22703,0.0938392,0.13319110870361328,,0.233703,0.276831,0.705691,4.37134,6.800000000000001,6.800000000000001,7.0,7.0,-0.000196133,-0.000823701,,999.0,/players/cesar-perdomo/30334/stats/pitching,P,30,30.0,NL,Cesar Perdomo,702885,30334,30334
NYM,Mets,0,0,0,0,0,0,,1.0,3,1,0,0,0,1,0,,0,4.47226,1.30864,8.81957,3.64542,2.41935,1.30089,0.22703,0.0938392,0.13319110870361328,,0.233703,0.276831,0.705691,4.37134,6.800000000000001,6.800000000000001,7.0,7.0,-0.000196133,-0.000823701,,999.0,/players/zachary-thornton/33891/stats/pitching,P,25,25.0,NL,Zac Thornton,804267,33891,33891
HOU,Astros,0,0,0,0,0,0,,1.0,3,1,0,0,0,1,0,,0,4.47226,1.30864,8.81957,3.64542,2.41935,1.30089,0.22703,0.0938392,0.1331910938024521,,0.233703,0.276831,0.705691,4.37134,6.800000000000001,6.800000000000001,7.0,7.0,-0.000196133,-0.000823701,,999.0,/players/ethan-pecko/33515/stats/pitching,P,21,21.0,AL,Ethan Pecko,814490,33515,33515
SFG,Giants,0,0,0,0,0,0,,1.0,3,1,0,0,0,1,0,,0,4.47226,1.30864,8.81957,3.64542,2.41935,1.30089,0.22703,0.0938392,0.13319110870361328,,0.233703,0.276831,0.705691,4.37134,6.800000000000001,6.800000000000001,7.0,7.0,-0.000196133,-0.000823701,,999.0,/players/matthew-wilkinson/33760/stats/pitching,P,30,30.0,NL,Matt Wilkinson,683363,33760,33760
CHW,White Sox,0,0,0,0,0,0,,1.0,5,1,1,1,0,1,0,,0,4.42926,1.3125,8.9061,3.58684,2.48299,1.33539,0.232032,0.0934485,0.13858304172754288,,0.239009,0.285026,0.703825,4.37455,6.800000000000001,6.800000000000001,7.0,7.0,-0.000196133,-0.000823701,,748.5599975585938,/players/sean-burke/29878/stats/pitching,P,4,4.0,AL,Sean Burke,680732,29878,29878
TBR,Rays,0,0,0,0,0,0,,1.0,5,1,1,1,0,1,0,,0,4.41914,1.24907,6.29527,2.0151,3.12405,1.30687,0.166686,0.0533556,0.11333010718226433,,0.260516,0.284734,0.684044,4.37463,6.800000000000001,6.800000000000001,7.0,7.0,-0.000196133,-0.000823701,,738.3400268554688,/players/nick-martinez/12730/stats/pitching,P,12,12.0,AL,Nick Martinez,607259,12730,12730
BAL,Orioles,0,0,0,0,0,0,,1.0,5,1,1,1,0,1,0,,0,4.40906,1.3509,7.55083,3.08303,2.44916,1.18215,0.19359,0.0790433,0.11454619467258453,,0.257339,0.297486,0.701284,4.3783,6.800000000000001,6.800000000000001,7.0,7.0,-0.000196133,-0.000823701,,359.3599853515625,/players/chris-bassitt/12304/stats/pitching,P,2,2.0,AL,Chris Bassitt,605135,12304,12304
PIT,Pirates,0,0,0,0,0,0,,1.0,3,1,0,0,0,1,0,,0,4.38983,1.4059,7.66087,3.93586,1.94643,1.02444,0.194309,0.0998284,0.09448032826185226,,0.249726,0.293373,0.702526,4.38597,6.800000000000001,6.800000000000001,7.0,7.0,-0.000196133,-0.000823701,,999.0,/players/hunter-barco/33174/stats/pitching,P,27,27.0,NL,Hunter Barco,682995,33174,33174
HOU,Astros,0,0,0,0,0,0,,1.0,5,1,1,1,0,1,0,,0,4.33568,1.25773,8.21966,2.87952,2.85453,1.41006,0.216915,0.0759897,0.14092493057250977,,0.24372,0.281195,0.706957,4.40029,6.800000000000001,6.800000000000001,7.0,7.0,-0.000196133,-0.000823701,,999.0,/players/hayden-wesneski/27581/stats/pitching,P,21,21.0,AL,Hayden Wesneski,669713,27581,27581
MIA,Marlins,0,0,0,0,0,0,,1.0,5,1,1,1,0,1,0,,0,4.65524,1.37443,7.58593,3.14041,2.41558,1.25102,0.194676,0.0805919,0.11408453434705734,,0.260577,0.30014,0.688409,4.40602,6.800000000000001,6.800000000000001,7.0,7.0,-0.000196133,-0.000823701,,999.0,/players/ryan-gusto/26440/stats/pitching,P,20,20.0,NL,Ryan Gusto,687473,26440,26440
SEA,Mariners,0,0,0,0,0,0,,1.0,3,1,0,0,0,1,0,,0,4.55041,1.32946,8.76728,3.71832,2.35786,1.30693,0.223477,0.0947796,0.12869735807180405,,0.235012,0.277409,0.702173,4.42193,6.800000000000001,6.800000000000001,7.0,7.0,-0.000196133,-0.000823701,,999.0,/players/kade-anderson/37238/stats/pitching,P,11,11.0,AL,Kade Anderson,807739,37238,37238
KCR,Royals,0,0,0,0,0,0,,1.0,5,1,1,1,0,1,0,,0,4.52119,1.35888,7.24754,2.93913,2.46588,1.2681,0.186961,0.075819,0.11114168912172318,,0.262193,0.298028,0.69975,4.43343,6.800000000000001,6.800000000000001,7.0,7.0,-0.000196133,-0.000823701,,493.1000061035156,/players/seth-lugo/12447/stats/pitching,P,7,7.0,AL,Seth Lugo,607625,12447,12447
MIN,Twins,0,0,0,0,0,0,,1.0,5,1,1,1,0,1,0,,0,4.46909,1.22155,7.46978,2.14314,3.48545,1.51192,0.199023,0.0571012,0.14192195981740952,,0.252586,0.281625,0.691231,4.45669,6.800000000000001,6.800000000000001,7.0,7.0,-0.000196133,-0.000823701,,494.3399963378906,/players/bailey-ober/21224/stats/pitching,P,8,8.0,AL,Bailey Ober,641927,21224,21224
CHW,White Sox,0,0,0,0,0,0,,1.0,4,1,1,0,0,1,0,,0,4.41533,1.35531,7.22754,3.33435,2.1676,1.13188,0.185164,0.0854232,0.0997404009103775,,0.252856,0.289637,0.697109,4.45771,6.800000000000001,6.800000000000001,7.0,7.0,-0.000196133,-0.000823701,,717.8599853515625,/players/anthony-kay/20387/stats/pitching,P,4,4.0,AL,Anthony Kay,641743,20387,20387
STL,Cardinals,0,0,0,0,0,0,,1.0,4,1,0,0,0,1,1,,0,4.3129,1.48363,8.3871,5.06351,1.65638,0.960129,0.209787,0.126654,0.08313331007957458,,0.24041,0.291621,0.72155,4.45866,3.8000000000000003,3.8000000000000003,4.0,4.0,-0.000196133,-0.000823701,,999.0,/players/quinn-mathews/33851/stats/pitching,P,28,28.0,NL,Quinn Mathews,687273,33851,33851
MIA,Marlins,0,0,0,0,0,0,,1.0,5,1,1,1,0,1,0,,0,4.6217,1.39725,6.68092,3.37216,1.9812,1.10728,0.170734,0.0861772,0.0845567062497139,,0.260025,0.293275,0.684954,4.46288,6.800000000000001,6.800000000000001,7.0,7.0,-0.000196133,-0.000823701,,999.0,/players/tyler-phillips/20629/stats/pitching,P,20,20.0,NL,Tyler Phillips,663969,20629,20629
BAL,Orioles,0,0,0,0,0,0,,1.0,3,1,0,0,0,1,0,,0,4.4258,1.34007,8.20282,3.40287,2.41056,1.36931,0.213224,0.0884541,0.12476974725723267,,0.248445,0.288359,0.714734,4.46491,6.800000000000001,6.800000000000001,7.0,7.0,-0.000196133,-0.000823701,,999.0,/players/cade-povich/30055/stats/pitching,P,2,2.0,AL,Cade Povich,700249,30055,30055
CIN,Reds,0,0,0,0,0,0,,1.0,5,1,1,1,0,1,0,,0,4.64772,1.33037,7.88859,2.90496,2.71556,1.35362,0.203528,0.0749488,0.1285792589187622,,0.257197,0.296536,0.68677,4.47147,6.800000000000001,6.800000000000001,7.0,7.0,-0.000196133,-0.000823701,,388.25,/players/brady-singer/25377/stats/pitching,P,18,18.0,NL,Brady Singer,663903,25377,25377
LAA,Angels,0,0,0,0,0,0,,1.0,4,1,0,0,0,1,0,,0,4.4925,1.45823,7.53115,4.57121,1.64752,0.93409,0.189105,0.114782,0.07432305067777634,,0.246176,0.289933,0.697417,4.47209,6.800000000000001,6.800000000000001,7.0,7.0,-0.000196133,-0.000823701,,999.0,/players/walbert-urena/29357/stats/pitching,P,1,1.0,AL,Walbert Ureña,700712,29357,29357
ATH,Athletics,0,0,0,0,0,0,,1.0,5,1,1,1,0,1,0,,0,4.53507,1.33877,8.93247,3.92855,2.27373,1.29738,0.230486,0.101369,0.1291171982884407,,0.236674,0.283341,0.695767,4.47279,6.800000000000001,6.800000000000001,7.0,7.0,-0.000196133,-0.000823701,,999.0,/players/jack-perkins/31468/stats/pitching,P,10,10.0,AL,Jack Perkins,678022,31468,31468
HOU,Astros,0,0,0,0,0,0,,1.0,5,1,1,1,0,1,0,,0,4.61481,1.34996,8.23585,3.6117,2.28033,1.28667,0.212452,0.0931671,0.11928452551364899,,0.245852,0.287686,0.689343,4.47658,6.800000000000001,6.800000000000001,7.0,7.0,-0.000196133,-0.000823701,,999.0,/players/peter-lambert/17969/stats/pitching,P,21,21.0,AL,Peter Lambert,663567,17969,17969
ATL,Braves,0,0,0,0,0,0,,1.0,5,1,1,1,0,1,1,,0,4.481,1.41001,7.96694,4.21293,1.89107,1.12132,0.202846,0.107266,0.09558072686195374,,0.244529,0.287573,0.703171,4.48777,3.8000000000000003,3.8000000000000003,4.0,4.0,-0.000196133,-0.000823701,,999.0,/players/jr-ritchie/31760/stats/pitching,P,16,16.0,NL,JR Ritchie,702275,31760,31760
DET,Tigers,0,0,0,0,0,0,,1.0,5,1,1,0,0,1,0,,0,3.87502,1.39614,7.02116,3.73156,1.88156,1.10873,0.179742,0.0955284,0.08421393483877182,,0.252221,0.28724,0.758492,4.48975,6.800000000000001,6.800000000000001,7.0,7.0,-0.000196133,-0.000823701,,675.5399780273438,/players/river-ryan/29514/stats/pitching,P,6,6.0,AL,River Ryan,689981,29514,29514
ARI,Diamondbacks,0,0,0,0,0,0,,1.0,5,1,1,1,0,1,0,,0,4.59945,1.36234,7.33263,3.0834,2.3781,1.31272,0.189314,0.0796071,0.10970669984817505,,0.259492,0.29432,0.696678,4.49065,6.800000000000001,6.800000000000001,7.0,7.0,-0.000196133,-0.000823701,,284.17999267578125,/players/merrill-kelly/11156/stats/pitching,P,15,15.0,NL,Merrill Kelly,518876,11156,11156
CIN,Reds,0,0,0,0,0,0,,1.0,5,1,1,1,0,1,0,,0,4.37563,1.31898,7.84083,3.19019,2.4578,1.39536,0.205491,0.0836079,0.12188352644443512,,0.249455,0.285002,0.717403,4.49475,6.800000000000001,6.800000000000001,7.0,7.0,-0.000196133,-0.000823701,,221.92999267578125,/players/andrew-abbott/29911/stats/pitching,P,18,18.0,NL,Andrew Abbott,671096,29911,29911
BAL,Orioles,0,0,0,0,0,0,,1.0,5,1,1,1,0,1,0,,0,4.61933,1.32755,7.31596,2.95953,2.472,1.37676,0.190832,0.0771975,0.11363458633422852,,0.25551,0.287388,0.691278,4.51809,6.800000000000001,6.800000000000001,7.0,7.0,-0.000196133,-0.000823701,,999.0,/players/brandon-young/27819/stats/pitching,P,2,2.0,AL,Brandon Young,687064,27819,27819
SDP,Padres,0,0,0,0,0,0,,1.0,5,1,1,1,0,1,0,,0,4.4413,1.31786,8.91048,3.83247,2.325,1.39279,0.231885,0.0997353,0.13214920461177826,,0.23462,0.277462,0.709653,4.53669,6.800000000000001,6.800000000000001,7.0,7.0,-0.000196133,-0.000823701,,166.44000244140625,/players/robbie-ray/11486/stats/pitching,P,29,29.0,NL,Robbie Ray,592662,11486,11486
KCR,Royals,0,0,0,0,0,0,,1.0,4,1,0,0,0,1,0,,0,4.54747,1.35825,6.514,3.04866,2.13668,1.20249,0.167394,0.0783429,0.08905068784952164,,0.25945,0.288368,0.69078,4.57457,6.800000000000001,6.800000000000001,7.0,7.0,-0.000196133,-0.000823701,,999.0,/players/daniel-lynch-iv/21537/stats/pitching,P,7,7.0,AL,Daniel Lynch IV,663738,21537,21537
DET,Tigers,0,0,0,0,0,0,,1.0,3,1,0,0,0,1,0,,0,4.53221,1.30787,6.82373,2.82257,2.41755,1.33083,0.177902,0.0735875,0.10431431233882904,,0.254658,0.282297,0.69083,4.58103,6.800000000000001,6.800000000000001,7.0,7.0,-0.000196133,-0.000823701,,999.0,/players/keider-montero/22630/stats/pitching,P,6,6.0,AL,Keider Montero,672456,22630,22630
ATH,Athletics,0,0,0,0,0,0,,1.0,5,1,1,1,0,1,0,,0,4.55378,1.32838,8.78363,3.79436,2.31491,1.37629,0.227056,0.0980842,0.12897226959466934,,0.237578,0.280465,0.698567,4.58293,6.800000000000001,6.800000000000001,7.0,7.0,-0.000196133,-0.000823701,,409.239990234375,/players/jacob-lopez/25098/stats/pitching,P,10,10.0,AL,Jacob Lopez,682052,25098,25098
PHI,Phillies,0,0,0,0,0,0,,1.0,4,1,1,1,0,1,0,,0,4.71059,1.36682,7.51317,3.22571,2.32915,1.35298,0.193339,0.0830084,0.11033067852258682,,0.257352,0.292532,0.690019,4.58512,6.800000000000001,6.800000000000001,7.0,7.0,-0.000196133,-0.000823701,,999.0,/players/andrew-painter/30091/stats/pitching,P,26,26.0,NL,Andrew Painter,691725,30091,30091
CIN,Reds,0,0,0,0,0,0,,1.0,5,1,1,1,0,1,0,,0,4.58352,1.36132,7.06875,3.10663,2.27538,1.318,0.182054,0.0800105,0.1020437702536583,,0.258813,0.290451,0.698569,4.59941,6.800000000000001,6.800000000000001,7.0,7.0,-0.000196133,-0.000823701,,552.219970703125,/players/rhett-lowder/33876/stats/pitching,P,18,18.0,NL,Rhett Lowder,695076,33876,33876
COL,Rockies,0,0,0,0,0,0,,1.0,4,1,1,1,0,1,0,,0,5.1789,1.39603,6.7835,2.26062,3.00072,1.50572,0.173838,0.0579322,0.11590626090765,,0.282341,0.311934,0.663242,4.61253,6.800000000000001,6.800000000000001,7.0,7.0,-0.000196133,-0.000823701,,999.0,/players/kyle-freeland/16256/stats/pitching,P,19,19.0,NL,Kyle Freeland,607536,16256,16256
TOR,Blue Jays,0,0,0,0,0,0,,1.0,4,1,1,1,0,1,0,,0,4.79615,1.28836,8.44608,2.71776,3.10773,1.6386,0.221334,0.0712203,0.1501132771372795,,0.253195,0.289821,0.686151,4.62502,6.800000000000001,6.800000000000001,7.0,7.0,-0.000196133,-0.000823701,,546.9299926757812,/players/max-scherzer/3137/stats/pitching,P,14,14.0,AL,Max Scherzer,453286,3137,3137
MIA,Marlins,0,0,0,0,0,0,,1.0,4,1,0,0,0,1,0,,0,4.52666,1.54932,7.57229,4.99823,1.515,0.935172,0.186007,0.122777,0.06322977691888809,,0.254603,0.300827,0.714195,4.62839,6.800000000000001,6.800000000000001,7.0,7.0,-0.000196133,-0.000823701,,999.0,/players/dax-fulton/27757/stats/pitching,P,20,20.0,NL,Dax Fulton,690978,27757,27757
DET,Tigers,0,0,0,0,0,0,,1.0,4,1,0,0,0,1,0,,0,4.68913,1.4231,7.23959,4.07871,1.77497,1.14156,0.183509,0.103387,0.08012191206216812,,0.249983,0.285915,0.687887,4.65297,6.800000000000001,6.800000000000001,7.0,7.0,-0.000196133,-0.000823701,,999.0,/players/jackson-jobe/30203/stats/pitching,P,6,6.0,AL,Jackson Jobe,695549,30203,30203
LAA,Angels,0,0,0,0,0,0,,1.0,4,1,1,1,0,1,0,,0,4.87909,1.39907,7.59245,3.32503,2.28342,1.41169,0.193708,0.0848321,0.10887548327445984,,0.26135,0.296944,0.686584,4.70047,6.800000000000001,6.800000000000001,7.0,7.0,-0.000196133,-0.000823701,,999.0,/players/ryan-johnson/35325/stats/pitching,P,1,1.0,AL,Ryan Johnson,696270,35325,35325
COL,Rockies,0,0,0,0,0,0,,1.0,4,1,1,0,0,1,0,,0,5.0951,1.48129,6.84933,3.30936,2.06969,1.28324,0.171117,0.0826776,0.08843918889760971,,0.276764,0.311222,0.675631,4.70545,6.800000000000001,6.800000000000001,7.0,7.0,-0.000196133,-0.000823701,,999.0,/players/mason-adams/31663/stats/pitching,P,19,19.0,NL,Mason Adams,690279,31663,31663
SDP,Padres,0,0,0,0,0,0,,1.0,4,1,1,1,0,1,0,,0,4.77247,1.42064,7.37968,3.54046,2.08439,1.35115,0.187116,0.0897704,0.09734590351581573,,0.260907,0.295612,0.697467,4.74859,6.800000000000001,6.800000000000001,7.0,7.0,-0.000196133,-0.000823701,,740.9299926757812,/players/walker-buehler/19374/stats/pitching,P,29,29.0,NL,Walker Buehler,621111,19374,19374
KCR,Royals,0,0,0,0,0,0,,1.0,5,1,1,1,0,1,0,,0,4.84618,1.50953,5.73189,3.7479,1.52936,1.06693,0.142615,0.0932513,0.04936365783214569,,0.273063,0.300077,0.687904,4.75749,6.800000000000001,6.800000000000001,7.0,7.0,-0.000196133,-0.000823701,,999.0,/players/randy-dobnak/23798/stats/pitching,P,7,7.0,AL,Randy Dobnak,677976,23798,23798
TOR,Blue Jays,0,0,0,0,0,0,,1.0,4,1,1,1,0,1,0,,0,4.7597,1.39005,8.88144,4.2665,2.08167,1.38937,0.225587,0.108368,0.11721863597631454,,0.239413,0.283679,0.694427,4.78099,6.800000000000001,6.800000000000001,7.0,7.0,-0.000196133,-0.000823701,,728.3099975585938,/players/spencer-arrighetti/29921/stats/pitching,P,14,14.0,AL,Spencer Arrighetti,681293,29921,29921
WSN,Nationals,0,0,0,0,0,0,,1.0,4,1,1,1,0,1,0,,0,4.78719,1.36892,7.33943,3.3134,2.21508,1.44518,0.188536,0.0851149,0.10342103242874146,,0.2559,0.286295,0.691153,4.80268,6.800000000000001,6.800000000000001,7.0,7.0,-0.000196133,-0.000823701,,999.0,/players/jake-irvin/21504/stats/pitching,P,24,24.0,NL,Jake Irvin,663623,21504,21504
SFG,Giants,0,0,0,0,0,0,,1.0,5,1,1,1,0,1,0,,0,4.93431,1.4307,6.26889,3.06764,2.04355,1.38345,0.15946,0.0780305,0.08142904937267303,,0.272473,0.297225,0.686772,4.81242,6.800000000000001,6.800000000000001,7.0,7.0,-0.000196133,-0.000823701,,999.0,/players/anthony-molina/26952/stats/pitching,P,30,30.0,NL,Anthony Molina,683627,26952,26952
SDP,Padres,0,0,0,0,0,0,,1.0,5,1,1,1,0,1,0,,0,4.81143,1.37939,6.09544,3.03607,2.00767,1.32487,0.155939,0.0776714,0.07826723903417587,,0.263673,0.286113,0.680388,4.83489,6.800000000000001,6.800000000000001,7.0,7.0,-0.000196133,-0.000823701,,721.1699829101562,/players/randy-vasquez/24719/stats/pitching,P,29,29.0,NL,Randy Vásquez,681190,24719,24719
CHW,White Sox,0,0,0,0,0,0,,1.0,5,1,1,1,0,1,0,,0,5.00419,1.42495,6.49817,3.48049,1.86703,1.37192,0.165878,0.0888463,0.07703211158514023,,0.263463,0.288885,0.677303,4.8759,6.800000000000001,6.800000000000001,7.0,7.0,-0.000196133,-0.000823701,,999.0,/players/erick-fedde/17425/stats/pitching,P,4,4.0,AL,Erick Fedde,607200,17425,17425
COL,Rockies,0,0,0,0,0,0,,1.0,4,1,1,1,0,1,0,,0,5.44949,1.51218,7.04763,3.81519,1.84725,1.38017,0.175461,0.0949847,0.0804760679602623,,0.272185,0.305344,0.658218,4.92372,6.800000000000001,6.800000000000001,7.0,7.0,-0.000196133,-0.000823701,,999.0,/players/ryan-feltner/21446/stats/pitching,P,19,19.0,NL,Ryan Feltner,663372,21446,21446
ATH,Athletics,0,0,0,0,0,0,,1.0,5,1,1,1,0,1,0,,0,4.96432,1.35975,7.50035,3.04724,2.46135,1.64351,0.193636,0.0786706,0.11496564745903015,,0.259763,0.287652,0.688526,4.92741,6.800000000000001,6.800000000000001,7.0,7.0,-0.000196133,-0.000823701,,722.25,/players/jeffrey-springs/17677/stats/pitching,P,10,10.0,AL,Jeffrey Springs,605488,17677,17677
COL,Rockies,0,0,0,0,0,0,,1.0,3,1,0,0,0,0,0,,0,5.27744,1.53047,5.99929,3.59377,1.66936,1.33831,0.149002,0.089257,0.059744879603385925,,0.279909,0.304556,0.675417,4.99981,4.800000000000001,4.800000000000001,5.0,5.0,-0.000196133,-0.000823701,,999.0,/players/jose-quintana/11423/stats/pitching,P,19,19.0,NL,Jose Quintana,500779,11423,11423
COL,Rockies,0,0,0,0,0,0,,1.0,4,1,1,1,0,1,0,,0,5.47691,1.40415,6.66974,2.09901,3.17756,1.78117,0.170259,0.0535817,0.11667735502123833,,0.286927,0.309688,0.658949,5.00816,6.800000000000001,6.800000000000001,7.0,7.0,-0.000196133,-0.000823701,,999.0,/players/tanner-gordon/27669/stats/pitching,P,19,19.0,NL,Tanner Gordon,685299,27669,27669
CIN,Reds,0,0,0,0,0,0,,1.0,4,1,1,0,0,1,0,,0,4.95556,1.41319,7.2899,3.74758,1.94523,1.5736,0.184957,0.0950823,0.08987440168857574,,0.255143,0.2813,0.697267,5.17295,6.800000000000001,6.800000000000001,7.0,7.0,-0.000196133,-0.000823701,,748.4500122070312,/players/brandon-williamson/25463/stats/pitching,P,18,18.0,NL,Brandon Williamson,682227,25463,25463
ATH,Athletics,0,0,0,0,0,0,,1.0,4,1,1,1,0,1,0,,0,5.21158,1.49516,7.2532,4.41516,1.6428,1.45911,0.181301,0.110361,0.0709395781159401,,0.256627,0.285916,0.682662,5.1898,6.800000000000001,6.800000000000001,7.0,7.0,-0.000196133,-0.000823701,,999.0,/players/mason-barnett/31741/stats/pitching,P,10,10.0,AL,Mason Barnett,686930,31741,31741
COL,Rockies,0,0,0,0,0,0,,1.0,4,1,1,1,0,1,0,,0,5.48014,1.42622,5.68035,2.18361,2.60135,1.76613,0.144049,0.0553748,0.08867455646395683,,0.289133,0.302295,0.663807,5.25474,6.800000000000001,6.800000000000001,7.0,7.0,-0.000196133,-0.000823701,,999.0,/players/tomoyuki-sugano/35321/stats/pitching,P,19,19.0,NL,Tomoyuki Sugano,608372,35321,35321
