Team,ShortName,W,L,GS,G,SV,HLD,BS,IP,TBF,H,R,ER,HR,SO,BB,IBB,HBP,ERA,WHIP,K/9,BB/9,K/BB,HR/9,K%,BB%,K-BB%,GB%,AVG,BABIP,LOB%,FIP,FPTS,FPTS_IP,SPTS,SPTS_IP,WAR,RA9-WAR,QS,ADP,UPURL,positionDB,teamid,playerTeamId,League,PlayerName,xMLBAMID,playerids,playerid
LAD,Dodgers,21,8,42,42,0,0,,259.0,1027,206,89,81,28,319,50,,9,2.82121,0.988477,11.0657,1.73691,6.37091,0.96665,0.310543,0.0487439,0.2617991678416729,,0.213142,0.287268,0.771932,2.71919,1497.6000000000004,5.782239382239384,1392.0,5.374517374517374,8.16956,7.79872,28,7.019999980926514,/players/tarik-skubal/22267/stats/pitching,P,22,22.0,NL,Tarik Skubal,669373,22267,22267
ATL,Braves,20,10,42,42,0,0,,253.0,1023,209,89,82,23,308,60,,18,2.91855,1.06474,10.9629,2.12764,5.15261,0.828495,0.300773,0.058373,0.2423999272286892,,0.221238,0.302505,0.760066,2.77863,1427.8999999999996,5.6438735177865595,1348.0,5.32806324110672,7.33997,7.43406,28,39.36000061035156,/players/chris-sale/10603/stats/pitching,P,16,16.0,NL,Chris Sale,519242,10603,10603
PHI,Phillies,18,10,42,42,0,0,,262.0,1070,235,98,89,23,270,61,,8,3.0607,1.12894,9.25444,2.10292,4.40076,0.785904,0.251923,0.0572454,0.19467782974243164,,0.234629,0.299229,0.749086,2.97722,1377.9,5.259160305343512,1344.0,5.129770992366412,7.25287,7.40722,27,24.75,/players/cristopher-sanchez/20778/stats/pitching,P,26,26.0,NL,Cristopher Sánchez,650911,20778,20778
LAD,Dodgers,20,11,42,42,0,0,,259.0,1056,219,107,98,28,274,69,,9,3.40526,1.1087,9.52188,2.38138,3.99847,0.979814,0.259741,0.0649601,0.19478098303079605,,0.223693,0.282062,0.726923,3.29924,1316.8000000000002,5.084169884169885,1245.0,4.806949806949807,6.42664,5.78716,25,26.639999389648438,/players/yoshinobu-yamamoto/33825/stats/pitching,P,22,22.0,NL,Yoshinobu Yamamoto,808967,33825,33825
PHI,Phillies,17,11,42,42,0,0,,252.0,1033,211,102,94,29,289,71,,10,3.35565,1.11951,10.3159,2.53844,4.06388,1.04418,0.279701,0.068826,0.2108745500445366,,0.221845,0.287112,0.745532,3.28559,1294.5,5.136904761904762,1218.0,4.833333333333333,6.27206,6.25168,25,110.48999786376953,/players/zack-wheeler/10310/stats/pitching,P,26,26.0,NL,Zack Wheeler,554430,10310,10310
MIL,Brewers,18,10,42,42,0,0,,234.0,956,172,88,81,24,314,85,,14,3.1021,1.09632,12.0706,3.24702,3.71744,0.921722,0.328775,0.0884412,0.24033356457948685,,0.201135,0.286049,0.756511,3.01693,1320.2000000000003,5.641880341880343,1189.0,5.081196581196581,6.2062,6.09087,26,114.13999938964844,/players/jacob-misiorowski/31623/stats/pitching,P,23,23.0,NL,Jacob Misiorowski,694819,31623,31623
NYY,Yankees,18,11,42,42,0,0,,246.0,1022,220,99,90,21,231,75,,8,3.28834,1.19366,8.43614,2.7235,3.09753,0.759701,0.225927,0.0729377,0.1529892534017563,,0.233705,0.28902,0.737509,3.33196,1203.1000000000001,4.890650406504066,1170.0,4.7560975609756095,5.52497,5.6922,25,50.04999923706055,/players/max-fried/13743/stats/pitching,P,9,9.0,AL,Max Fried,608331,13743,13743
NYY,Yankees,17,11,42,42,0,0,,236.0,977,198,97,90,26,270,77,,10,3.40811,1.16271,10.2602,2.92591,3.50669,0.98258,0.275902,0.0786788,0.19722337275743484,,0.222404,0.28941,0.743316,3.33741,1190.8000000000002,5.045762711864407,1121.0,4.75,5.39048,5.23528,25,116.62999725341797,/players/cameron-schlittler/32095/stats/pitching,P,9,9.0,AL,Cam Schlittler,693645,32095,32095
LAD,Dodgers,16,8,39,39,0,0,,213.0,896,168,86,79,21,268,94,,5,3.34401,1.22634,11.2819,3.94257,2.86156,0.898958,0.29861,0.104352,0.19425781816244125,,0.211019,0.288981,0.756473,3.27925,1120.1,5.258685446009389,1031.0,4.84037558685446,5.22417,4.97046,23,178.41000366210938,/players/blake-snell/13543/stats/pitching,P,22,22.0,NL,Blake Snell,605483,13543,13543
LAD,Dodgers,14,9,39,39,0,0,,214.0,881,169,89,82,25,266,78,,4,3.45773,1.15472,11.1999,3.26512,3.43018,1.0461,0.302052,0.0880573,0.21399488300085068,,0.21189,0.28429,0.74283,3.27036,1122.7000000000003,5.2462616822429915,1031.0,4.817757009345795,5.20126,4.7077,22,113.73999786376953,/players/tyler-glasnow/14374/stats/pitching,P,22,22.0,NL,Tyler Glasnow,607192,14374,14374
TBR,Rays,16,11,42,42,0,0,,228.0,931,202,92,84,24,223,52,,8,3.32893,1.11335,8.81195,2.03603,4.32801,0.946562,0.239575,0.0553544,0.18422024324536324,,0.23199,0.285416,0.735247,3.29839,1132.7999999999997,4.9684210526315775,1094.0,4.798245614035087,5.0219,5.19489,25,132.36000061035156,/players/drew-rasmussen/25385/stats/pitching,P,12,12.0,AL,Drew Rasmussen,656876,25385,25385
BOS,Red Sox,16,12,42,42,0,0,,237.0,1005,230,103,94,22,217,73,,8,3.58421,1.27681,8.24739,2.75751,2.99088,0.842116,0.216116,0.0722584,0.14385773241519928,,0.248953,0.303614,0.735174,3.51103,1076.2000000000003,4.540928270042195,1090.0,4.59915611814346,4.9381,5.00063,24,183.97999572753906,/players/ranger-suarez/17277/stats/pitching,P,3,3.0,AL,Ranger Suarez,624133,17277,17277
HOU,Astros,16,11,42,42,0,0,,241.0,1014,204,100,92,24,270,94,,9,3.4317,1.23276,10.058,3.486,2.88525,0.896599,0.266161,0.0922488,0.17391209304332733,,0.224057,0.291777,0.74697,3.43735,1188.8000000000002,4.932780082987553,1124.0,4.66390041493776,4.86971,5.1776,25,36.189998626708984,/players/hunter-brown/25880/stats/pitching,P,21,21.0,AL,Hunter Brown,686613,25880,25880
PIT,Pirates,12,8,31,31,0,0,,175.0,712,144,65,59,17,204,48,,8,3.05974,1.09931,10.5077,2.48644,4.22601,0.889369,0.286313,0.0677501,0.21856268495321274,,0.219105,0.290849,0.758184,3.01463,951.5000000000001,5.437142857142858,894.0,5.1085714285714285,4.83856,4.94784,19,9.649999618530273,/players/paul-skenes/33677/stats/pitching,P,27,27.0,NL,Paul Skenes,694973,33677,33677
BOS,Red Sox,13,11,42,42,0,0,,228.0,944,202,102,94,29,251,67,,9,3.72043,1.1815,9.91552,2.64691,3.74607,1.15146,0.265465,0.070865,0.1946001872420311,,0.232638,0.293812,0.733195,3.56743,1079.2999999999997,4.73377192982456,1037.0,4.548245614035087,4.70465,4.49561,23,673.0,/players/payton-tolle/35466/stats/pitching,P,3,3.0,AL,Payton Tolle,801139,35466,35466
BOS,Red Sox,16,14,42,42,0,0,,242.0,1022,237,112,103,28,240,67,,8,3.82614,1.25418,8.92254,2.49453,3.57684,1.03293,0.234891,0.0656698,0.1692207157611847,,0.249799,0.307391,0.724672,3.5383,1085.2,4.4842975206611575,1101.0,4.549586776859504,4.61555,4.38742,23,138.08999633789062,/players/sonny-gray/12768/stats/pitching,P,3,3.0,AL,Sonny Gray,543243,12768,12768
CLE,Guardians,15,13,42,42,0,0,,237.0,996,218,102,94,28,242,70,,10,3.56146,1.21336,9.17104,2.643,3.46993,1.04341,0.242923,0.0700079,0.17291467636823654,,0.238335,0.295079,0.744295,3.57776,1086.6000000000001,4.584810126582279,1065.0,4.493670886075949,4.28362,4.45346,24,294.17999267578125,/players/parker-messick/31986/stats/pitching,P,5,5.0,AL,Parker Messick,800048,31986,31986
TEX,Rangers,13,9,32,32,0,0,,179.0,726,146,72,67,23,208,47,,4,3.36264,1.07994,10.4673,2.35746,4.44006,1.16086,0.286652,0.0645604,0.2220916748046875,,0.216691,0.2775,0.750854,3.29851,925.1000000000003,5.1681564245810065,859.0,4.798882681564246,4.25781,4.133,19,50.0099983215332,/players/jacob-degrom/10954/stats/pitching,P,13,13.0,AL,Jacob deGrom,594798,10954,10954
SDP,Padres,14,12,40,40,0,0,,226.0,933,193,102,94,33,251,68,,6,3.76158,1.15371,10.0185,2.69178,3.72189,1.31952,0.269464,0.0723997,0.1970638632774353,,0.224691,0.278331,0.741563,3.76284,1044.7,4.622566371681416,981.0,4.34070796460177,4.18303,3.65334,22,96.01000213623047,/players/nick-pivetta/15454/stats/pitching,P,29,29.0,NL,Nick Pivetta,601713,15454,15454
NYY,Yankees,16,14,42,42,0,0,,251.0,1045,231,121,112,39,250,65,,8,4.00806,1.177,8.95973,2.3263,3.85149,1.38982,0.239306,0.0621333,0.17717258259654045,,0.237277,0.280801,0.724628,3.9841,1058.1,4.215537848605577,1029.0,4.099601593625498,4.17189,3.65423,22,232.89999389648438,/players/gerrit-cole/13125/stats/pitching,P,9,9.0,AL,Gerrit Cole,543037,13125,13125
CHC,Cubs,15,11,39,39,0,0,,227.0,947,208,101,94,29,227,66,,3,3.72229,1.20721,9.00194,2.60295,3.45836,1.16351,0.239512,0.0692557,0.17025578022003174,,0.237121,0.287651,0.740437,3.69488,1029.3000000000002,4.534361233480177,1005.0,4.427312775330397,4.09255,3.99493,22,112.94999694824219,/players/kevin-gausman/14107/stats/pitching,P,17,17.0,NL,Kevin Gausman,592332,14107,14107
CLE,Guardians,15,12,42,42,0,0,,238.0,993,197,100,92,30,286,88,,9,3.46878,1.1988,10.8161,3.31817,3.25967,1.12939,0.287554,0.0882156,0.19933845847845078,,0.219926,0.287927,0.762094,3.54299,1160.9999999999998,4.8781512605042,1081.0,4.542016806722689,4.06876,4.73565,24,144.74000549316406,/players/gavin-williams/30122/stats/pitching,P,5,5.0,AL,Gavin Williams,668909,30122,30122
PHI,Phillies,11,7,24,48,0,0,,169.0,692,141,68,62,19,201,50,,7,3.33136,1.13282,10.7335,2.67066,4.01905,0.988533,0.290426,0.0722624,0.21816401928663254,,0.221779,0.294333,0.745099,3.15304,881.3000000000001,5.214792899408285,829.0,4.905325443786983,3.93391,3.75488,13,70.58999633789062,/players/jesus-luzardo/19959/stats/pitching,P,26,26.0,NL,Jesús Luzardo,666200,19959,19959
MIL,Brewers,15,13,39,39,0,0,,204.0,844,178,94,88,31,222,57,,6,3.86079,1.15296,9.8057,2.51777,3.8946,1.35506,0.263648,0.0676958,0.19595196843147278,,0.228309,0.279598,0.733106,3.80243,920.5000000000002,4.512254901960786,872.0,4.2745098039215685,3.91397,3.39546,20,413.3999938964844,/players/logan-henderson/31475/stats/pitching,P,23,23.0,NL,Logan Henderson,701656,31475,31475
CHC,Cubs,18,12,42,42,0,0,,234.0,1004,223,104,95,19,190,92,,11,3.66558,1.34351,7.31712,3.53755,2.06842,0.717947,0.189674,0.0917,0.09797386080026627,,0.247213,0.294958,0.728855,3.83687,989.1000000000004,4.226923076923079,994.0,4.247863247863248,3.53587,4.15852,23,330.6300048828125,/players/clay-holmes/13649/stats/pitching,P,17,17.0,NL,Clay Holmes,605280,13649,13649
WSN,Nationals,10,10,32,32,0,0,,171.0,719,154,77,70,18,181,54,,14,3.69881,1.21709,9.48111,2.85218,3.32416,0.933212,0.25112,0.0755437,0.17557597905397415,,0.237035,0.301641,0.716634,3.5339,801.6,4.687719298245614,779.0,4.555555555555555,3.52281,3.29308,17,305.2200012207031,/players/cade-cavalli/27473/stats/pitching,P,24,24.0,NL,Cade Cavalli,676917,27473,27473
SEA,Mariners,13,9,29,43,0,1,,185.0,750,159,76,70,22,189,40,,8,3.4065,1.07304,9.19187,1.94277,4.73132,1.08546,0.251857,0.0532319,0.19862528517842293,,0.225901,0.277684,0.732637,3.40805,923.0000000000001,4.98918918918919,877.0,4.7405405405405405,3.49917,3.235,16,34.77000045776367,/players/bryan-woo/30279/stats/pitching,P,11,11.0,AL,Bryan Woo,693433,30279,30279
SDP,Padres,15,14,42,42,0,0,,237.0,1016,220,112,103,30,230,90,,13,3.92614,1.3104,8.74346,3.43081,2.54851,1.13739,0.22649,0.0888716,0.1376185119152069,,0.241244,0.291529,0.738684,4.11356,963.8000000000002,4.066666666666667,946.0,3.9915611814345993,3.47945,3.28677,22,129.55999755859375,/players/michael-king/19853/stats/pitching,P,29,29.0,NL,Michael King,650633,19853,19853
MIL,Brewers,15,12,42,42,0,0,,226.0,950,194,104,96,27,225,81,,15,3.82463,1.21561,8.96211,3.22597,2.77811,1.08897,0.237249,0.0853994,0.15184954553842545,,0.227326,0.277395,0.722452,3.96178,997.9000000000002,4.415486725663718,941.0,4.163716814159292,3.44985,3.75762,22,414.6700134277344,/players/dustin-may/19716/stats/pitching,P,23,23.0,NL,Dustin May,669160,19716,19716
LAA,Angels,10,10,31,31,0,0,,175.0,728,152,81,74,21,198,56,,7,3.82443,1.18589,10.1817,2.87547,3.54087,1.09607,0.272253,0.0768887,0.1953643560409546,,0.228286,0.292907,0.715128,3.50162,848.5,4.848571428571429,809.0,4.622857142857143,3.44436,2.89731,17,350.4599914550781,/players/reid-detmers/27468/stats/pitching,P,1,1.0,AL,Reid Detmers,672282,27468,27468
SDP,Padres,5,2,0,76,15,1,,76.0,297,41,19,17,5,130,29,,3,2.01438,0.917754,15.3866,3.3896,4.53935,0.64002,0.43725,0.0963242,0.34092535078525543,,0.154628,0.273451,0.821653,1.83705,637.3,8.385526315789473,558.0,7.342105263157895,3.35295,3.22062,0,27.860000610351562,/players/mason-miller/31757/stats/pitching,P,29,29.0,NL,Mason Miller,695243,31757,31757
PIT,Pirates,10,9,29,39,0,1,,161.0,678,143,72,67,19,176,55,,7,3.72643,1.22781,9.80539,3.09296,3.17023,1.06381,0.259488,0.0818514,0.17763648182153702,,0.231905,0.294046,0.733695,3.6165,755.9000000000001,4.695031055900622,728.0,4.521739130434782,3.28969,3.00884,15,714.77001953125,/players/jared-jones/27863/stats/pitching,P,27,27.0,NL,Jared Jones,683003,27863,27863
PHI,Phillies,12,14,39,39,0,0,,217.0,921,212,116,107,36,217,63,,5,4.44566,1.26692,9.0008,2.6046,3.45573,1.47493,0.235754,0.0682211,0.16753288358449936,,0.248884,0.294408,0.705729,4.17443,841.8000000000002,3.879262672811061,847.0,3.903225806451613,3.27762,2.46677,18,205.52999877929688,/players/aaron-nola/16149/stats/pitching,P,26,26.0,NL,Aaron Nola,605400,16149,16149
SEA,Mariners,12,9,32,32,0,0,,187.0,766,161,80,74,26,205,47,,7,3.55381,1.1112,9.85916,2.25243,4.37713,1.23601,0.267803,0.0611824,0.20662083104252815,,0.226295,0.281373,0.743329,3.55345,893.4,4.7775401069518715,845.0,4.518716577540107,3.26739,3.12291,18,37.150001525878906,/players/logan-gilbert/22250/stats/pitching,P,11,11.0,AL,Logan Gilbert,669302,22250,22250
TBR,Rays,14,14,42,42,0,0,,227.0,963,202,111,102,30,232,84,,10,4.06477,1.26199,9.20405,3.31781,2.77413,1.2036,0.240601,0.0867301,0.15387062728405,,0.232894,0.283497,0.720069,4.03788,967.6000000000001,4.262555066079296,927.0,4.083700440528634,3.26687,3.10923,21,56.36000061035156,/players/freddy-peralta/18679/stats/pitching,P,12,12.0,AL,Freddy Peralta,642547,18679,18679
BAL,Orioles,11,10,32,32,0,0,,181.0,763,174,85,79,22,163,52,,6,3.89803,1.24222,8.0845,2.56408,3.15298,1.08639,0.213662,0.0677652,0.1458972617983818,,0.246176,0.291524,0.719943,3.81963,768.4000000000002,4.245303867403316,771.0,4.259668508287293,3.21563,2.71569,17,146.07000732421875,/players/trevor-rogers/22286/stats/pitching,P,2,2.0,AL,Trevor Rogers,669432,22286,22286
CHC,Cubs,15,14,42,42,0,0,,238.0,1010,231,117,108,32,203,73,,11,4.10064,1.27596,7.68193,2.75029,2.79314,1.19362,0.201155,0.0720176,0.12913747876882553,,0.249432,0.288465,0.718012,4.17645,920.9999999999999,3.8697478991596634,928.0,3.899159663865546,3.21115,3.06473,21,212.75999450683594,/players/matthew-boyd/15440/stats/pitching,P,17,17.0,NL,Matthew Boyd,571510,15440,15440
NYM,Mets,13,10,32,32,0,0,,187.0,798,165,84,77,19,196,73,,14,3.70052,1.27299,9.44444,3.51208,2.68913,0.935073,0.246148,0.0915345,0.15461331605911255,,0.232474,0.294581,0.730564,3.75049,852.0999999999999,4.556684491978609,819.0,4.379679144385027,3.1442,3.10722,18,87.29000091552734,/players/nolan-mclean/33703/stats/pitching,P,25,25.0,NL,Nolan McLean,690997,33703,33703
SEA,Mariners,12,10,32,32,0,0,,187.0,777,179,86,79,23,172,41,,6,3.80555,1.17741,8.24916,1.96305,4.20221,1.10594,0.220599,0.052496,0.16810328140854836,,0.245757,0.292047,0.713888,3.6196,838.5000000000001,4.483957219251337,839.0,4.4866310160427805,3.08601,2.44832,17,64.58000183105469,/players/george-kirby/25436/stats/pitching,P,11,11.0,AL,George Kirby,669923,25436,25436
NYY,Yankees,14,13,36,50,0,0,,208.0,886,182,100,93,26,222,84,,8,4.01912,1.27685,9.61942,3.62689,2.65225,1.13749,0.251037,0.0946506,0.15638641268014908,,0.229039,0.285281,0.722737,3.93304,914.2,4.395192307692308,870.0,4.1826923076923075,3.05963,2.77752,17,202.3000030517578,/players/carlos-rodon/16137/stats/pitching,P,9,9.0,AL,Carlos Rodón,607074,16137,16137
ATL,Braves,14,13,42,42,0,0,,229.0,972,219,112,104,31,210,76,,5,4.0719,1.28957,8.25702,3.00715,2.7458,1.20463,0.215999,0.0786653,0.1373334601521492,,0.245619,0.289432,0.725861,4.07842,920.9000000000004,4.021397379912665,919.0,4.013100436681222,3.02012,3.15842,21,322.7200012207031,/players/tyler-mahle/16358/stats/pitching,P,16,16.0,NL,Tyler Mahle,641816,16358,16358
PHI,Phillies,8,3,0,78,15,1,,78.0,312,59,23,21,4,99,21,,4,2.37038,1.0332,11.4603,2.46569,4.64789,0.486818,0.318267,0.0684757,0.24979174137115479,,0.206848,0.300952,0.774496,2.24844,576.6,7.392307692307693,540.0,6.923076923076923,2.99674,3.00203,0,41.84000015258789,/players/jhoan-duran/21029/stats/pitching,P,26,26.0,NL,Jhoan Duran,661395,21029,21029
SEA,Mariners,11,9,28,38,0,1,,163.0,665,141,64,59,19,173,42,,5,3.25112,1.12122,9.54592,2.30737,4.13714,1.061,0.259352,0.0626888,0.19666342437267303,,0.227619,0.284992,0.760108,3.38238,814.9,4.999386503067485,777.0,4.766871165644171,2.9579,3.1428,16,999.0,/players/kade-anderson/37238/stats/pitching,P,11,11.0,AL,Kade Anderson,807739,37238,37238
CHW,White Sox,13,15,42,42,0,0,,237.0,1023,219,122,113,34,239,98,,11,4.29387,1.33665,9.09611,3.7282,2.43981,1.28237,0.234144,0.0959679,0.13817604631185532,,0.239182,0.288503,0.723261,4.3116,917.2000000000002,3.870042194092828,894.0,3.7721518987341773,2.93229,2.68834,20,748.5599975585938,/players/sean-burke/29878/stats/pitching,P,4,4.0,AL,Sean Burke,680732,29878,29878
TEX,Rangers,10,11,32,32,0,0,,175.0,744,156,85,78,21,187,70,,8,4.04129,1.29528,9.63835,3.60826,2.67119,1.06753,0.251317,0.0940844,0.15723280608654022,,0.234436,0.295477,0.716577,3.83984,771.1,4.406285714285715,742.0,4.24,2.89601,2.44906,16,164.82000732421875,/players/mackenzie-gore/22201/stats/pitching,P,13,13.0,AL,MacKenzie Gore,669022,22201,22201
TOR,Blue Jays,12,10,32,32,0,0,,186.0,787,160,82,75,16,175,78,,11,3.64724,1.2867,8.4885,3.79845,2.23473,0.794148,0.222262,0.0994581,0.12280385196208954,,0.229701,0.284104,0.724131,3.79926,846.6000000000001,4.5516129032258075,805.0,4.327956989247312,2.89202,3.42769,18,321.80999755859375,/players/jose-soriano/22100/stats/pitching,P,14,14.0,AL,José Soriano,667755,22100,22100
TBR,Rays,13,15,39,39,0,0,,226.0,961,239,116,108,30,160,51,,7,4.29482,1.28342,6.39585,2.02259,3.16222,1.2132,0.166937,0.0527911,0.11414580419659615,,0.264621,0.292804,0.701901,4.20058,828.0000000000001,3.6637168141592924,886.0,3.920353982300885,2.83865,2.55145,19,738.3400268554688,/players/nick-martinez/12730/stats/pitching,P,12,12.0,AL,Nick Martinez,607259,12730,12730
DET,Tigers,11,10,29,29,0,0,,176.0,748,168,81,74,15,149,62,,10,3.78792,1.31386,7.63877,3.19577,2.39028,0.791234,0.199209,0.0833412,0.11586740612983704,,0.249027,0.298914,0.716088,3.77776,763.1000000000001,4.335795454545456,767.0,4.357954545454546,2.75599,2.94837,16,81.13999938964844,/players/framber-valdez/17295/stats/pitching,P,6,6.0,AL,Framber Valdez,664285,17295,17295
CHW,White Sox,12,15,42,42,0,0,,224.0,960,222,115,106,28,182,75,,12,4.28015,1.33065,7.33528,3.01849,2.43012,1.13199,0.189729,0.0780741,0.11165519058704376,,0.254834,0.293278,0.706417,4.27648,839.0000000000002,3.7455357142857153,859.0,3.8348214285714284,2.72481,2.57121,20,999.0,/players/davis-martin/21448/stats/pitching,P,4,4.0,AL,Davis Martin,663436,21448,21448
MIN,Twins,9,8,24,24,0,0,,148.0,607,131,68,63,21,160,35,,9,3.82917,1.12378,9.73415,2.1099,4.61357,1.28472,0.26313,0.057034,0.20609615743160248,,0.233201,0.288336,0.7206,3.68352,684.3000000000001,4.623648648648649,655.0,4.425675675675675,2.72394,2.56879,13,78.52999877929688,/players/joe-ryan/21390/stats/pitching,P,8,8.0,AL,Joe Ryan,657746,21390,21390
WSN,Nationals,9,9,32,32,0,0,,175.0,762,171,86,79,17,150,75,,7,4.02938,1.40474,7.70066,3.86444,1.9927,0.893016,0.196869,0.0987952,0.09807396680116653,,0.251629,0.299909,0.723475,4.08933,695.3000000000001,3.9731428571428578,708.0,4.045714285714285,2.70876,2.61979,16,999.0,/players/andrew-alvarez/29914/stats/pitching,P,24,24.0,NL,Andrew Alvarez,674841,29914,29914
CLE,Guardians,11,10,32,32,0,0,,183.0,768,174,85,78,23,174,48,,9,3.84582,1.21388,8.56544,2.3484,3.64735,1.1339,0.226404,0.0620737,0.16433067247271538,,0.244859,0.293861,0.721498,3.77052,795.9000000000002,4.3491803278688534,793.0,4.333333333333333,2.67758,2.82396,17,999.0,/players/foster-griffin/16432/stats/pitching,P,5,5.0,AL,Foster Griffin,656492,16432,16432
MIA,Marlins,9,10,31,31,0,0,,159.0,671,136,78,72,21,174,62,,7,4.07476,1.24393,9.85118,3.49895,2.81546,1.18672,0.258867,0.0919448,0.16692261397838593,,0.225348,0.281616,0.713192,3.9262,705.7000000000002,4.438364779874215,663.0,4.169811320754717,2.67532,2.22477,15,78.6500015258789,/players/eury-perez/27768/stats/pitching,P,20,20.0,NL,Eury Pérez,691587,27768,27768
MIL,Brewers,10,11,32,42,0,1,,186.0,789,175,94,87,26,177,60,,14,4.21839,1.2662,8.59226,2.89931,2.96356,1.26824,0.224509,0.0757567,0.1487525776028633,,0.244963,0.291177,0.711316,4.21875,737.6000000000001,3.965591397849463,728.0,3.913978494623656,2.59327,2.10614,15,748.5800170898438,/players/robert-gasser/29812/stats/pitching,P,23,23.0,NL,Robert Gasser,688107,29812,29812
TBR,Rays,10,8,26,36,0,0,,134.0,560,118,59,54,15,150,43,,4,3.64987,1.20423,10.0986,2.87759,3.50941,1.01695,0.268374,0.0764727,0.19190141558647156,,0.230898,0.297233,0.729257,3.37645,659.3,4.920149253731343,634.0,4.731343283582089,2.55838,2.3149,13,149.2100067138672,/players/griffin-jax/20253/stats/pitching,P,12,12.0,AL,Griffin Jax,643377,20253,20253
ARI,Diamondbacks,12,10,29,43,0,1,,171.0,721,157,80,74,19,168,56,,13,3.92956,1.24852,8.86284,2.98029,2.97382,1.0214,0.233034,0.0783619,0.15467233955860138,,0.24012,0.295305,0.712881,3.82261,756.5,4.423976608187134,741.0,4.333333333333333,2.51429,2.53892,14,710.3599853515625,/players/michael-soroka/18383/stats/pitching,P,15,15.0,NL,Michael Soroka,647336,18383,18383
HOU,Astros,13,14,40,40,0,0,,223.0,953,217,116,107,30,195,76,,9,4.31562,1.313,7.8616,3.05677,2.57187,1.23105,0.204288,0.0794319,0.12485633045434952,,0.24981,0.289863,0.708705,4.27033,852.0,3.820627802690583,860.0,3.8565022421524664,2.4883,2.29592,19,999.0,/players/hayden-wesneski/27581/stats/pitching,P,21,21.0,AL,Hayden Wesneski,669713,27581,27581
MIN,Twins,9,10,31,31,0,0,,172.0,736,157,86,79,23,181,68,,5,4.14888,1.30677,9.46703,3.56204,2.65776,1.18959,0.246246,0.092652,0.15359432250261307,,0.236783,0.292425,0.720978,3.98828,724.7,4.213372093023256,704.0,4.093023255813954,2.48471,2.2591,15,492.4599914550781,/players/taj-bradley/22543/stats/pitching,P,8,8.0,AL,Taj Bradley,671737,22543,22543
ARI,Diamondbacks,10,10,31,31,0,0,,178.0,759,186,93,87,24,147,43,,8,4.36646,1.28898,7.41181,2.19304,3.3797,1.18788,0.193618,0.0572886,0.1363295465707779,,0.263702,0.303584,0.692661,4.03768,679.4,3.8168539325842694,719.0,4.03932584269663,2.44405,1.94006,15,588.5999755859375,/players/brandon-pfaadt/27782/stats/pitching,P,15,15.0,NL,Brandon Pfaadt,694297,27782,27782
BAL,Orioles,11,11,32,32,0,0,,184.0,786,175,93,86,23,169,66,,8,4.20629,1.30686,8.28244,3.22215,2.57047,1.13189,0.215596,0.0838742,0.1317218914628029,,0.245452,0.291907,0.709207,4.10352,739.7000000000003,4.020108695652175,737.0,4.005434782608695,2.4031,2.07093,16,186.92999267578125,/players/shane-baz/22264/stats/pitching,P,2,2.0,AL,Shane Baz,669358,22264,22264
PIT,Pirates,11,11,24,50,0,1,,177.0,765,177,86,79,18,144,65,,7,4.02396,1.36758,7.32686,3.29687,2.22237,0.922425,0.188572,0.0848517,0.10372034460306168,,0.25588,0.299947,0.721458,4.01733,704.1999999999998,3.9785310734463266,727.0,4.107344632768362,2.38911,2.47815,11,745.6199951171875,/players/carmen-mlodzinski/27572/stats/pitching,P,27,27.0,NL,Carmen Mlodzinski,669387,27572,27572
STL,Cardinals,8,9,28,28,0,0,,156.0,666,152,76,70,17,138,52,,6,4.0153,1.30145,7.93435,2.98612,2.65708,0.994012,0.207052,0.0779248,0.12912730127573013,,0.249238,0.296439,0.712057,3.87536,652.1000000000001,4.180128205128206,661.0,4.237179487179487,2.38645,2.09339,14,733.6699829101562,/players/kyle-leahy/24763/stats/pitching,P,28,28.0,NL,Kyle Leahy,681517,24763,24763
ARI,Diamondbacks,12,11,32,32,0,0,,186.0,805,191,95,88,24,155,65,,3,4.26608,1.38029,7.5252,3.16303,2.37911,1.17926,0.192731,0.0810099,0.11172158271074295,,0.259192,0.299046,0.725678,4.23854,690.6,3.7129032258064516,724.0,3.89247311827957,2.3818,2.24688,16,738.219970703125,/players/eduardo-rodriguez/13164/stats/pitching,P,15,15.0,NL,Eduardo Rodriguez,593958,13164,13164
CHC,Cubs,11,10,31,31,0,0,,174.0,719,164,85,78,31,167,38,,6,4.05985,1.16487,8.64542,1.98257,4.36072,1.5841,0.232072,0.0532187,0.17885299399495125,,0.24309,0.27957,0.738758,4.22823,681.9000000000002,3.9189655172413804,669.0,3.8448275862068964,2.35941,2.29515,16,157.92999267578125,/players/shota-imanaga/33829/stats/pitching,P,17,17.0,NL,Shota Imanaga,684007,33829,33829
TEX,Rangers,10,9,23,45,0,1,,160.0,665,148,74,68,21,154,42,,8,3.79999,1.18064,8.65731,2.32926,3.71676,1.18419,0.232217,0.0624783,0.16973869502544403,,0.240442,0.288372,0.723495,3.81272,702.9000000000001,4.393125,689.0,4.30625,2.35653,2.28413,11,132.50999450683594,/players/nathan-eovaldi/9132/stats/pitching,P,13,13.0,AL,Nathan Eovaldi,543135,9132,9132
KCR,Royals,9,12,31,31,0,0,,182.0,778,185,98,90,26,148,54,,6,4.47339,1.30794,7.32521,2.64914,2.76513,1.30617,0.190499,0.0688934,0.12160567939281464,,0.256958,0.29089,0.699144,4.34347,662.0,3.6373626373626373,688.0,3.78021978021978,2.35585,1.95387,15,609.2899780273438,/players/michael-wacha/14078/stats/pitching,P,7,7.0,AL,Michael Wacha,608379,14078,14078
NYM,Mets,11,10,31,31,0,0,,158.0,681,140,77,71,19,171,70,,5,4.05054,1.33326,9.71316,4.00571,2.42483,1.10754,0.250317,0.103231,0.1470862627029419,,0.23173,0.290861,0.728294,3.97794,688.5,4.35759493670886,660.0,4.177215189873418,2.32407,1.99758,15,722.8099975585938,/players/jonah-tong/32157/stats/pitching,P,25,25.0,NL,Jonah Tong,804636,32157,32157
CLE,Guardians,6,3,0,78,16,1,,78.0,315,57,26,23,6,107,24,,4,2.70036,1.03963,12.3433,2.74344,4.49921,0.720022,0.339823,0.0755294,0.264293372631073,,0.199942,0.294478,0.76779,2.48015,569.2,7.297435897435898,526.0,6.743589743589744,2.31784,2.23755,0,39.90999984741211,/players/cade-smith/27867/stats/pitching,P,5,5.0,AL,Cade Smith,671922,27867,27867
MIA,Marlins,9,11,31,31,0,0,,166.0,711,179,89,82,22,119,40,,6,4.45002,1.31363,6.44667,2.14614,3.00384,1.21148,0.167438,0.0557413,0.11169644072651863,,0.268555,0.298341,0.69201,4.24144,592.4000000000002,3.568674698795182,644.0,3.8795180722891565,2.26751,1.57154,14,999.0,/players/janson-junk/23301/stats/pitching,P,20,20.0,NL,Janson Junk,676083,23301,23301
KCR,Royals,9,10,31,31,0,0,,173.0,740,171,87,81,23,151,58,,6,4.19187,1.31712,7.84384,2.99189,2.6217,1.20457,0.203896,0.0777724,0.12612345069646835,,0.252008,0.293194,0.719874,4.19875,662.7000000000002,3.83063583815029,676.0,3.907514450867052,2.23847,2.4658,15,298.0,/players/noah-cameron/30184/stats/pitching,P,7,7.0,AL,Noah Cameron,702070,30184,30184
CLE,Guardians,12,13,36,36,0,0,,205.0,872,200,102,94,30,184,59,,9,4.13142,1.26263,8.06689,2.57779,3.12938,1.30149,0.210881,0.0673873,0.1434934288263321,,0.248981,0.288761,0.723182,4.17664,792.0,3.8634146341463413,799.0,3.897560975609756,2.22887,2.40914,18,188.6300048828125,/players/tanner-bibee/30134/stats/pitching,P,5,5.0,AL,Tanner Bibee,676440,30134,30134
CIN,Reds,9,11,32,32,0,0,,175.0,763,177,97,90,27,152,66,,3,4.63094,1.38353,7.78202,3.37191,2.3079,1.37362,0.198961,0.0862086,0.11275187134742737,,0.255269,0.291747,0.709769,4.53674,599.7,3.426857142857143,621.0,3.5485714285714285,2.21426,1.50979,14,221.92999267578125,/players/andrew-abbott/29911/stats/pitching,P,18,18.0,NL,Andrew Abbott,671096,29911,29911
NYM,Mets,10,11,32,32,0,0,,192.0,816,182,101,94,29,189,61,,14,4.39573,1.26255,8.84667,2.84946,3.10468,1.36943,0.231457,0.0745508,0.15690583735704422,,0.245347,0.291788,0.699893,4.28687,743.9000000000001,3.874479166666667,736.0,3.8333333333333335,2.15641,1.67044,15,423.3599853515625,/players/sean-manaea/15873/stats/pitching,P,25,25.0,NL,Sean Manaea,640455,15873,15873
MIL,Brewers,6,3,0,78,11,2,,78.0,320,63,28,26,7,95,25,,2,3.0017,1.13081,10.9869,2.91575,3.76813,0.802481,0.297161,0.0788618,0.21829943358898163,,0.214762,0.293292,0.76598,2.87199,499.3,6.401282051282052,471.0,6.038461538461538,2.08726,2.04718,0,137.6999969482422,/players/trevor-megill/17722/stats/pitching,P,23,23.0,NL,Trevor Megill,656730,17722,17722
STL,Cardinals,9,11,29,29,0,0,,160.0,695,166,81,74,14,113,59,,6,4.17122,1.40336,6.32953,3.28991,1.92392,0.782469,0.162236,0.0843259,0.07791046053171158,,0.263808,0.302464,0.699722,4.02719,611.1999999999999,3.8199999999999994,649.0,4.05625,2.08454,1.83135,14,999.0,/players/andre-pallante/26108/stats/pitching,P,28,28.0,NL,Andre Pallante,669467,26108,26108
ATH,Athletics,9,12,31,31,0,0,,171.0,739,157,93,86,25,178,75,,12,4.53353,1.35659,9.3705,3.95189,2.37114,1.33117,0.240466,0.101413,0.13905230164527893,,0.24005,0.292283,0.707407,4.46435,644.7,3.7701754385964916,625.0,3.654970760233918,2.06104,2.16328,14,999.0,/players/jack-perkins/31468/stats/pitching,P,10,10.0,AL,Jack Perkins,678022,31468,31468
HOU,Astros,7,3,0,78,16,1,,78.0,318,55,28,26,8,106,30,,2,3.00412,1.08922,12.2853,3.46077,3.54988,0.955719,0.334708,0.0942869,0.24042075127363205,,0.192403,0.27312,0.774979,2.99833,535.8000000000001,6.86923076923077,486.0,6.230769230769231,2.05884,2.02975,0,124.38999938964844,/players/josh-hader/14212/stats/pitching,P,21,21.0,AL,Josh Hader,623352,14212,14212
TEX,Rangers,9,11,32,32,0,0,,163.0,702,160,86,80,21,147,62,,6,4.39491,1.36144,8.14051,3.42027,2.38008,1.18443,0.209967,0.0882187,0.12174869328737259,,0.252148,0.297542,0.707481,4.24946,621.9000000000001,3.815337423312884,632.0,3.8773006134969323,2.0254,1.5754,15,720.72998046875,/players/kumar-rocker/31843/stats/pitching,P,13,13.0,AL,Kumar Rocker,677958,31843,31843
BOS,Red Sox,6,3,0,76,15,1,,76.0,317,56,27,25,6,107,35,,2,2.94672,1.19673,12.7009,4.18151,3.0374,0.727722,0.338473,0.111435,0.2270382195711136,,0.199059,0.297948,0.775159,2.80385,525.0,6.907894736842105,484.0,6.368421052631579,2.02031,2.18272,0,64.55000305175781,/players/aroldis-chapman/10233/stats/pitching,P,3,3.0,AL,Aroldis Chapman,547973,10233,10233
STL,Cardinals,9,11,31,31,0,0,,172.0,734,182,87,80,21,120,45,,4,4.17687,1.3203,6.30162,2.37989,2.64786,1.09683,0.164011,0.0619413,0.10207022354006767,,0.265077,0.295457,0.709317,4.14219,634.3,3.6877906976744184,680.0,3.953488372093023,2.01885,1.97718,15,715.3800048828125,/players/michael-mcgreevy/29869/stats/pitching,P,28,28.0,NL,Michael McGreevy,700241,29869,29869
LAA,Angels,8,10,31,31,0,0,,164.0,708,160,84,77,23,165,64,,5,4.24994,1.36726,9.05473,3.53295,2.56294,1.27044,0.232932,0.0908847,0.14204732328653336,,0.250152,0.303195,0.732245,4.19188,637.7000000000003,3.888414634146343,644.0,3.926829268292683,2.0029,1.87253,15,506.57000732421875,/players/yusei-kikuchi/20633/stats/pitching,P,1,1.0,AL,Yusei Kikuchi,579328,20633,20633
DET,Tigers,9,9,24,34,0,1,,154.0,664,143,78,72,20,163,61,,8,4.22513,1.32687,9.4992,3.57265,2.65887,1.1924,0.244972,0.0921341,0.15283828973770142,,0.240943,0.298491,0.716569,4.05931,644.8000000000002,4.187012987012988,633.0,4.1103896103896105,1.97004,1.72023,11,999.0,/players/drew-anderson/15130/stats/pitching,P,6,6.0,AL,Drew Anderson,623454,15130,15130
CHW,White Sox,10,13,36,36,0,0,,189.0,825,194,102,94,25,154,69,,16,4.46757,1.3907,7.30977,3.28992,2.22187,1.2112,0.186348,0.0838699,0.10247797518968582,,0.262259,0.300651,0.708255,4.57457,639.7000000000002,3.3846560846560854,673.0,3.560846560846561,1.9663,1.6706,17,717.8599853515625,/players/anthony-kay/20387/stats/pitching,P,4,4.0,AL,Anthony Kay,641743,20387,20387
TEX,Rangers,9,12,32,32,0,0,,175.0,742,181,97,90,26,125,44,,5,4.63491,1.28742,6.45869,2.26144,2.856,1.36548,0.168872,0.059129,0.10974347591400146,,0.261116,0.28541,0.681964,4.48199,607.6,3.472,640.0,3.657142857142857,1.95437,1.22691,14,999.0,/players/cody-bradford/27597/stats/pitching,P,13,13.0,AL,Cody Bradford,674003,27597,27597
ATH,Athletics,9,12,32,32,0,0,,169.0,739,162,96,89,27,164,73,,8,4.7413,1.39095,8.73687,3.8991,2.24074,1.45088,0.222349,0.0992301,0.12311854958534241,,0.24666,0.289558,0.708021,4.70449,582.3000000000002,3.4455621301775157,579.0,3.42603550295858,1.95251,1.76725,14,409.239990234375,/players/jacob-lopez/25098/stats/pitching,P,10,10.0,AL,Jacob Lopez,682052,25098,25098
PIT,Pirates,8,10,29,29,0,0,,153.0,669,144,80,74,18,142,70,,9,4.33973,1.40129,8.32813,4.14096,2.01116,1.04636,0.211925,0.105375,0.1065501943230629,,0.244474,0.293753,0.710921,4.31116,583.4000000000001,3.8130718954248373,578.0,3.7777777777777777,1.9457,1.88237,14,150.00999450683594,/players/bubba-chandler/29868/stats/pitching,P,27,27.0,NL,Bubba Chandler,696149,29868,29868
HOU,Astros,13,16,42,42,0,0,,240.0,1050,237,132,123,36,219,98,,12,4.62493,1.40166,8.23791,3.69103,2.23187,1.344,0.208773,0.0935418,0.11523152142763138,,0.252741,0.294633,0.713978,4.59481,825.0,3.4375,840.0,3.5,1.93924,1.7513,19,999.0,/players/peter-lambert/17969/stats/pitching,P,21,21.0,AL,Peter Lambert,663567,17969,17969
TOR,Blue Jays,7,8,29,29,0,0,,145.0,623,126,73,67,19,154,67,,4,4.20093,1.33136,9.55964,4.1658,2.29479,1.16492,0.246474,0.107406,0.13906803727149963,,0.227477,0.281404,0.719665,4.13375,606.6999999999999,4.184137931034482,573.0,3.9517241379310346,1.93349,1.67327,14,194.2899932861328,/players/trey-yesavage/35456/stats/pitching,P,14,14.0,AL,Trey Yesavage,702056,35456,35456
LAD,Dodgers,5,3,0,75,12,3,,75.0,308,59,28,25,7,92,26,,3,3.05602,1.13256,10.9801,3.11579,3.52402,0.849505,0.297292,0.0843618,0.21293038874864578,,0.211386,0.287647,0.762264,3.03885,484.5,6.46,453.0,6.04,1.92957,1.84343,0,712.8099975585938,/players/tanner-scott/17586/stats/pitching,P,22,22.0,NL,Tanner Scott,656945,17586,17586
SDP,Padres,7,4,0,78,1,7,,78.0,320,63,28,26,6,88,26,,3,2.99607,1.14898,10.159,3.01764,3.36655,0.651071,0.275005,0.0816877,0.19331783801317215,,0.217987,0.292836,0.748016,2.89916,461.6000000000001,5.917948717948719,434.0,5.564102564102564,1.89479,1.77868,0,735.8499755859375,/players/adrian-morejon/20039/stats/pitching,P,29,29.0,NL,Adrian Morejon,670970,20039,20039
CIN,Reds,8,11,32,32,0,0,,176.0,759,175,100,92,26,164,58,,21,4.71814,1.32133,8.35578,2.98452,2.79971,1.3451,0.215633,0.0770198,0.1386130303144455,,0.256676,0.302467,0.678694,4.53582,618.6000000000001,3.514772727272728,633.0,3.596590909090909,1.87531,1.28292,14,127.94999694824219,/players/nick-lodolo/26378/stats/pitching,P,18,18.0,NL,Nick Lodolo,666157,26378,26378
MIN,Twins,9,11,31,31,0,0,,170.0,725,173,92,85,28,141,44,,6,4.51421,1.27031,7.46135,2.30965,3.23052,1.48887,0.19502,0.0603682,0.1346522718667984,,0.255925,0.285954,0.704144,4.46371,595.8,3.504705882352941,618.0,3.635294117647059,1.84692,1.5303,14,494.3399963378906,/players/bailey-ober/21224/stats/pitching,P,8,8.0,AL,Bailey Ober,641927,21224,21224
STL,Cardinals,9,11,31,31,0,0,,162.0,693,159,85,78,22,147,55,,6,4.35274,1.31949,8.17063,3.03736,2.69005,1.24763,0.211785,0.078729,0.13305558264255524,,0.251105,0.294449,0.707884,4.21496,625.7999999999998,3.862962962962962,635.0,3.919753086419753,1.84562,1.54879,15,410.2300109863281,/players/matthew-liberatore/22294/stats/pitching,P,28,28.0,NL,Matthew Liberatore,669461,22294,22294
WSN,Nationals,8,10,29,29,0,0,,141.0,618,130,75,69,19,141,69,,7,4.40941,1.40626,9.01222,4.39415,2.05096,1.22581,0.228628,0.111474,0.11715409904718399,,0.238885,0.288986,0.722097,4.47934,525.7,3.7283687943262414,512.0,3.631205673758865,1.84074,1.52893,13,999.0,/players/dj-herz/26389/stats/pitching,P,24,24.0,NL,DJ Herz,687792,26389,26389
NYY,Yankees,6,4,0,78,16,1,,78.0,321,63,30,28,7,92,26,,3,3.20369,1.13957,10.583,2.99184,3.53729,0.844825,0.285666,0.0807586,0.20490777492523193,,0.215253,0.287613,0.746526,3.06898,508.3,6.516666666666667,480.0,6.153846153846154,1.83176,1.74068,0,64.05999755859375,/players/david-bednar/19569/stats/pitching,P,9,9.0,AL,David Bednar,670280,19569,19569
CHW,White Sox,5,4,0,78,10,3,,78.0,325,64,30,28,7,95,29,,1,3.20317,1.19307,10.9463,3.31741,3.29964,0.804764,0.292314,0.0885895,0.2037242129445076,,0.218516,0.297908,0.753047,2.9938,486.70000000000005,6.239743589743591,461.0,5.910256410256411,1.82367,1.75959,0,506.67999267578125,/players/grant-taylor/33927/stats/pitching,P,4,4.0,AL,Grant Taylor,691799,33927,33927
MIA,Marlins,9,11,31,55,0,1,,180.0,784,186,96,89,25,150,62,,8,4.45452,1.37386,7.4649,3.10439,2.40463,1.23001,0.190794,0.0793443,0.11144939810037613,,0.259968,0.298236,0.709389,4.3867,634.9,3.527222222222222,669.0,3.716666666666667,1.8081,1.41477,13,999.0,/players/ryan-gusto/26440/stats/pitching,P,20,20.0,NL,Ryan Gusto,687473,26440,26440
KCR,Royals,9,11,31,31,0,0,,175.0,756,181,93,86,25,141,56,,8,4.42711,1.35809,7.28438,2.90422,2.50821,1.27756,0.187049,0.0745749,0.11247452348470688,,0.261458,0.296948,0.71322,4.42821,606.9,3.468,640.0,3.657142857142857,1.80624,2.00141,15,493.1000061035156,/players/seth-lugo/12447/stats/pitching,P,7,7.0,AL,Seth Lugo,607625,12447,12447
BAL,Orioles,10,12,32,32,0,0,,181.0,787,185,95,88,23,151,65,,13,4.38349,1.3799,7.49367,3.21463,2.33112,1.14104,0.191332,0.0820774,0.10925480723381042,,0.260739,0.302377,0.709103,4.37168,643.5,3.5552486187845305,674.0,3.723756906077348,1.7933,1.67736,15,359.3599853515625,/players/chris-bassitt/12304/stats/pitching,P,2,2.0,AL,Chris Bassitt,605135,12304,12304
COL,Rockies,8,11,24,42,0,1,,162.0,712,180,93,86,21,130,56,,9,4.80249,1.4534,7.2351,3.1041,2.33082,1.184,0.182788,0.078422,0.10436562448740005,,0.277284,0.319029,0.691762,4.40404,541.5,3.3425925925925926,606.0,3.740740740740741,1.77113,1.72218,9,999.0,/players/mason-adams/31663/stats/pitching,P,19,19.0,NL,Mason Adams,690279,31663,31663
BOS,Red Sox,6,3,0,75,1,6,,75.0,307,65,29,26,7,85,19,,3,3.16279,1.11665,10.2543,2.30673,4.44537,0.856816,0.278488,0.0626468,0.21584106236696243,,0.226321,0.298083,0.747272,2.92904,432.9,5.771999999999999,417.0,5.56,1.76645,1.67117,0,624.97998046875,/players/garrett-whitlock/20191/stats/pitching,P,3,3.0,AL,Garrett Whitlock,676477,20191,20191
ATL,Braves,12,14,42,42,0,0,,224.0,980,226,123,114,31,193,93,,8,4.59059,1.42425,7.75428,3.72424,2.08211,1.25867,0.19663,0.0944381,0.10219233483076096,,0.257039,0.297165,0.710371,4.54755,771.7000000000002,3.4450892857142863,800.0,3.5714285714285716,1.75752,1.82851,19,369.45001220703125,/players/grant-holmes/16944/stats/pitching,P,16,16.0,NL,Grant Holmes,656550,16944,16944
SFG,Giants,8,13,32,32,0,0,,191.0,826,205,104,96,25,134,60,,5,4.54351,1.38518,6.32935,2.81494,2.24848,1.15641,0.1624,0.0722267,0.09017371386289597,,0.268533,0.298535,0.695737,4.3751,645.9000000000001,3.3816753926701577,703.0,3.680628272251309,1.73648,1.44463,15,999.0,/players/anthony-molina/26952/stats/pitching,P,30,30.0,NL,Anthony Molina,683627,26952,26952
CIN,Reds,9,13,32,42,0,1,,173.0,757,180,101,94,25,135,64,,8,4.86465,1.40762,7.00411,3.30422,2.11975,1.28346,0.178322,0.0841244,0.09419801831245422,,0.263301,0.296246,0.682305,4.63564,562.7,3.2526011560693644,598.0,3.4566473988439306,1.70451,0.935172,12,552.219970703125,/players/rhett-lowder/33876/stats/pitching,P,18,18.0,NL,Rhett Lowder,695076,33876,33876
MIN,Twins,8,8,21,45,0,1,,138.0,592,131,66,61,16,136,51,,8,3.94582,1.31807,8.86677,3.31613,2.67383,1.04711,0.230059,0.0860408,0.14401788264513016,,0.246081,0.302193,0.72924,3.91308,582.8000000000001,4.223188405797102,581.0,4.2101449275362315,1.69635,1.84652,10,999.0,/players/connor-prielipp/31857/stats/pitching,P,8,8.0,AL,Connor Prielipp,687570,31857,31857
TOR,Blue Jays,6,4,8,62,1,9,,99.0,413,90,40,37,9,97,31,,2,3.34909,1.22076,8.81413,2.79324,3.15553,0.848904,0.233799,0.0740919,0.1597071960568428,,0.236091,0.293292,0.748233,3.36628,523.9,5.291919191919192,514.0,5.191919191919192,1.68079,1.78721,4,999.0,/players/spencer-miles/31621/stats/pitching,P,14,14.0,AL,Spencer Miles,693686,31621,31621
COL,Rockies,7,12,29,29,0,0,,158.0,692,184,96,89,27,121,40,,6,5.08521,1.41374,6.88214,2.25057,3.05796,1.51217,0.174723,0.0571372,0.11758607998490334,,0.28477,0.315714,0.683558,4.62611,462.70000000000005,2.9284810126582284,543.0,3.4367088607594938,1.66564,1.44536,12,999.0,/players/kyle-freeland/16256/stats/pitching,P,19,19.0,NL,Kyle Freeland,607536,16256,16256
MIN,Twins,8,10,21,43,0,1,,147.0,624,149,76,70,22,139,40,,4,4.3087,1.29122,8.50781,2.48197,3.42784,1.33511,0.222132,0.0648022,0.15732941776514053,,0.256974,0.303405,0.713701,4.05085,579.8,3.9442176870748296,599.0,4.074829931972789,1.65338,1.397,9,488.6400146484375,/players/zebby-matthews/31827/stats/pitching,P,8,8.0,AL,Zebby Matthews,805673,31827,31827
MIN,Twins,9,11,29,29,0,0,,159.0,688,159,85,79,24,145,56,,4,4.47315,1.34764,8.17379,3.13404,2.60807,1.33422,0.210392,0.0806696,0.12972240149974823,,0.253575,0.295047,0.711596,4.33776,578.0000000000001,3.635220125786164,593.0,3.729559748427673,1.62828,1.5321,13,999.0,/players/dean-kremer/19350/stats/pitching,P,8,8.0,AL,Dean Kremer,665152,19350,19350
CIN,Reds,9,13,32,32,0,0,,173.0,756,179,102,94,28,152,61,,12,4.90689,1.38622,7.87367,3.15771,2.49347,1.43855,0.20031,0.0803339,0.11997649818658829,,0.2624,0.300759,0.685829,4.69419,555.4000000000001,3.2104046242774573,586.0,3.38728323699422,1.62705,0.908487,13,388.25,/players/brady-singer/25377/stats/pitching,P,18,18.0,NL,Brady Singer,663903,25377,25377
BAL,Orioles,9,11,32,32,0,0,,172.0,745,175,94,87,26,148,61,,5,4.54342,1.36955,7.70621,3.17734,2.42537,1.34295,0.198033,0.0816509,0.11638233065605164,,0.257861,0.295337,0.709823,4.47304,596.0,3.4651162790697674,620.0,3.604651162790698,1.61281,1.22127,14,999.0,/players/brandon-young/27819/stats/pitching,P,2,2.0,AL,Brandon Young,687064,27819,27819
SFG,Giants,8,14,32,32,0,0,,180.0,783,180,98,91,26,143,71,,7,4.55273,1.38986,7.12237,3.53908,2.01249,1.304,0.182157,0.0905131,0.09164396673440933,,0.254738,0.286193,0.714672,4.69777,596.2,3.3122222222222226,614.0,3.411111111111111,1.61012,1.47606,15,999.0,/players/matthew-wilkinson/33760/stats/pitching,P,30,30.0,NL,Matt Wilkinson,683363,33760,33760
SEA,Mariners,9,9,26,44,0,1,,160.0,672,147,79,73,24,153,49,,5,4.12416,1.22511,8.60111,2.76455,3.11122,1.32724,0.227488,0.0731186,0.15436951816082,,0.237696,0.27929,0.716175,4.12404,654.5999999999999,4.09125,636.0,3.975,1.6075,1.33283,12,341.6000061035156,/players/bryce-miller/29837/stats/pitching,P,11,11.0,AL,Bryce Miller,682243,29837,29837
NYM,Mets,10,12,32,32,0,0,,174.0,746,179,95,88,25,137,50,,8,4.53644,1.31936,7.07316,2.59282,2.72798,1.31171,0.18316,0.0671411,0.1160183772444725,,0.260802,0.292971,0.693237,4.4335,614.7000000000002,3.532758620689656,645.0,3.706896551724138,1.60397,1.17204,15,999.0,/players/zachary-thornton/33891/stats/pitching,P,25,25.0,NL,Zac Thornton,804267,33891,33891
BOS,Red Sox,8,8,19,35,0,0,,134.0,579,136,68,62,14,112,45,,8,4.164,1.34465,7.50176,3.01752,2.48607,0.966192,0.193694,0.0779118,0.11578252911567688,,0.258011,0.303582,0.704696,4.00291,530.7999999999998,3.961194029850745,553.0,4.126865671641791,1.57127,1.60087,9,421.4100036621094,/players/brayan-bello/23920/stats/pitching,P,3,3.0,AL,Brayan Bello,678394,23920,23920
SDP,Padres,10,13,37,47,0,0,,200.0,878,203,112,104,29,172,79,,11,4.64948,1.4084,7.72631,3.5451,2.17943,1.30997,0.195924,0.0898966,0.10602700710296631,,0.257852,0.296529,0.70492,4.61774,669.5,3.3475,697.0,3.485,1.56266,0.91558,15,740.9299926757812,/players/walker-buehler/19374/stats/pitching,P,29,29.0,NL,Walker Buehler,621111,19374,19374
MIL,Brewers,5,3,0,76,2,5,,76.0,316,58,28,26,6,88,32,,4,3.02455,1.19361,10.3935,3.84138,2.70566,0.668258,0.277427,0.102536,0.17489093542099,,0.207966,0.281748,0.756973,3.18302,435.8,5.734210526315789,400.0,5.2631578947368425,1.52679,1.75187,0,167.27999877929688,/players/abner-uribe/25327/stats/pitching,P,23,23.0,NL,Abner Uribe,682842,25327,25327
STL,Cardinals,8,9,28,38,0,1,,149.0,656,138,75,69,17,141,77,,7,4.17945,1.44058,8.5077,4.64483,1.83165,1.00436,0.215229,0.117505,0.09772349148988724,,0.241405,0.293175,0.728442,4.34823,568.7,3.8167785234899334,558.0,3.7449664429530203,1.51589,1.63257,13,999.0,/players/quinn-mathews/33851/stats/pitching,P,28,28.0,NL,Quinn Mathews,687273,33851,33851
LAA,Angels,7,10,26,26,0,0,,146.0,631,143,79,73,20,139,55,,7,4.46839,1.35246,8.55784,3.37818,2.53327,1.25198,0.220214,0.0869288,0.13328535109758377,,0.250922,0.298849,0.704002,4.27899,554.6000000000001,3.7986301369863025,562.0,3.8493150684931505,1.48854,1.24139,12,397.1099853515625,/players/grayson-rodriguez/24492/stats/pitching,P,1,1.0,AL,Grayson Rodriguez,680570,24492,24492
LAD,Dodgers,6,3,0,72,0,5,,72.0,298,53,29,27,8,99,29,,6,3.35856,1.14926,12.3325,3.66972,3.36061,0.970339,0.33115,0.0985386,0.23261163383722305,,0.202975,0.291337,0.745537,3.21585,409.6000000000001,5.68888888888889,369.0,5.125,1.46538,1.33982,0,33.0,/players/edwin-diaz/14710/stats/pitching,P,22,22.0,NL,Edwin Díaz,621242,14710,14710
DET,Tigers,7,7,28,28,0,0,,137.0,593,135,71,65,16,117,53,,8,4.30897,1.3709,7.73179,3.46448,2.23173,1.07216,0.197905,0.0886781,0.10922738909721375,,0.252759,0.296598,0.705986,4.25154,517.0000000000002,3.7737226277372278,528.0,3.854014598540146,1.42665,1.49328,13,675.5399780273438,/players/river-ryan/29514/stats/pitching,P,6,6.0,AL,River Ryan,689981,29514,29514
ARI,Diamondbacks,10,11,31,31,0,0,,175.0,760,180,95,88,26,141,63,,4,4.54232,1.39662,7.2723,3.26262,2.22897,1.32438,0.185528,0.0832348,0.1022932305932045,,0.260556,0.294311,0.715229,4.55703,588.2,3.361142857142857,618.0,3.5314285714285716,1.41443,1.55253,14,284.17999267578125,/players/merrill-kelly/11156/stats/pitching,P,15,15.0,NL,Merrill Kelly,518876,11156,11156
HOU,Astros,9,10,29,29,0,0,,146.0,635,146,78,72,21,125,57,,4,4.45374,1.39284,7.71462,3.51303,2.196,1.27576,0.197163,0.089783,0.10738025605678558,,0.255251,0.293914,0.718326,4.48929,509.5000000000001,3.489726027397261,524.0,3.589041095890411,1.40544,1.29282,13,999.0,/players/ethan-pecko/33515/stats/pitching,P,21,21.0,AL,Ethan Pecko,814490,33515,33515
TOR,Blue Jays,5,3,0,67,13,1,,67.0,276,58,25,23,6,73,19,,2,3.09055,1.14571,9.79151,2.53414,3.86384,0.8613,0.264543,0.0684662,0.19607644528150558,,0.22732,0.293547,0.761062,3.10228,423.2,6.316417910447761,409.0,6.104477611940299,1.36575,1.55245,0,999.0,/players/louie-varland/27691/stats/pitching,P,14,14.0,AL,Louis Varland,686973,27691,27691
ATH,Athletics,8,13,32,32,0,0,,172.0,756,182,104,96,32,144,62,,5,5.03402,1.41094,7.50627,3.21387,2.33559,1.66718,0.190201,0.0814362,0.10876506567001343,,0.263499,0.291462,0.703524,4.99752,492.99999999999994,2.8662790697674416,531.0,3.0872093023255816,1.34909,1.22195,13,722.25,/players/jeffrey-springs/17677/stats/pitching,P,10,10.0,AL,Jeffrey Springs,605488,17677,17677
TBR,Rays,5,4,13,13,0,0,,71.0,295,64,30,28,8,71,22,,2,3.56728,1.20656,9.03854,2.76954,3.26355,1.03083,0.24056,0.0737111,0.16684845834970474,,0.234207,0.288456,0.741627,3.59221,330.6,4.6563380281690145,321.0,4.52112676056338,1.3403,1.47185,7,182.99000549316406,/players/shane-mcclanahan/21483/stats/pitching,P,12,12.0,AL,Shane McClanahan,663556,21483,21483
WSN,Nationals,5,5,16,16,0,0,,88.0,379,82,44,41,11,90,33,,7,4.12107,1.30085,9.17019,3.34031,2.74531,1.14504,0.237976,0.0866848,0.15129166841506958,,0.24264,0.298821,0.715345,4.06663,362.7000000000001,4.12159090909091,357.0,4.056818181818182,1.33205,1.23287,8,266.4800109863281,/players/connelly-early/33666/stats/pitching,P,24,24.0,NL,Connelly Early,813349,33666,33666
BOS,Red Sox,5,5,16,16,0,0,,91.0,387,95,46,42,11,72,23,,4,4.19554,1.29644,7.10336,2.29524,3.09483,1.12612,0.185471,0.0599293,0.12554149702191353,,0.263044,0.300946,0.70542,4.03797,354.0999999999999,3.8912087912087903,375.0,4.1208791208791204,1.32889,1.25064,8,999.0,/players/jake-bennett/31959/stats/pitching,P,3,3.0,AL,Jake Bennett,687562,31959,31959
ATL,Braves,4,3,0,77,15,1,,77.0,318,67,33,30,9,83,22,,2,3.54216,1.15335,9.72218,2.56272,3.7937,1.06697,0.261421,0.0689093,0.19251177459955215,,0.227656,0.286648,0.73694,3.43178,457.90000000000003,5.946753246753247,441.0,5.7272727272727275,1.29289,1.23358,0,100.62000274658203,/players/raisel-iglesias/17130/stats/pitching,P,16,16.0,NL,Raisel Iglesias,628452,17130,17130
COL,Rockies,6,12,24,40,0,1,,159.0,695,186,101,94,30,117,38,,4,5.33506,1.4035,6.62703,2.14169,3.0943,1.70365,0.168811,0.0545555,0.11425541341304779,,0.284364,0.307661,0.674366,4.87837,436.0000000000001,2.742138364779875,517.0,3.251572327044025,1.27805,0.929093,8,999.0,/players/tanner-gordon/27669/stats/pitching,P,19,19.0,NL,Tanner Gordon,685299,27669,27669
TOR,Blue Jays,9,11,32,32,0,0,,164.0,703,160,91,85,29,151,55,,6,4.64762,1.30892,8.27701,2.99746,2.76134,1.60411,0.214205,0.0775727,0.13663195073604584,,0.24881,0.282424,0.71268,4.69223,559.9000000000001,3.414024390243903,562.0,3.426829268292683,1.26861,1.05354,14,546.9299926757812,/players/max-scherzer/3137/stats/pitching,P,14,14.0,AL,Max Scherzer,453286,3137,3137
NYM,Mets,5,3,0,60,7,3,,60.0,249,44,24,22,5,76,27,,2,3.25499,1.17423,11.4647,4.01178,2.85777,0.786715,0.306665,0.107309,0.19935572892427444,,0.198472,0.277618,0.74179,3.13987,380.1,6.335,347.0,5.783333333333333,1.25636,1.08454,0,59.470001220703125,/players/devin-williams/15816/stats/pitching,P,25,25.0,NL,Devin Williams,642207,15816,15816
SDP,Padres,11,13,34,48,0,0,,201.0,874,182,106,99,32,199,94,,6,4.40686,1.36929,8.90072,4.19599,2.12124,1.43757,0.227673,0.10733,0.12034326791763306,,0.234835,0.275632,0.735865,4.69409,718.6000000000001,3.5751243781094533,687.0,3.417910447761194,1.24081,1.40236,15,166.44000244140625,/players/robbie-ray/11486/stats/pitching,P,29,29.0,NL,Robbie Ray,592662,11486,11486
WSN,Nationals,8,11,29,29,0,0,,158.0,688,160,91,85,26,134,59,,8,4.80265,1.38155,7.61677,3.33539,2.28362,1.47522,0.195025,0.0854015,0.10962311923503876,,0.258131,0.291458,0.699197,4.80817,500.4000000000001,3.167088607594937,519.0,3.2848101265822787,1.2213,1.04806,12,999.0,/players/jake-irvin/21504/stats/pitching,P,24,24.0,NL,Jake Irvin,663623,21504,21504
BAL,Orioles,6,7,19,39,0,1,,128.0,553,125,67,62,18,118,48,,4,4.3305,1.35426,8.25566,3.39809,2.4295,1.26617,0.212563,0.0874926,0.12507086247205734,,0.24991,0.293315,0.720278,4.31663,484.80000000000007,3.7875000000000005,490.0,3.828125,1.21944,1.07186,8,999.0,/players/cade-povich/30055/stats/pitching,P,2,2.0,AL,Cade Povich,700249,30055,30055
ATL,Braves,5,3,0,75,0,7,,75.0,308,64,29,27,9,86,22,,1,3.19327,1.13931,10.3433,2.62711,3.93714,1.03286,0.279426,0.0709719,0.2084542214870453,,0.222538,0.288001,0.772323,3.20913,408.9,5.452,389.0,5.1866666666666665,1.20832,1.33917,0,999.0,/players/dylan-lee/19996/stats/pitching,P,16,16.0,NL,Dylan Lee,669276,19996,19996
NYY,Yankees,5,4,0,77,1,7,,77.0,321,66,33,31,9,87,26,,3,3.58703,1.18492,10.1688,3.00811,3.38046,1.0523,0.27103,0.0801754,0.19085441529750824,,0.223745,0.287159,0.737938,3.46125,407.5,5.292207792207792,388.0,5.038961038961039,1.20725,1.11341,0,999.0,/players/brent-headrick/27702/stats/pitching,P,9,9.0,AL,Brent Headrick,687396,27702,27702
DET,Tigers,6,6,11,56,0,0,,108.0,460,95,51,47,14,124,40,,6,3.93598,1.25681,10.3912,3.37024,3.08321,1.16577,0.270851,0.087847,0.183003731071949,,0.230127,0.295215,0.72817,3.76138,490.0,4.537037037037037,468.0,4.333333333333333,1.20502,0.996525,5,209.0,/players/jack-flaherty/17479/stats/pitching,P,6,6.0,AL,Jack Flaherty,656427,17479,17479
LAA,Angels,8,11,28,28,0,0,,149.0,659,145,80,73,15,127,75,,9,4.43048,1.47725,7.66685,4.51872,1.69669,0.934159,0.192657,0.113549,0.07910815626382828,,0.252626,0.300012,0.706192,4.43102,543.1000000000001,3.644966442953021,552.0,3.704697986577181,1.18968,1.32174,13,999.0,/players/walbert-urena/29357/stats/pitching,P,1,1.0,AL,Walbert Ureña,700712,29357,29357
NYM,Mets,5,6,18,38,0,1,,123.0,524,125,65,61,20,100,32,,5,4.42463,1.2657,7.31497,2.31488,3.15997,1.44301,0.191456,0.0605879,0.13086818158626556,,0.255336,0.284946,0.706701,4.44617,432.20000000000005,3.5138211382113824,448.0,3.6422764227642275,1.18424,0.779103,7,999.0,/players/justin-hagenman/21546/stats/pitching,P,25,25.0,NL,Justin Hagenman,663795,21546,21546
ATL,Braves,5,4,0,76,1,6,,76.0,316,67,33,31,9,84,24,,4,3.61915,1.18785,9.97398,2.80215,3.5594,1.06917,0.266223,0.0747945,0.1914287582039833,,0.230766,0.294688,0.736567,3.52221,390.49999999999994,5.138157894736842,376.0,4.947368421052632,1.16999,1.07036,0,600.4400024414062,/players/didier-fuentes/30661/stats/pitching,P,16,16.0,NL,Didier Fuentes,800311,30661,30661
PIT,Pirates,4,3,0,64,3,4,,64.0,268,53,26,24,6,79,26,,3,3.35165,1.22384,11.1149,3.62442,3.06666,0.894764,0.294454,0.0960178,0.19843602925539017,,0.218837,0.298495,0.754798,3.24896,364.0,5.6875,344.0,5.375,1.1659,1.26937,0,748.4400024414062,/players/mason-montgomery/29770/stats/pitching,P,27,27.0,NL,Mason Montgomery,682254,29770,29770
KCR,Royals,8,11,29,29,0,0,,159.0,711,180,93,85,18,102,60,,10,4.81942,1.50436,5.74447,3.38567,1.6967,1.01519,0.142973,0.084265,0.05870768427848816,,0.280116,0.309901,0.68522,4.6009,481.20000000000016,3.0264150943396237,555.0,3.490566037735849,1.14705,0.981935,13,999.0,/players/randy-dobnak/23798/stats/pitching,P,7,7.0,AL,Randy Dobnak,677976,23798,23798
DET,Tigers,6,7,19,19,0,0,,112.0,484,115,60,56,16,86,35,,5,4.4717,1.34939,6.94828,2.85521,2.43355,1.28528,0.178457,0.073332,0.10512509942054749,,0.260363,0.291642,0.707485,4.49886,385.0,3.4375,404.0,3.607142857142857,1.13896,1.01531,9,999.0,/players/keider-montero/22630/stats/pitching,P,6,6.0,AL,Keider Montero,672456,22630,22630
TBR,Rays,4,4,0,77,16,1,,77.0,324,66,34,31,9,85,28,,2,3.6708,1.22405,9.99068,3.32738,3.00257,1.03355,0.263852,0.0878754,0.17597635835409164,,0.224317,0.286216,0.735918,3.5692,451.5,5.863636363636363,432.0,5.6103896103896105,1.12555,1.01909,0,999.0,/players/bryan-baker/19804/stats/pitching,P,12,12.0,AL,Bryan Baker,641329,19804,19804
ARI,Diamondbacks,9,9,19,57,0,1,,155.0,667,157,82,76,22,131,50,,6,4.38846,1.33467,7.59573,2.88137,2.63615,1.25227,0.196052,0.0743705,0.12168128788471222,,0.256937,0.295198,0.708438,4.29062,566.2,3.652903225806452,587.0,3.7870967741935484,1.12455,1.17257,7,222.69000244140625,/players/zac-gallen/19291/stats/pitching,P,15,15.0,NL,Zac Gallen,668678,19291,19291
LAD,Dodgers,5,3,0,72,4,6,,72.0,298,61,31,29,9,81,22,,3,3.56469,1.15673,10.1081,2.75506,3.6689,1.14742,0.271602,0.0740282,0.19757405668497086,,0.224556,0.284988,0.743584,3.55339,394.5000000000001,5.479166666666668,374.0,5.194444444444445,1.10524,0.888247,0,999.0,/players/evan-phillips/17734/stats/pitching,P,22,22.0,NL,Evan Phillips,623465,17734,17734
MIA,Marlins,8,10,28,44,0,1,,166.0,733,175,92,85,21,127,67,,5,4.58338,1.45523,6.84491,3.64785,1.87643,1.14435,0.172598,0.0919826,0.08061584085226059,,0.264525,0.299466,0.706656,4.54473,557.1000000000001,3.3560240963855428,599.0,3.608433734939759,1.10398,1.14322,11,999.0,/players/tyler-phillips/20629/stats/pitching,P,20,20.0,NL,Tyler Phillips,663969,20629,20629
COL,Rockies,6,12,23,49,0,1,,151.0,674,165,97,90,23,121,64,,5,5.37447,1.51594,7.22789,3.81135,1.89641,1.37236,0.179842,0.0948327,0.0850088894367218,,0.272546,0.307909,0.670594,4.84851,444.5000000000001,2.943708609271524,495.0,3.2781456953642385,1.09722,0.737537,7,999.0,/players/ryan-feltner/21446/stats/pitching,P,19,19.0,NL,Ryan Feltner,663372,21446,21446
SFG,Giants,9,14,32,52,0,1,,200.0,866,207,111,102,27,144,68,,11,4.60267,1.37207,6.46936,3.05098,2.12042,1.21355,0.166312,0.0784335,0.08787859231233597,,0.263012,0.292185,0.691698,4.59873,664.7,3.3235,704.0,3.52,1.08106,1.14587,13,999.0,/players/duncan-davitt/31886/stats/pitching,P,30,30.0,NL,Duncan Davitt,701474,31886,31886
PHI,Phillies,5,4,0,70,1,6,,70.0,298,59,30,28,7,81,31,,4,3.58357,1.28806,10.4393,4.0225,2.59523,0.853948,0.272415,0.104968,0.16744724661111832,,0.224374,0.29922,0.739898,3.54192,364.5,5.207142857142857,345.0,4.928571428571429,1.04673,1.0107,0,746.0700073242188,/players/jose-alvarado/17780/stats/pitching,P,26,26.0,NL,José Alvarado,621237,17780,17780
KCR,Royals,7,10,28,28,0,0,,146.0,642,157,83,77,20,105,54,,7,4.73513,1.44245,6.46297,3.32455,1.94401,1.2435,0.163298,0.0840005,0.07929763942956924,,0.269479,0.299099,0.700549,4.7074,453.2000000000001,3.1041095890410966,497.0,3.404109589041096,1.03881,1.13995,12,999.0,/players/daniel-lynch-iv/21537/stats/pitching,P,7,7.0,AL,Daniel Lynch IV,663738,21537,21537
ARI,Diamondbacks,5,3,0,62,3,5,,62.0,264,47,24,22,4,80,34,,4,3.14694,1.30014,11.6408,4.88685,2.38207,0.577285,0.304146,0.127681,0.17646455764770508,,0.207859,0.303277,0.757574,3.17769,368.4,5.941935483870967,339.0,5.467741935483871,1.02581,1.10902,0,999.0,/players/justin-martinez/24453/stats/pitching,P,15,15.0,NL,Justin Martinez,679885,24453,24453
DET,Tigers,7,9,26,26,0,0,,137.0,596,133,74,68,19,120,57,,6,4.47218,1.38395,7.90744,3.73401,2.11768,1.26876,0.201655,0.0952245,0.10643073171377182,,0.248717,0.287863,0.713262,4.55828,485.3000000000001,3.5423357664233586,489.0,3.5693430656934306,1.02108,1.17732,12,999.0,/players/jackson-jobe/30203/stats/pitching,P,6,6.0,AL,Jackson Jobe,695549,30203,30203
LAA,Angels,8,12,26,52,0,1,,156.0,683,161,89,83,25,135,58,,6,4.76283,1.40268,7.74854,3.33191,2.32555,1.41663,0.197129,0.0847667,0.11236269026994705,,0.260958,0.297834,0.703921,4.65803,510.30000000000007,3.2711538461538465,537.0,3.4423076923076925,1.00488,0.688344,9,999.0,/players/ryan-johnson/35325/stats/pitching,P,1,1.0,AL,Ryan Johnson,696270,35325,35325
PIT,Pirates,3,3,0,65,8,3,,65.0,276,61,30,28,8,69,21,,3,3.86555,1.25953,9.55688,2.86915,3.33091,1.06431,0.250406,0.0751763,0.17522946745157242,,0.242333,0.304412,0.727094,3.59019,342.0,5.2615384615384615,339.0,5.2153846153846155,0.996179,0.837256,0,733.510009765625,/players/luke-weaver/16918/stats/pitching,P,27,27.0,NL,Luke Weaver,596133,16918,16918
HOU,Astros,5,4,0,77,1,7,,77.0,328,59,32,30,8,101,39,,5,3.47091,1.27538,11.8288,4.58952,2.57735,0.959431,0.308655,0.119757,0.1888984963297844,,0.207567,0.290653,0.760982,3.5696,421.0000000000001,5.467532467532469,384.0,4.987012987012987,0.970423,1.2254,0,181.6999969482422,/players/bryan-abreu/16609/stats/pitching,P,21,21.0,AL,Bryan Abreu,650556,16609,16609
TEX,Rangers,3,3,0,66,11,1,,66.0,280,55,30,28,8,72,29,,2,3.78896,1.27996,9.85459,3.98496,2.47295,1.03122,0.258145,0.104388,0.1537572145462036,,0.221731,0.281592,0.735605,3.79822,357.0000000000001,5.409090909090911,336.0,5.090909090909091,0.96361,0.742009,0,730.9299926757812,/players/jacob-latz/21306/stats/pitching,P,13,13.0,AL,Jacob Latz,656641,21306,21306
SDP,Padres,4,4,0,77,1,8,,77.0,323,66,34,31,7,79,29,,3,3.5949,1.23046,9.23164,3.35063,2.7552,0.860212,0.244361,0.0886909,0.1556701511144638,,0.226951,0.28669,0.725106,3.54081,411.1,5.338961038961039,393.0,5.103896103896104,0.957115,0.674203,0,999.0,/players/bradgley-rodriguez/29107/stats/pitching,P,29,29.0,NL,Bradgley Rodriguez,699134,29107,29107
TBR,Rays,5,4,0,75,1,7,,75.0,309,70,32,29,8,67,16,,5,3.52354,1.14864,8.07529,1.93546,4.17229,0.920522,0.217753,0.0521904,0.16556279361248016,,0.243231,0.292843,0.716726,3.48251,378.6,5.048,375.0,5.0,0.944568,1.08576,0,999.0,/players/kevin-kelly/25679/stats/pitching,P,12,12.0,AL,Kevin Kelly,687330,25679,25679
MIL,Brewers,5,4,0,77,1,7,,77.0,330,65,33,30,6,89,37,,4,3.47033,1.32632,10.3453,4.30994,2.40033,0.753232,0.268124,0.111703,0.1564212515950203,,0.225336,0.302161,0.746982,3.46876,415.0000000000001,5.389610389610391,395.0,5.12987012987013,0.922046,0.930814,0,999.0,/players/aaron-ashby/23550/stats/pitching,P,23,23.0,NL,Aaron Ashby,676879,23550,23550
ATH,Athletics,4,5,13,37,0,0,,91.0,394,96,48,44,12,69,28,,3,4.34449,1.35934,6.84967,2.7845,2.45993,1.1913,0.176385,0.0717031,0.10468148440122604,,0.264016,0.297589,0.713124,4.31337,321.19999999999993,3.529670329670329,344.0,3.78021978021978,0.913325,1.01975,5,999.0,/players/brady-basso/25582/stats/pitching,P,10,10.0,AL,Brady Basso,669620,25582,25582
PIT,Pirates,4,4,0,63,2,5,,63.0,270,55,27,25,5,72,27,,6,3.60311,1.30217,10.2823,3.9171,2.62497,0.747363,0.266797,0.101638,0.16515859216451645,,0.230819,0.309792,0.730675,3.47413,336.70000000000005,5.344444444444445,325.0,5.158730158730159,0.912259,0.894552,0,728.4099731445312,/players/gregory-soto/19677/stats/pitching,P,27,27.0,NL,Gregory Soto,642397,19677,19677
COL,Rockies,7,13,28,28,0,0,,154.0,679,188,99,92,29,98,37,,5,5.3974,1.46979,5.71749,2.18725,2.61401,1.71706,0.143724,0.0549824,0.0887419730424881,,0.296021,0.312219,0.686538,5.13816,364.1000000000001,2.3642857142857148,463.0,3.0064935064935066,0.870926,0.936817,10,999.0,/players/tomoyuki-sugano/35321/stats/pitching,P,19,19.0,NL,Tomoyuki Sugano,608372,35321,35321
PHI,Phillies,4,3,0,72,0,6,,72.0,303,66,33,31,10,77,23,,3,3.84349,1.23132,9.68199,2.86682,3.37726,1.19268,0.255795,0.0757404,0.18005427718162537,,0.237661,0.296408,0.733066,3.76673,338.20000000000005,4.697222222222223,330.0,4.583333333333333,0.867717,0.919181,0,999.0,/players/jonathan-bowlan/24607/stats/pitching,P,26,26.0,NL,Jonathan Bowlan,680742,24607,24607
ATL,Braves,5,4,0,70,0,7,,70.0,290,62,29,27,7,69,20,,2,3.44361,1.18236,8.82622,2.62717,3.3596,0.892759,0.236925,0.0705218,0.16640311479568481,,0.233272,0.28906,0.735041,3.39488,370.7,5.295714285714285,359.0,5.128571428571429,0.847307,0.832035,0,214.39999389648438,/players/robert-suarez/30115/stats/pitching,P,16,16.0,NL,Robert Suarez,663158,30115,30115
CLE,Guardians,4,4,0,73,1,8,,73.0,316,53,31,28,8,101,44,,3,3.50019,1.32694,12.45,5.38759,2.31087,0.936995,0.319757,0.138371,0.18138659000396729,,0.197721,0.284232,0.767522,3.61541,402.00000000000006,5.506849315068494,359.0,4.917808219178082,0.825715,0.968232,0,999.0,/players/erik-sabrowski/24978/stats/pitching,P,5,5.0,AL,Erik Sabrowski,681870,24978,24978
PHI,Phillies,5,7,15,45,0,0,,105.0,455,105,60,55,16,93,40,,3,4.72044,1.37868,7.97444,3.40876,2.3394,1.39616,0.204503,0.0874171,0.11708619445562363,,0.254759,0.292945,0.698781,4.56838,364.20000000000005,3.468571428571429,374.0,3.5619047619047617,0.824428,0.627745,5,999.0,/players/andrew-painter/30091/stats/pitching,P,26,26.0,NL,Andrew Painter,691725,30091,30091
MIA,Marlins,3,3,0,62,6,3,,62.0,259,60,29,27,7,53,15,,3,3.90473,1.20621,7.65665,2.18792,3.49951,0.982387,0.203617,0.0581844,0.14543266594409943,,0.247322,0.29103,0.69681,3.67017,310.69999999999993,5.011290322580644,313.0,5.048387096774194,0.822632,0.615788,0,144.57000732421875,/players/sandy-alcantara/18684/stats/pitching,P,20,20.0,NL,Sandy Alcantara,645261,18684,18684
CHC,Cubs,5,4,0,76,10,3,,76.0,323,65,35,32,9,84,32,,4,3.81391,1.27411,9.9439,3.82241,2.60147,1.04032,0.260223,0.100029,0.1601937711238861,,0.225481,0.288153,0.732859,3.83016,404.70000000000005,5.325,385.0,5.065789473684211,0.802509,0.728517,0,91.05999755859375,/players/daniel-palencia/27914/stats/pitching,P,17,17.0,NL,Daniel Palencia,694037,27914,27914
ATH,Athletics,5,9,19,29,0,0,,120.0,529,133,72,67,17,76,40,,10,4.99258,1.44489,5.70632,3.02228,1.88808,1.30484,0.143885,0.0762071,0.06767828017473221,,0.277987,0.30028,0.679318,4.96795,335.09999999999997,2.7924999999999995,381.0,3.175,0.800455,0.802493,7,999.0,/players/kade-morris/33787/stats/pitching,P,10,10.0,AL,Kade Morris,695034,33787,33787
DET,Tigers,3,5,15,15,0,0,,82.0,354,83,45,42,13,69,27,,3,4.60326,1.33279,7.54233,2.92977,2.57438,1.43558,0.193942,0.0753356,0.11860660463571548,,0.254574,0.286488,0.705098,4.59143,279.1000000000001,3.403658536585367,289.0,3.524390243902439,0.792624,0.634912,7,658.8499755859375,/players/justin-verlander/8700/stats/pitching,P,6,6.0,AL,Justin Verlander,434378,8700,8700
COL,Rockies,5,10,23,23,0,0,,124.0,563,144,79,74,19,81,52,,5,5.3313,1.57628,5.89605,3.735,1.57859,1.3624,0.144582,0.0915892,0.052992887794971466,,0.284878,0.308846,0.688325,5.12241,300.4999999999999,2.4233870967741926,364.0,2.935483870967742,0.787351,0.816063,9,999.0,/players/jose-quintana/11423/stats/pitching,P,19,19.0,NL,Jose Quintana,500779,11423,11423
ARI,Diamondbacks,6,6,13,55,0,0,,117.0,498,119,61,56,18,98,32,,5,4.31441,1.28303,7.51158,2.44503,3.07219,1.35131,0.196703,0.0640269,0.13267583400011063,,0.257159,0.29213,0.714034,4.31411,420.0000000000002,3.5897435897435916,436.0,3.7264957264957266,0.783866,0.821783,5,251.42999267578125,/players/ryne-nelson/26253/stats/pitching,P,15,15.0,NL,Ryne Nelson,669194,26253,26253
NYM,Mets,5,6,11,57,0,0,,110.0,476,112,59,54,17,91,34,,4,4.43275,1.32688,7.41208,2.76812,2.67766,1.34753,0.191114,0.0713737,0.11974065005779266,,0.256864,0.290346,0.711793,4.42294,381.7,3.4699999999999998,397.0,3.609090909090909,0.781531,0.486211,4,999.0,/players/tobias-myers/22191/stats/pitching,P,25,25.0,NL,Tobias Myers,668964,22191,22191
NYM,Mets,4,3,0,59,0,5,,59.0,248,48,25,23,6,70,24,,3,3.49443,1.21194,10.6078,3.59257,2.95271,0.923253,0.280728,0.0950747,0.18565310537815094,,0.216954,0.288104,0.739516,3.43392,317.0,5.372881355932203,296.0,5.016949152542373,0.778574,0.55381,0,999.0,/players/nate-lavender/30109/stats/pitching,P,25,25.0,NL,Nate Lavender,681320,30109,30109
ARI,Diamondbacks,4,3,0,61,5,4,,61.0,263,55,26,24,5,64,28,,3,3.58679,1.36554,9.37309,4.19285,2.23549,0.756236,0.241142,0.10787,0.1332724466919899,,0.236937,0.305302,0.746189,3.6755,322.9000000000001,5.293442622950821,316.0,5.180327868852459,0.765614,1.00557,0,999.0,/players/juan-morillo/21924/stats/pitching,P,15,15.0,NL,Juan Morillo,666661,21924,21924
CHC,Cubs,4,3,8,18,0,0,,61.0,263,57,28,25,6,55,25,,2,3.71818,1.32607,8.06827,3.6279,2.22395,0.855941,0.20951,0.0942062,0.11530385166406631,,0.240634,0.291093,0.732649,3.87416,258.4000000000001,4.236065573770493,256.0,4.19672131147541,0.761258,0.871244,4,452.0400085449219,/players/david-peterson/20302/stats/pitching,P,17,17.0,NL,David Peterson,656849,20302,20302
SFG,Giants,8,14,32,32,0,0,,182.0,795,192,101,94,25,118,71,,7,4.66792,1.44235,5.85601,3.49477,1.67565,1.259,0.148885,0.0888522,0.06003302335739136,,0.267168,0.289777,0.709382,4.89302,542.0999999999999,2.978571428571428,587.0,3.2252747252747254,0.750382,1.28371,14,999.0,/players/cesar-perdomo/30334/stats/pitching,P,30,30.0,NL,Cesar Perdomo,702885,30334,30334
TOR,Blue Jays,9,12,29,29,0,0,,158.0,702,148,91,85,25,156,80,,13,4.82328,1.44048,8.8628,4.56769,1.94032,1.39508,0.222149,0.114491,0.10765840113162994,,0.24285,0.287923,0.706028,4.91973,509.90000000000003,3.227215189873418,498.0,3.151898734177215,0.742888,0.719318,12,728.3099975585938,/players/spencer-arrighetti/29921/stats/pitching,P,14,14.0,AL,Spencer Arrighetti,681293,29921,29921
CHW,White Sox,6,9,16,32,0,0,,113.0,495,117,64,59,18,96,42,,3,4.70407,1.40481,7.65235,3.36767,2.2723,1.43035,0.194526,0.0856074,0.10891838371753693,,0.259809,0.294725,0.710234,4.67852,367.6000000000001,3.253097345132744,388.0,3.433628318584071,0.734846,0.568173,6,999.0,/players/david-sandlin/31743/stats/pitching,P,4,4.0,AL,David Sandlin,689818,31743,31743
SFG,Giants,3,4,0,64,6,4,,64.0,271,60,29,27,7,60,23,,1,3.7595,1.29445,8.4885,3.22475,2.6323,0.926852,0.22246,0.0845117,0.137948177754879,,0.242336,0.295777,0.729679,3.68329,325.5,5.0859375,323.0,5.046875,0.722871,0.700027,0,999.0,/players/trenton-harris/33214/stats/pitching,P,30,30.0,NL,Trent Harris,805345,33214,33214
ATH,Athletics,6,11,28,42,0,1,,159.0,714,166,101,94,27,131,76,,8,5.29268,1.5186,7.40452,4.30665,1.71932,1.50119,0.183664,0.106824,0.07684054970741272,,0.263347,0.295032,0.689148,5.21368,426.9000000000001,2.684905660377359,458.0,2.880503144654088,0.707878,0.595554,9,999.0,/players/mason-barnett/31741/stats/pitching,P,10,10.0,AL,Mason Barnett,686930,31741,31741
MIA,Marlins,7,9,16,62,0,1,,137.0,612,135,73,67,15,117,70,,8,4.37739,1.49439,7.67888,4.5829,1.67555,0.96229,0.191396,0.114229,0.07716738432645798,,0.253038,0.299413,0.717542,4.47756,482.3000000000002,3.520437956204381,494.0,3.605839416058394,0.704804,0.917192,6,999.0,/players/dax-fulton/27757/stats/pitching,P,20,20.0,NL,Dax Fulton,690978,27757,27757
PIT,Pirates,4,5,15,45,0,0,,105.0,464,104,57,53,13,92,49,,8,4.54883,1.46137,7.91961,4.23837,1.86855,1.1262,0.198509,0.106237,0.0922723263502121,,0.255104,0.300725,0.710723,4.61847,359.70000000000005,3.425714285714286,369.0,3.5142857142857142,0.702393,0.742226,6,999.0,/players/hunter-barco/33174/stats/pitching,P,27,27.0,NL,Hunter Barco,682995,33174,33174
LAD,Dodgers,4,3,0,66,1,6,,66.0,278,50,28,26,8,85,31,,2,3.50566,1.22738,11.5707,4.29411,2.69455,1.05043,0.30485,0.113136,0.19171378016471863,,0.202483,0.275102,0.758989,3.58266,360.0000000000001,5.454545454545456,326.0,4.9393939393939394,0.696411,0.561344,0,743.4199829101562,/players/alex-vesia/25007/stats/pitching,P,22,22.0,NL,Alex Vesia,681911,25007,25007
CIN,Reds,3,4,0,65,12,1,,65.0,272,57,32,30,11,70,21,,3,4.18289,1.20606,9.63377,2.94474,3.27151,1.47464,0.255625,0.0781367,0.17748833447694778,,0.230205,0.276764,0.724181,4.19906,329.5,5.069230769230769,314.0,4.8307692307692305,0.693924,0.491113,0,111.94000244140625,/players/emilio-pagan/14771/stats/pitching,P,18,18.0,NL,Emilio Pagán,641941,14771,14771
TEX,Rangers,4,4,0,61,1,5,,61.0,258,54,27,25,6,63,24,,2,3.71771,1.26958,9.31474,3.48062,2.67618,0.94164,0.244546,0.0913787,0.15316683799028397,,0.231541,0.291108,0.730821,3.64896,310.20000000000005,5.085245901639345,300.0,4.918032786885246,0.689141,0.744078,0,232.1199951171875,/players/robert-garcia/23363/stats/pitching,P,13,13.0,AL,Robert Garcia,676395,23363,23363
BAL,Orioles,4,3,0,62,1,6,,62.0,261,58,26,24,5,57,20,,3,3.42435,1.26646,8.28922,2.96495,2.79573,0.760762,0.218572,0.0781804,0.14039113372564316,,0.243955,0.300659,0.740299,3.47615,320.49999999999994,5.169354838709676,319.0,5.145161290322581,0.687985,0.773375,0,999.0,/players/yennier-cano/25911/stats/pitching,P,2,2.0,AL,Yennier Cano,666974,25911,25911
CHW,White Sox,3,3,0,74,1,5,,74.0,318,69,33,31,7,71,29,,5,3.72768,1.32302,8.62498,3.5444,2.43341,0.850293,0.223278,0.0917551,0.13152270019054413,,0.242231,0.299916,0.732601,3.78056,347.1,4.690540540540541,344.0,4.648648648648648,0.686418,0.75744,0,999.0,/players/sean-newcomb/16943/stats/pitching,P,4,4.0,AL,Sean Newcomb,656794,16943,16943
SFG,Giants,3,4,0,63,4,4,,63.0,272,56,31,28,5,69,31,,3,4.02044,1.37511,9.79436,4.41495,2.21845,0.731641,0.252111,0.113643,0.138468436896801,,0.234479,0.308605,0.703634,3.61346,331.1,5.2555555555555555,322.0,5.111111111111111,0.685379,0.265374,0,663.6500244140625,/players/camilo-doval/21992/stats/pitching,P,30,30.0,NL,Camilo Doval,666808,21992,21992
WSN,Nationals,4,5,8,56,0,2,,96.0,416,96,50,46,11,81,35,,6,4.28172,1.35449,7.51882,3.2445,2.3174,1.07228,0.193684,0.0835781,0.11010599881410599,,0.255604,0.298154,0.704415,4.25241,372.5000000000001,3.8802083333333344,384.0,4.0,0.681075,0.60458,3,999.0,/players/brad-lord/31972/stats/pitching,P,24,24.0,NL,Brad Lord,695418,31972,31972
MIA,Marlins,4,3,0,63,5,3,,63.0,275,57,28,26,5,66,30,,3,3.65853,1.38775,9.36248,4.31473,2.16988,0.719266,0.238272,0.109808,0.1284632384777069,,0.236646,0.30477,0.740249,3.64178,326.50000000000006,5.182539682539684,320.0,5.079365079365079,0.660689,0.779973,0,999.0,/players/calvin-faucher/20116/stats/pitching,P,20,20.0,NL,Calvin Faucher,676534,20116,20116
CLE,Guardians,4,4,10,26,0,1,,66.0,284,58,31,29,8,71,30,,2,3.92135,1.3522,9.71016,4.16761,2.32991,1.03449,0.249395,0.107041,0.1423541009426117,,0.232072,0.29354,0.738009,3.92172,289.2000000000001,4.381818181818184,276.0,4.181818181818182,0.654939,0.6707,4,270.80999755859375,/players/joey-cantillo/23335/stats/pitching,P,5,5.0,AL,Joey Cantillo,676282,23335,23335
MIA,Marlins,3,3,0,62,1,6,,62.0,265,54,28,26,7,68,25,,3,3.7307,1.2883,9.92852,3.69758,2.68514,1.07288,0.258144,0.0961379,0.16200590878725052,,0.230436,0.293278,0.749439,3.8411,313.29999999999995,5.0532258064516125,300.0,4.838709677419355,0.647021,0.602933,0,999.0,/players/michael-petersen/20827/stats/pitching,P,20,20.0,NL,Michael Petersen,656848,20827,20827
CIN,Reds,6,11,26,26,0,0,,143.0,641,150,90,84,23,110,68,,8,5.29341,1.52231,6.93983,4.25639,1.63045,1.46718,0.171849,0.1054,0.06644907593727112,,0.26524,0.29328,0.687541,5.26986,377.30000000000007,2.638461538461539,408.0,2.8531468531468533,0.646115,0.224729,10,748.4500122070312,/players/brandon-williamson/25463/stats/pitching,P,18,18.0,NL,Brandon Williamson,682227,25463,25463
TEX,Rangers,3,4,8,36,0,0,,77.0,333,79,42,38,10,61,25,,3,4.45619,1.34876,7.09589,2.90758,2.44048,1.16015,0.183272,0.0750966,0.10817518830299377,,0.259935,0.296105,0.694477,4.26771,279.4000000000001,3.62857142857143,293.0,3.8051948051948052,0.643501,0.329236,3,999.0,/players/jordan-montgomery/16511/stats/pitching,P,13,13.0,AL,Jordan Montgomery,656756,16511,16511
DET,Tigers,4,3,0,65,0,5,,65.0,275,57,28,25,6,70,25,,4,3.46723,1.25895,9.73637,3.39372,2.86893,0.801285,0.256085,0.0892615,0.16682369261980057,,0.233307,0.303883,0.736828,3.42824,332.0,5.107692307692307,320.0,4.923076923076923,0.625212,0.631347,0,999.0,/players/drew-sommers/32026/stats/pitching,P,6,6.0,AL,Drew Sommers,805427,32026,32026
SEA,Mariners,4,4,11,27,0,0,,80.0,338,78,40,37,11,69,23,,4,4.13793,1.26227,7.83683,2.55557,3.06658,1.27194,0.204944,0.0668314,0.1381121650338173,,0.250093,0.288645,0.717372,4.20734,310.90000000000003,3.8862500000000004,314.0,3.925,0.620721,0.546987,5,733.4199829101562,/players/emerson-hancock/27470/stats/pitching,P,11,11.0,AL,Emerson Hancock,676106,27470,27470
TBR,Rays,4,3,0,68,0,8,,68.0,287,60,31,28,9,76,24,,2,3.74013,1.23521,10.0166,3.14947,3.18039,1.19135,0.263748,0.0829295,0.18081887066364288,,0.23033,0.289781,0.748643,3.72446,342.50000000000006,5.036764705882354,329.0,4.838235294117647,0.620584,0.487139,0,999.0,/players/cam-booser/16061/stats/pitching,P,12,12.0,AL,Cam Booser,592155,16061,16061
ATL,Braves,4,5,16,16,0,0,,86.0,376,83,48,45,11,77,40,,6,4.68121,1.4311,8.03275,4.1529,1.93425,1.1987,0.203656,0.10529,0.09836677461862564,,0.251799,0.296073,0.697005,4.64183,301.2999999999999,3.503488372093022,303.0,3.5232558139534884,0.612557,0.625497,7,999.0,/players/jr-ritchie/31760/stats/pitching,P,16,16.0,NL,JR Ritchie,702275,31760,31760
SEA,Mariners,4,3,0,64,8,3,,64.0,268,59,28,25,6,58,20,,4,3.5326,1.23058,8.18306,2.74545,2.98059,0.774093,0.216823,0.0727452,0.14407814294099808,,0.242167,0.297004,0.720147,3.51504,342.4,5.35,338.0,5.28125,0.609169,0.557824,0,999.0,/players/jose-a-ferrer/24017/stats/pitching,P,11,11.0,AL,José A. Ferrer,678606,24017,24017
MIN,Twins,4,4,0,62,1,6,,62.0,262,58,30,27,8,63,19,,2,3.97381,1.24973,9.21545,2.76788,3.32943,1.16968,0.24262,0.0728714,0.16974877566099167,,0.242641,0.297611,0.722988,3.75425,301.59999999999997,4.864516129032258,298.0,4.806451612903226,0.605475,0.360507,0,999.0,/players/aj-minter/18655/stats/pitching,P,8,8.0,AL,A.J. Minter,621345,18655,18655
NYM,Mets,4,3,0,62,0,6,,62.0,262,57,29,27,9,65,20,,1,3.90283,1.24627,9.46818,2.95782,3.20106,1.26102,0.249167,0.0778389,0.1713283509016037,,0.236702,0.289622,0.738908,3.85449,290.9,4.691935483870967,284.0,4.580645161290323,0.592802,0.36997,0,999.0,/players/dedniel-nunez/23055/stats/pitching,P,25,25.0,NL,Dedniel Núñez,673380,23055,23055
BOS,Red Sox,5,4,0,72,1,8,,72.0,315,58,31,28,6,89,44,,4,3.53424,1.41745,11.1133,5.5009,2.02027,0.717863,0.281911,0.139542,0.14236994087696075,,0.217161,0.302943,0.757498,3.67048,379.2,5.266666666666667,353.0,4.902777777777778,0.590125,0.949289,0,999.0,/players/erik-miller/26252/stats/pitching,P,3,3.0,AL,Erik Miller,669062,26252,26252
PIT,Pirates,5,7,16,38,0,0,,119.0,534,120,70,65,17,95,62,,5,4.93569,1.5263,7.1982,4.662,1.54402,1.264,0.178646,0.115702,0.06294392794370651,,0.257633,0.291868,0.706863,5.0168,348.4999999999999,2.9285714285714275,363.0,3.0504201680672267,0.584638,0.547271,6,999.0,/players/khristian-curtis/33865/stats/pitching,P,27,27.0,NL,Khristian Curtis,694753,33865,33865
TOR,Blue Jays,4,3,0,72,1,7,,72.0,307,74,33,30,6,47,19,,3,3.78844,1.30101,5.83519,2.40697,2.42429,0.796642,0.152093,0.0627372,0.08935563266277313,,0.261421,0.293788,0.714395,3.88241,327.6,4.550000000000001,343.0,4.763888888888889,0.574053,0.652435,0,743.280029296875,/players/tyler-rogers/15541/stats/pitching,P,14,14.0,AL,Tyler Rogers,643511,15541,15541
MIN,Twins,4,4,0,65,7,4,,65.0,277,64,31,28,7,56,20,,2,3.896,1.29521,7.73551,2.74077,2.82239,0.954518,0.20181,0.0715032,0.13030645996332169,,0.25267,0.299335,0.719488,3.77488,325.5,5.007692307692308,331.0,5.092307692307692,0.567956,0.560773,0,999.0,/players/andrew-morris/31891/stats/pitching,P,8,8.0,AL,Andrew Morris,702193,31891,31891
COL,Rockies,3,4,0,60,9,1,,60.0,265,60,35,33,9,64,26,,3,4.9173,1.43898,9.53454,3.93811,2.42109,1.28563,0.239929,0.0990996,0.1408296525478363,,0.255122,0.315302,0.68683,4.30961,267.3,4.455,273.0,4.55,0.563803,0.148131,0,688.9600219726562,/players/jordan-romano/16122/stats/pitching,P,19,19.0,NL,Jordan Romano,605447,16122,16122
ARI,Diamondbacks,3,3,0,63,4,4,,63.0,269,57,28,26,5,64,25,,7,3.72064,1.3066,9.11131,3.63341,2.50765,0.768996,0.237088,0.0945457,0.14254194498062134,,0.24036,0.307473,0.719802,3.72764,324.50000000000006,5.150793650793652,318.0,5.0476190476190474,0.561514,0.801206,0,999.0,/players/brandyn-garcia/33568/stats/pitching,P,15,15.0,NL,Brandyn Garcia,805299,33568,33568
ARI,Diamondbacks,4,3,0,60,2,4,,60.0,253,59,25,23,5,49,16,,2,3.43486,1.2633,7.33254,2.44618,2.99755,0.742358,0.193424,0.0645274,0.12889661639928818,,0.25395,0.30229,0.737422,3.46703,299.1,4.985,305.0,5.083333333333333,0.560022,0.702412,0,999.0,/players/jonathan-loaisiga/19753/stats/pitching,P,15,15.0,NL,Jonathan Loáisiga,642528,19753,19753
CHW,White Sox,7,13,26,36,0,0,,160.0,713,175,100,92,26,117,63,,5,5.18554,1.4873,6.59272,3.54892,1.85767,1.4788,0.164539,0.088573,0.07596626877784729,,0.271309,0.296538,0.688423,5.04208,439.20000000000005,2.745,492.0,3.075,0.558818,0.146089,9,999.0,/players/erick-fedde/17425/stats/pitching,P,4,4.0,AL,Erick Fedde,607200,17425,17425
PIT,Pirates,4,5,8,58,0,2,,94.0,409,88,49,46,13,95,41,,5,4.37426,1.3745,9.04666,3.94549,2.29291,1.26865,0.231183,0.100825,0.13035786151885986,,0.242448,0.292879,0.72267,4.38354,366.90000000000003,3.9031914893617023,361.0,3.8404255319148937,0.554633,0.584034,3,999.0,/players/lake-bachar/19222/stats/pitching,P,27,27.0,NL,Lake Bachar,669199,19222,19222
BAL,Orioles,4,3,0,57,3,3,,57.0,238,41,23,22,6,77,27,,2,3.39829,1.19066,12.212,4.19981,2.90775,0.99675,0.325574,0.111968,0.21360661089420319,,0.197267,0.278429,0.753355,3.31902,335.4,5.884210526315789,301.0,5.280701754385965,0.542096,0.462766,0,999.0,/players/felix-bautista/20666/stats/pitching,P,2,2.0,AL,Félix Bautista,642585,20666,20666
CIN,Reds,3,4,0,61,0,5,,61.0,263,57,30,27,6,59,25,,3,4.05429,1.34369,8.72901,3.62146,2.41036,0.848121,0.225325,0.0934819,0.13184287399053574,,0.244157,0.303479,0.704883,3.73328,283.4000000000001,4.645901639344264,281.0,4.60655737704918,0.541684,0.294001,0,999.0,/players/graham-ashcraft/27552/stats/pitching,P,18,18.0,NL,Graham Ashcraft,668933,27552,27552
DET,Tigers,3,3,0,63,1,5,,63.0,262,59,28,26,7,52,17,,3,3.69866,1.19306,7.36955,2.36984,3.10972,1.01443,0.196744,0.0632673,0.1334763988852501,,0.241289,0.279643,0.719904,3.85452,295.70000000000005,4.693650793650795,293.0,4.650793650793651,0.537891,0.751784,0,999.0,/players/tyler-holton/26231/stats/pitching,P,6,6.0,AL,Tyler Holton,663947,26231,26231
BAL,Orioles,4,3,0,64,5,4,,64.0,269,63,29,27,8,58,16,,1,3.80753,1.23743,8.17417,2.30388,3.548,1.16753,0.216488,0.0610169,0.1554713100194931,,0.250451,0.29566,0.737688,3.80063,317.40000000000003,4.9593750000000005,322.0,5.03125,0.519777,0.67013,0,745.8499755859375,/players/andrew-kittredge/12828/stats/pitching,P,2,2.0,AL,Andrew Kittredge,552640,12828,12828
PHI,Phillies,4,5,0,68,0,6,,68.0,291,63,34,32,8,66,25,,5,4.19872,1.29539,8.69015,3.35447,2.59062,1.04461,0.225742,0.0871385,0.13860399276018143,,0.240677,0.293097,0.697826,4.00945,307.00000000000006,4.514705882352942,302.0,4.4411764705882355,0.515777,0.311287,0,999.0,/players/brooks-raley/10061/stats/pitching,P,26,26.0,NL,Brooks Raley,548384,10061,10061
LAD,Dodgers,4,3,0,58,0,3,,58.0,243,52,25,23,6,64,20,,2,3.52761,1.23479,9.8943,3.08115,3.21124,0.952476,0.262021,0.081595,0.18042606860399246,,0.233589,0.300766,0.743247,3.40329,294.20000000000005,5.072413793103449,286.0,4.931034482758621,0.507706,0.396747,0,190.69000244140625,/players/kris-bubic/21455/stats/pitching,P,22,22.0,NL,Kris Bubic,663460,21455,21455
WSN,Nationals,4,7,10,56,0,0,,98.0,437,96,55,51,13,88,50,,3,4.64871,1.48887,8.04657,4.59457,1.75132,1.20484,0.201199,0.114884,0.08631478250026703,,0.250585,0.293595,0.715159,4.67096,332.70000000000005,3.394897959183674,338.0,3.4489795918367347,0.50175,0.371577,3,999.0,/players/riley-cornelio/31953/stats/pitching,P,24,24.0,NL,Riley Cornelio,683000,31953,31953
SEA,Mariners,4,3,0,63,5,4,,63.0,266,49,27,25,7,73,30,,3,3.54781,1.24249,10.4915,4.24741,2.47009,1.05925,0.276293,0.111855,0.16443722695112228,,0.208002,0.26965,0.755806,3.84313,340.70000000000005,5.407936507936508,312.0,4.9523809523809526,0.497087,0.611043,0,194.19000244140625,/players/seranthony-dominguez/19249/stats/pitching,P,11,11.0,AL,Seranthony Domínguez,622554,19249,19249
COL,Rockies,3,4,0,63,1,4,,63.0,275,64,32,30,7,55,24,,5,4.2776,1.39587,7.80354,3.40565,2.29135,0.979604,0.19885,0.0867827,0.11206712573766708,,0.260635,0.310334,0.709018,4.15132,257.70000000000005,4.090476190476191,268.0,4.253968253968254,0.496733,0.73884,0,999.0,/players/brennan-bernardino/16835/stats/pitching,P,19,19.0,NL,Brennan Bernardino,657514,16835,16835
ATH,Athletics,3,4,0,62,1,6,,62.0,269,55,31,29,7,67,30,,4,4.21009,1.36473,9.67204,4.31749,2.2402,0.992477,0.247662,0.110553,0.1371084228157997,,0.233103,0.29664,0.708972,4.01283,290.69999999999993,4.688709677419354,280.0,4.516129032258065,0.467868,0.521102,0,999.0,/players/luis-medina/21649/stats/pitching,P,10,10.0,AL,Luis Medina,665622,21649,21649
MIL,Brewers,3,3,6,30,0,0,,58.0,247,53,28,26,7,56,23,,2,4.0582,1.30252,8.77334,3.5078,2.5011,1.16786,0.228366,0.0913065,0.13705991208553314,,0.237917,0.286614,0.726832,4.13447,242.3,4.177586206896552,236.0,4.068965517241379,0.464064,0.535394,2,999.0,/players/shane-drohan/27814/stats/pitching,P,23,23.0,NL,Shane Drohan,675660,27814,27814
TOR,Blue Jays,2,4,6,34,0,0,,67.0,290,66,35,32,9,57,25,,3,4.33971,1.3597,7.7364,3.2976,2.34607,1.223,0.198384,0.0845603,0.11382414400577545,,0.253335,0.293091,0.718112,4.38438,243.49999999999997,3.634328358208955,248.0,3.701492537313433,0.463542,0.366133,2,999.0,/players/chad-dallas/30158/stats/pitching,P,14,14.0,AL,Chad Dallas,689149,30158,30158
PIT,Pirates,3,3,0,61,0,5,,61.0,264,52,28,26,5,68,29,,9,3.80414,1.32753,10.0464,4.21703,2.38235,0.748503,0.258244,0.108399,0.14984478056430817,,0.231811,0.309573,0.715989,3.80053,296.7000000000001,4.86393442622951,282.0,4.622950819672131,0.463479,0.527661,0,999.0,/players/yohan-ramirez/19444/stats/pitching,P,27,27.0,NL,Yohan Ramírez,670990,19444,19444
STL,Cardinals,4,4,0,65,13,1,,65.0,281,58,30,27,6,67,30,,7,3.7729,1.35485,9.25628,4.17368,2.21777,0.780849,0.237831,0.107238,0.13059229403734207,,0.237083,0.304286,0.72739,3.86903,348.4,5.359999999999999,339.0,5.2153846153846155,0.463262,0.619372,0,264.0400085449219,/players/riley-obrien/20348/stats/pitching,P,28,28.0,NL,Riley O'Brien,676617,20348,20348
CHW,White Sox,4,4,0,75,2,7,,75.0,325,62,36,33,8,88,40,,6,3.96744,1.35782,10.5127,4.8396,2.17222,0.982882,0.269631,0.124127,0.14550422132015228,,0.22059,0.291295,0.728267,4.02754,371.40000000000003,4.952000000000001,347.0,4.626666666666667,0.45153,0.532797,0,999.0,/players/hagen-smith/35205/stats/pitching,P,4,4.0,AL,Hagen Smith,696146,35205,35205
CIN,Reds,4,4,0,63,1,5,,63.0,274,59,32,29,8,62,28,,3,4.19691,1.37806,8.8545,3.9317,2.25208,1.07838,0.226586,0.100612,0.12597417831420898,,0.24375,0.297851,0.721859,4.13261,270.4000000000001,4.292063492063494,267.0,4.238095238095238,0.450003,0.302688,0,999.0,/players/brock-burke/17968/stats/pitching,P,18,18.0,NL,Brock Burke,656271,17968,17968
STL,Cardinals,4,5,5,66,2,8,,91.0,394,91,47,43,10,72,35,,3,4.31216,1.38726,7.18118,3.45086,2.08098,0.972773,0.183671,0.0882618,0.09540960192680359,,0.255797,0.296768,0.702202,4.16969,385.79999999999995,4.239560439560439,397.0,4.362637362637362,0.449274,0.341409,2,999.0,/players/gordon-graceffo/29519/stats/pitching,P,28,28.0,NL,Gordon Graceffo,700669,29519,29519
ARI,Diamondbacks,4,3,0,58,0,4,,58.0,245,53,26,24,6,61,19,,2,3.79498,1.25498,9.49199,3.00023,3.16375,0.992868,0.249857,0.078975,0.17088213562965393,,0.239138,0.301717,0.725327,3.52693,292.6,5.044827586206897,287.0,4.948275862068965,0.448273,0.383003,0,556.52001953125,/players/kevin-ginkel/19876/stats/pitching,P,15,15.0,NL,Kevin Ginkel,656464,19876,19876
CIN,Reds,3,3,0,61,0,6,,61.0,264,58,33,31,8,60,24,,6,4.51991,1.34617,8.90521,3.49722,2.54637,1.14967,0.22868,0.0898061,0.13887370377779007,,0.248947,0.304045,0.687117,4.22331,256.2000000000001,4.200000000000002,255.0,4.180327868852459,0.44232,0.00237988,0,999.0,/players/tejay-antone/16233/stats/pitching,P,18,18.0,NL,Tejay Antone,622088,16233,16233
SEA,Mariners,4,3,0,60,0,5,,60.0,249,51,25,23,7,66,19,,4,3.50198,1.17021,9.95949,2.87207,3.46771,1.01906,0.266491,0.0768494,0.18964175879955292,,0.225889,0.289595,0.738669,3.51374,308.29999999999995,5.138333333333333,292.0,4.866666666666666,0.43971,0.470735,0,999.0,/players/gabe-speier/17170/stats/pitching,P,11,11.0,AL,Gabe Speier,642100,17170,17170
LAA,Angels,2,3,0,62,10,2,,62.0,265,61,31,28,8,56,21,,3,4.10273,1.31375,8.14517,3.02395,2.69355,1.16051,0.211766,0.0786196,0.13314609974622726,,0.251041,0.2967,0.723393,4.10368,299.79999999999995,4.8354838709677415,304.0,4.903225806451613,0.435005,0.265344,0,999.0,/players/ryan-watson/27853/stats/pitching,P,1,1.0,AL,Ryan Watson,670245,27853,27853
LAD,Dodgers,3,3,0,70,0,1,,70.0,299,65,36,33,10,75,25,,4,4.23758,1.29312,9.68363,3.25931,2.97107,1.294,0.252144,0.0848664,0.16727736592292786,,0.24167,0.299028,0.716187,4.06295,293.0,4.185714285714286,287.0,4.1,0.430289,0.11189,0,289.7200012207031,/players/roki-sasaki/35323/stats/pitching,P,22,22.0,NL,Roki Sasaki,808963,35323,35323
ATL,Braves,3,3,8,24,0,0,,57.0,250,55,31,29,8,57,25,,2,4.48511,1.39362,8.98901,3.8635,2.32665,1.27781,0.229024,0.0984352,0.13058913499116898,,0.247548,0.298518,0.717023,4.34515,213.39999999999998,3.7438596491228067,214.0,3.754385964912281,0.429473,0.360374,3,999.0,/players/aj-smith-shawver/29960/stats/pitching,P,16,16.0,NL,AJ Smith-Shawver,700363,29960,29960
CHC,Cubs,5,4,0,75,4,5,,75.0,319,55,34,31,8,90,41,,7,3.71228,1.27534,10.767,4.89638,2.19897,0.985582,0.280998,0.127786,0.15321196615695953,,0.201917,0.268484,0.73845,4.03867,389.6,5.1946666666666665,347.0,4.626666666666667,0.425053,0.75111,0,999.0,/players/ryan-zeferjahn/25420/stats/pitching,P,17,17.0,NL,Ryan Zeferjahn,666171,25420,25420
SFG,Giants,3,5,8,50,0,0,,91.0,392,92,49,45,12,68,32,,4,4.47768,1.37684,6.76357,3.21228,2.10553,1.16609,0.173606,0.0824524,0.09115386754274368,,0.259837,0.292479,0.702425,4.49275,314.59999999999997,3.457142857142857,327.0,3.5934065934065935,0.421813,0.372582,3,999.0,/players/tristan-beck/21584/stats/pitching,P,30,30.0,NL,Tristan Beck,663941,21584,21584
ATH,Athletics,3,3,0,64,8,3,,64.0,279,57,31,29,8,68,33,,3,4.07661,1.39205,9.61619,4.57394,2.10239,1.07598,0.245488,0.116766,0.12872175872325897,,0.232922,0.293217,0.736514,4.19154,307.00000000000006,4.796875000000001,296.0,4.625,0.414732,0.82618,0,618.1699829101562,/players/hogan-harris/21520/stats/pitching,P,10,10.0,AL,Hogan Harris,663687,21520,21520
SFG,Giants,3,4,0,61,2,5,,61.0,266,58,31,28,6,57,27,,3,4.16155,1.40139,8.40962,4.04373,2.07967,0.939419,0.214665,0.103221,0.11144430190324783,,0.246519,0.30025,0.716694,4.06101,280.80000000000007,4.6032786885245915,281.0,4.60655737704918,0.402261,0.0975346,0,999.0,/players/dylan-smith/30145/stats/pitching,P,30,30.0,NL,Dylan Smith,681916,30145,30145
TOR,Blue Jays,4,4,3,58,0,6,,71.0,306,63,34,32,9,75,31,,3,3.98271,1.32477,9.43826,3.96205,2.38217,1.08154,0.243749,0.102322,0.1414264515042305,,0.231637,0.288465,0.731737,4.01671,322.9,4.5478873239436615,310.0,4.366197183098592,0.398206,0.389456,1,999.0,/players/mason-fluharty/31553/stats/pitching,P,14,14.0,AL,Mason Fluharty,689254,31553,31553
BAL,Orioles,3,3,0,63,4,4,,63.0,270,57,31,29,9,66,26,,2,4.10283,1.31655,9.49724,3.67788,2.58226,1.2936,0.246043,0.0952822,0.1507609635591507,,0.235852,0.288314,0.738579,4.17708,291.30000000000007,4.623809523809525,282.0,4.476190476190476,0.394973,0.253175,0,999.0,/players/rico-garcia/20023/stats/pitching,P,2,2.0,AL,Rico Garcia,670329,20023,20023
COL,Rockies,1,2,6,6,0,0,,34.0,149,37,20,18,5,26,12,,1,4.90185,1.4563,6.99012,3.268,2.13896,1.23859,0.17634,0.0824416,0.09389792382717133,,0.27318,0.309504,0.687551,4.54464,106.90000000000002,3.144117647058824,118.0,3.4705882352941178,0.394771,0.368719,3,999.0,/players/gabriel-hughes/31614/stats/pitching,P,19,19.0,NL,Gabriel Hughes,687312,31614,31614
TBR,Rays,3,3,0,60,0,0,,60.0,247,52,27,25,9,60,15,,2,3.75017,1.12088,8.94997,2.3135,3.86859,1.29157,0.241844,0.0625146,0.17932897061109543,,0.225903,0.268182,0.730541,3.84161,267.1,4.451666666666667,252.0,4.2,0.393073,0.363168,0,748.469970703125,/players/tyler-wells/20000/stats/pitching,P,12,12.0,AL,Tyler Wells,669330,20000,20000
DET,Tigers,4,5,0,60,10,1,,60.0,257,52,30,28,9,65,26,,2,4.22671,1.28482,9.76083,3.8273,2.55032,1.31863,0.253539,0.0994145,0.15412411093711853,,0.224857,0.275132,0.722327,4.20097,298.1,4.968333333333334,283.0,4.716666666666667,0.386569,0.261259,0,133.02000427246094,/players/kenley-jansen/3096/stats/pitching,P,6,6.0,AL,Kenley Jansen,445276,3096,3096
SFG,Giants,3,3,0,56,0,4,,56.0,239,49,24,22,4,56,26,,3,3.49235,1.32584,8.96639,4.11057,2.1813,0.591699,0.233073,0.10685,0.12622251361608505,,0.231105,0.29769,0.731434,3.50432,278.80000000000007,4.9785714285714295,269.0,4.803571428571429,0.38642,0.356747,0,999.0,/players/sam-hentges/18548/stats/pitching,P,30,30.0,NL,Sam Hentges,656529,18548,18548
PIT,Pirates,4,4,0,58,0,4,,58.0,247,48,26,24,6,65,26,,4,3.77275,1.28369,10.1281,4.08924,2.47677,0.91907,0.263939,0.106565,0.1573731005191803,,0.221455,0.288868,0.728999,3.73383,286.6,4.941379310344828,268.0,4.620689655172414,0.383929,0.446138,0,269.42999267578125,/players/kirby-yates/9073/stats/pitching,P,27,27.0,NL,Kirby Yates,489446,9073,9073
CHW,White Sox,3,4,0,68,3,4,,68.0,291,65,33,30,7,63,25,,3,4.02429,1.31997,8.31977,3.2892,2.52942,0.986875,0.215981,0.0853873,0.13059334456920624,,0.246791,0.298155,0.714692,3.9147,321.1,4.722058823529412,322.0,4.735294117647059,0.372001,0.287018,0,999.0,/players/bryan-hudson/19924/stats/pitching,P,4,4.0,AL,Bryan Hudson,663542,19924,19924
ATL,Braves,2,2,6,6,0,0,,37.0,159,38,20,19,5,30,12,,1,4.61306,1.37655,7.44683,3.06815,2.42714,1.22713,0.190881,0.0786443,0.1122366338968277,,0.261572,0.300213,0.692625,4.34477,134.5,3.635135135135135,141.0,3.810810810810811,0.365345,0.333495,3,740.5499877929688,/players/bryce-elder/27779/stats/pitching,P,16,16.0,NL,Bryce Elder,693821,27779,27779
STL,Cardinals,4,4,0,60,0,5,,60.0,254,55,28,26,7,62,20,,3,3.84843,1.25636,9.25135,3.05187,3.03137,1.07196,0.24292,0.0801355,0.1627846509218216,,0.238905,0.296446,0.725305,3.76951,289.9,4.831666666666666,284.0,4.733333333333333,0.358472,0.334351,0,999.0,/players/luis-gastelum/33027/stats/pitching,P,28,28.0,NL,Luis Gastelum,703725,33027,33027
NYM,Mets,4,3,0,63,7,3,,63.0,271,54,29,27,8,70,29,,3,3.86542,1.31339,9.97479,4.11953,2.42135,1.14803,0.258096,0.106592,0.15150418877601624,,0.225523,0.284609,0.74606,4.04248,318.4000000000001,5.0539682539682556,302.0,4.7936507936507935,0.352653,0.511318,0,223.52000427246094,/players/kodai-senga/31838/stats/pitching,P,25,25.0,NL,Kodai Senga,673540,31838,31838
TOR,Blue Jays,5,8,16,37,0,1,,110.0,487,121,65,60,15,70,38,,8,4.88213,1.44177,5.69476,3.12913,1.81992,1.24382,0.143518,0.0788598,0.06465872377157211,,0.274049,0.296734,0.684541,4.88147,320.9,2.917272727272727,361.0,3.2818181818181817,0.347852,0.288372,6,999.0,/players/cj-van-eyk/27568/stats/pitching,P,14,14.0,AL,CJ Van Eyk,669310,27568,27568
MIN,Twins,3,3,0,60,0,5,,60.0,261,61,30,28,7,62,22,,3,4.18858,1.39276,9.2706,3.37214,2.74918,0.986806,0.236469,0.0860144,0.15045443922281265,,0.258499,0.32459,0.71497,3.71881,268.29999999999995,4.471666666666666,278.0,4.633333333333334,0.345078,0.175238,0,999.0,/players/tommy-nance/19178/stats/pitching,P,8,8.0,AL,Tommy Nance,667297,19178,19178
MIL,Brewers,4,3,0,64,0,5,,64.0,269,54,27,24,7,67,25,,3,3.42208,1.23342,9.3558,3.46061,2.70351,0.973847,0.247333,0.0914857,0.1558472216129303,,0.225425,0.282918,0.756579,3.73974,317.1,4.9546875,299.0,4.671875,0.344919,0.530389,0,479.0799865722656,/players/jojo-romero/19574/stats/pitching,P,23,23.0,NL,JoJo Romero,668941,19574,19574
KCR,Royals,3,4,5,47,0,0,,69.0,297,64,38,35,10,63,26,,4,4.53823,1.30364,8.17029,3.37716,2.41928,1.26444,0.21204,0.0876457,0.12439379841089249,,0.240817,0.280702,0.686497,4.38988,257.20000000000005,3.727536231884059,251.0,3.63768115942029,0.339467,0.215611,2,999.0,/players/tony-gonsolin/19388/stats/pitching,P,7,7.0,AL,Tony Gonsolin,664062,19388,19388
PHI,Phillies,3,3,0,60,0,5,,60.0,256,59,27,25,7,56,19,,2,3.77216,1.30274,8.36194,2.86058,2.92316,1.03321,0.217852,0.074526,0.1433255597949028,,0.251323,0.302648,0.740488,3.7729,273.5,4.558333333333334,278.0,4.633333333333334,0.335932,0.395113,0,999.0,/players/tim-mayza/15042/stats/pitching,P,26,26.0,NL,Tim Mayza,641835,15042,15042
HOU,Astros,3,3,0,58,0,0,,58.0,240,48,25,24,8,64,19,,3,3.66518,1.15864,9.92819,2.90657,3.41578,1.23778,0.266085,0.0778987,0.188185915350914,,0.221739,0.276156,0.746415,3.81337,268.00000000000006,4.620689655172415,248.0,4.275862068965517,0.334655,0.372806,0,999.0,/players/steven-okert/13580/stats/pitching,P,21,21.0,AL,Steven Okert,595345,13580,13580
MIA,Marlins,1,3,6,16,0,0,,49.0,215,46,26,24,7,49,23,,3,4.45824,1.4042,8.9694,4.2543,2.10831,1.244,0.226758,0.107554,0.11920363456010818,,0.240673,0.289985,0.72182,4.47821,176.9,3.610204081632653,174.0,3.5510204081632653,0.334139,0.339879,2,999.0,/players/jace-beck/sa3011811/stats/pitching,P,20,,NL,Jace Beck,689476,sa3011811,sa3011811
DET,Tigers,3,5,10,32,0,0,,75.0,328,76,43,40,11,60,30,,7,4.78119,1.40801,7.16164,3.56426,2.00929,1.27627,0.181314,0.0902375,0.09107610583305359,,0.259262,0.293405,0.688948,4.809,231.1,3.0813333333333333,241.0,3.2133333333333334,0.326668,0.2695,3,999.0,/players/andrew-sears/33664/stats/pitching,P,6,6.0,AL,Andrew Sears,808825,33664,33664
TEX,Rangers,3,3,0,62,1,6,,62.0,264,50,27,25,7,66,30,,3,3.68331,1.29939,9.55739,4.41656,2.16399,0.992666,0.249382,0.115242,0.134140245616436,,0.217504,0.274332,0.747506,4.03173,304.69999999999993,4.914516129032257,281.0,4.532258064516129,0.317774,0.704508,0,999.0,/players/chase-silseth/30074/stats/pitching,P,13,13.0,AL,Chase Silseth,681217,30074,30074
CLE,Guardians,4,4,0,74,1,7,,74.0,314,68,35,32,10,72,24,,4,3.91799,1.24772,8.79234,2.96869,2.96169,1.16945,0.230425,0.0778018,0.15262280404567719,,0.238028,0.286596,0.730103,3.9867,340.8,4.605405405405405,333.0,4.5,0.317422,0.402765,0,999.0,/players/hunter-gaddis/25636/stats/pitching,P,5,5.0,AL,Hunter Gaddis,683769,25636,25636
CHC,Cubs,4,4,0,64,0,5,,64.0,270,57,31,29,9,70,23,,1,4.06269,1.23911,9.80951,3.17747,3.08721,1.31376,0.258801,0.0838301,0.17497123032808304,,0.230785,0.284276,0.726067,3.93503,302.70000000000005,4.729687500000001,291.0,4.546875,0.312183,0.175767,0,999.0,/players/caleb-thielbar/10078/stats/pitching,P,17,17.0,NL,Caleb Thielbar,573204,10078,10078
CHW,White Sox,3,4,0,64,0,4,,64.0,279,57,32,29,6,68,32,,4,4.12145,1.40031,9.52464,4.526,2.10443,0.846643,0.242752,0.115353,0.1273987963795662,,0.236322,0.303713,0.710292,3.89337,295.6,4.61875,286.0,4.46875,0.312133,0.134892,0,999.0,/players/jordan-hicks/19618/stats/pitching,P,4,4.0,AL,Jordan Hicks,663855,19618,19618
TEX,Rangers,4,4,2,60,0,5,,68.0,289,68,35,33,9,55,20,,3,4.32931,1.28835,7.33955,2.61623,2.8054,1.17552,0.191686,0.0683277,0.12335851788520813,,0.25422,0.291123,0.695723,4.15762,276.70000000000005,4.069117647058825,284.0,4.176470588235294,0.31189,0.148779,1,999.0,/players/tyler-alexander/17735/stats/pitching,P,13,13.0,AL,Tyler Alexander,641302,17735,17735
WSN,Nationals,1,2,5,5,0,0,,27.0,117,27,15,14,3,22,11,,1,4.61438,1.42438,7.2987,3.73414,1.95459,1.15603,0.185222,0.0947629,0.09045946598052979,,0.25703,0.294851,0.69744,4.50128,100.7,3.72962962962963,104.0,3.8518518518518516,0.308207,0.229087,2,999.0,/players/jackson-kent/35462/stats/pitching,P,24,24.0,NL,Jackson Kent,800600,35462,35462
STL,Cardinals,3,4,0,63,1,5,,63.0,275,56,32,30,8,66,31,,2,4.21544,1.39343,9.39459,4.48086,2.0966,1.10721,0.239382,0.114176,0.12520606815814972,,0.233744,0.289937,0.726489,4.19995,280.20000000000005,4.447619047619049,269.0,4.26984126984127,0.307925,0.131809,0,745.9000244140625,/players/ryne-stanek/15947/stats/pitching,P,28,28.0,NL,Ryne Stanek,592773,15947,15947
,,2,3,8,8,0,0,,50.0,217,55,29,27,9,34,13,,2,4.81813,1.34572,6.15691,2.34775,2.62248,1.58703,0.158809,0.0605569,0.09825223311781883,,0.270505,0.288415,0.700923,4.91648,139.3,2.786,156.0,3.12,0.30653,0.264414,4,709.4099731445312,/players/zack-littell/15823/stats/pitching,P,-1,-1.0,,Zack Littell,641793,15823,15823
PIT,Pirates,3,3,0,55,0,3,,55.0,234,51,26,24,6,55,19,,2,3.85617,1.2768,9.00071,3.10602,2.89783,1.01429,0.235519,0.0812744,0.15424462407827377,,0.241282,0.297963,0.725071,3.72032,259.6,4.720000000000001,256.0,4.654545454545454,0.306173,0.268173,0,999.0,/players/brandon-eisert/27668/stats/pitching,P,27,27.0,NL,Brandon Eisert,685126,27668,27668
TBR,Rays,4,5,0,72,0,0,,72.0,302,65,36,33,11,75,22,,4,4.18578,1.2084,9.4058,2.69176,3.49429,1.43741,0.249003,0.07126,0.1777431219816208,,0.236426,0.283803,0.717511,4.13987,300.50000000000006,4.173611111111112,289.0,4.013888888888889,0.303982,0.23745,0,521.1400146484375,/players/ian-seymour/27932/stats/pitching,P,12,12.0,AL,Ian Seymour,693855,27932,27932
HOU,Astros,2,3,8,8,0,0,,47.0,206,45,26,24,8,45,21,,1,4.5802,1.38068,8.60486,3.90461,2.20377,1.49438,0.220095,0.0998718,0.12022276967763901,,0.243787,0.282719,0.724853,4.72754,156.39999999999998,3.327659574468085,155.0,3.297872340425532,0.303732,0.328877,4,999.0,/players/ronel-blanco/19407/stats/pitching,P,21,21.0,AL,Ronel Blanco,669854,19407,19407
WSN,Nationals,3,3,0,56,1,4,,56.0,241,56,28,26,8,51,18,,1,4.18126,1.33513,8.26844,2.94257,2.80994,1.2173,0.213752,0.07607,0.1376819834113121,,0.255483,0.30182,0.725936,4.07729,236.40000000000012,4.221428571428573,242.0,4.321428571428571,0.301759,0.169114,0,999.0,/players/will-dion/30061/stats/pitching,P,24,24.0,NL,Will Dion,702021,30061,30061
ATL,Braves,3,3,0,64,0,5,,64.0,270,62,30,28,9,61,18,,2,3.91632,1.24944,8.51594,2.46326,3.45718,1.23373,0.224368,0.0648993,0.15946900099515915,,0.249751,0.297023,0.735706,3.92151,283.70000000000005,4.432812500000001,285.0,4.453125,0.298244,0.311168,0,999.0,/players/dylan-dodd/29928/stats/pitching,P,16,16.0,NL,Dylan Dodd,689266,29928,29928
TEX,Rangers,3,3,0,62,0,5,,62.0,262,61,31,29,7,50,17,,4,4.14812,1.25838,7.3093,2.51297,2.90863,1.05669,0.19245,0.0661651,0.12628504633903503,,0.252304,0.291988,0.694881,4.02017,271.0999999999999,4.372580645161289,276.0,4.451612903225806,0.295481,0.15635,0,999.0,/players/jakob-junis/13619/stats/pitching,P,13,13.0,AL,Jakob Junis,596001,13619,13619
CLE,Guardians,4,4,0,70,0,6,,70.0,303,61,32,30,6,74,33,,5,3.84127,1.34588,9.48171,4.25834,2.22662,0.826985,0.243528,0.109371,0.13415683805942535,,0.230596,0.295857,0.724523,3.81243,343.6,4.908571428571429,330.0,4.714285714285714,0.294392,0.4098,0,999.0,/players/tim-herrin/25139/stats/pitching,P,5,5.0,AL,Tim Herrin,682120,25139,25139
SDP,Padres,3,4,8,28,0,1,,62.0,271,65,35,33,9,42,21,,3,4.69357,1.38288,6.07514,3.01269,2.01652,1.2663,0.155334,0.077031,0.07830317318439484,,0.26493,0.288941,0.691855,4.74769,195.09999999999997,3.1467741935483864,209.0,3.370967741935484,0.294251,0.116797,3,721.1699829101562,/players/randy-vasquez/24719/stats/pitching,P,29,29.0,NL,Randy Vásquez,681190,24719,24719
NYY,Yankees,4,4,0,73,1,8,,73.0,315,73,38,35,9,62,26,,2,4.28261,1.34961,7.68506,3.18493,2.41294,1.11549,0.197878,0.0820071,0.11587127298116684,,0.25338,0.295326,0.707602,4.16065,316.70000000000005,4.338356164383562,325.0,4.4520547945205475,0.290474,0.0691951,0,999.0,/players/paul-blackburn/14739/stats/pitching,P,9,9.0,AL,Paul Blackburn,621112,14739,14739
BAL,Orioles,3,3,0,59,0,4,,59.0,252,51,27,25,6,65,26,,4,3.86677,1.2941,9.93067,3.90226,2.54485,0.975429,0.258649,0.101636,0.1570132002234459,,0.228499,0.294473,0.724898,3.80303,286.20000000000005,4.850847457627119,273.0,4.627118644067797,0.286552,0.28527,0,999.0,/players/anthony-nunez/25796/stats/pitching,P,2,2.0,AL,Anthony Nunez,689296,25796,25796
SFG,Giants,3,3,0,58,0,4,,58.0,248,58,27,25,5,45,19,,2,3.81387,1.33598,6.96828,2.98696,2.3329,0.771386,0.181105,0.0776308,0.10347418487071991,,0.256843,0.301169,0.719033,3.76386,259.90000000000003,4.481034482758622,268.0,4.620689655172414,0.283164,0.25001,0,999.0,/players/jason-foley/19531/stats/pitching,P,30,30.0,NL,Jason Foley,671345,19531,19531
KCR,Royals,2,3,0,55,5,3,,55.0,236,51,29,27,8,56,22,,3,4.40938,1.33173,9.22879,3.65319,2.52622,1.26275,0.238604,0.094451,0.14415346831083298,,0.241053,0.29365,0.705536,4.2444,250.00000000000003,4.545454545454546,245.0,4.454545454545454,0.279588,0.172285,0,999.0,/players/steven-cruz/23165/stats/pitching,P,7,7.0,AL,Steven Cruz,674444,23165,23165
ATH,Athletics,3,3,0,60,1,4,,60.0,259,60,30,28,7,50,21,,2,4.20485,1.35974,7.43171,3.18577,2.33278,1.10736,0.191464,0.0820755,0.10938893258571625,,0.255913,0.296085,0.718617,4.19682,253.89999999999998,4.2316666666666665,261.0,4.35,0.273804,0.403504,0,999.0,/players/scott-blewett/16427/stats/pitching,P,10,10.0,AL,Scott Blewett,656240,16427,16427
BOS,Red Sox,3,3,0,56,0,2,,56.0,243,50,27,25,6,64,27,,2,4.0483,1.36567,10.2476,4.3057,2.38001,0.977761,0.262529,0.110306,0.1522233486175537,,0.231891,0.301916,0.722974,3.7686,259.6000000000001,4.635714285714287,251.0,4.482142857142857,0.270898,0.225201,0,999.0,/players/jovani-moran/20422/stats/pitching,P,3,3.0,AL,Jovani Morán,663558,20422,20422
COL,Rockies,3,4,0,62,1,5,,62.0,275,60,34,32,7,60,31,,5,4.63191,1.46823,8.7608,4.53389,1.93229,1.04925,0.219596,0.113645,0.10595069825649261,,0.250155,0.306596,0.69909,4.40138,253.69999999999993,4.091935483870967,256.0,4.129032258064516,0.270771,0.341986,0,748.510009765625,/players/juan-mejia/23237/stats/pitching,P,19,19.0,NL,Juan Mejia,675848,23237,23237
TOR,Blue Jays,4,4,3,59,0,6,,72.0,317,63,36,33,9,78,38,,3,4.11321,1.39797,9.7541,4.74544,2.05547,1.08273,0.247141,0.120236,0.12690481543540955,,0.228359,0.287644,0.734759,4.21445,315.30000000000007,4.379166666666667,300.0,4.166666666666667,0.269225,0.29385,1,999.0,/players/braydon-fisher/24609/stats/pitching,P,14,14.0,AL,Braydon Fisher,680755,24609,24609
HOU,Astros,4,4,0,68,0,6,,68.0,291,60,33,30,9,74,29,,2,4.03277,1.30979,9.74841,3.83228,2.54377,1.197,0.253408,0.0996191,0.15378843992948532,,0.23117,0.287976,0.734461,4.01469,315.50000000000006,4.639705882352942,302.0,4.4411764705882355,0.268738,0.26392,0,999.0,/players/bennett-sousa/21345/stats/pitching,P,21,21.0,AL,Bennett Sousa,656986,21345,21345
BAL,Orioles,2,3,6,28,0,0,,56.0,247,56,30,27,6,46,26,,3,4.36486,1.473,7.33769,4.23628,1.73211,0.969019,0.184792,0.106686,0.07810580730438232,,0.257986,0.302024,0.71292,4.45047,200.00000000000003,3.571428571428572,207.0,3.6964285714285716,0.259953,0.268709,2,999.0,/players/luis-de-leon/30944/stats/pitching,P,2,2.0,AL,Luis De León,801725,30944,30944
SDP,Padres,3,3,0,70,0,6,,70.0,305,61,35,32,9,75,36,,2,4.13753,1.38269,9.59955,4.59236,2.09033,1.16028,0.244818,0.117119,0.12769857048988342,,0.228498,0.283504,0.737152,4.25945,308.70000000000005,4.410000000000001,293.0,4.185714285714286,0.257132,0.0649187,0,999.0,/players/yuki-matsui/33826/stats/pitching,P,29,29.0,NL,Yuki Matsui,673513,33826,33826
PIT,Pirates,2,3,5,29,0,0,,50.0,221,51,27,25,6,41,20,,2,4.53693,1.41987,7.25135,3.6255,2.0001,1.15125,0.183944,0.0919677,0.09197667241096497,,0.258863,0.296844,0.705906,4.50611,179.6,3.592,188.0,3.76,0.256723,0.269233,2,999.0,/players/wilber-dotel/28901/stats/pitching,P,27,27.0,NL,Wilber Dotel,696062,28901,28901
BOS,Red Sox,4,4,0,68,0,6,,68.0,291,65,34,31,8,64,24,,3,4.13736,1.31761,8.53589,3.22118,2.64993,1.12184,0.221438,0.0835637,0.1378742754459381,,0.24739,0.297571,0.717683,4.03553,306.80000000000007,4.511764705882354,307.0,4.514705882352941,0.256571,0.293044,0,999.0,/players/greg-weissert/20375/stats/pitching,P,3,3.0,AL,Greg Weissert,669711,20375,20375
ATL,Braves,2,2,5,5,0,0,,27.0,118,28,14,13,3,20,11,,1,4.43675,1.45844,6.92196,3.71308,1.86421,1.09392,0.173984,0.0933286,0.08065535128116608,,0.263126,0.299702,0.717316,4.4799,94.10000000000001,3.4851851851851854,100.0,3.7037037037037037,0.256156,0.302444,2,999.0,/players/martin-perez/6902/stats/pitching,P,16,16.0,NL,Martín Pérez,527048,6902,6902
KCR,Royals,4,4,0,59,0,5,,59.0,256,55,29,26,8,59,25,,2,4.03114,1.36268,9.04702,3.82603,2.3646,1.18903,0.231705,0.0979893,0.13371581584215164,,0.241565,0.293545,0.74669,4.17923,252.20000000000005,4.274576271186441,248.0,4.203389830508475,0.243912,0.239752,0,999.0,/players/anthony-gose/5097/stats/batting,OF,7,7.0,AL,Anthony Gose,543238,5097,5097
MIN,Twins,3,3,0,59,0,5,,59.0,256,55,27,25,5,56,27,,3,3.80111,1.39257,8.60046,4.09115,2.10221,0.755561,0.219869,0.104589,0.1152794137597084,,0.24473,0.305755,0.730086,3.82127,274.1,4.645762711864407,272.0,4.610169491525424,0.240088,0.342399,0,748.510009765625,/players/kody-funderburk/24993/stats/pitching,P,8,8.0,AL,Kody Funderburk,681892,24993,24993
NYM,Mets,1,0,3,3,0,0,,19.0,84,18,9,8,2,18,9,,1,3.85857,1.3882,8.5383,4.1598,2.05257,0.986,0.218695,0.106547,0.1121484637260437,,0.241152,0.293511,0.744237,4.12184,75.2,3.9578947368421056,75.0,3.9473684210526314,0.236913,0.257198,2,999.0,/players/jonathan-santucci/sa3041559/stats/pitching,P,25,,NL,Jonathan Santucci,695558,sa3041559,sa3041559
BAL,Orioles,3,3,0,61,0,5,,61.0,266,58,30,28,7,58,26,,3,4.06043,1.38686,8.57828,3.86127,2.22162,1.08805,0.218833,0.0985012,0.12033143639564514,,0.246671,0.297949,0.736974,4.18368,263.50000000000006,4.319672131147542,263.0,4.311475409836065,0.228894,0.163857,0,999.0,/players/josh-walker/23617/stats/pitching,P,2,2.0,AL,Josh Walker,677020,23617,23617
BOS,Red Sox,4,2,0,48,0,0,,48.0,196,40,18,17,5,59,13,,2,3.10111,1.11761,11.0562,2.49963,4.42313,0.941182,0.300966,0.0680435,0.23292209208011627,,0.222924,0.302033,0.764335,2.94588,262.70000000000005,5.472916666666667,248.0,5.166666666666667,0.227066,0.215815,0,12.239999771118164,/players/garrett-crochet/27463/stats/pitching,P,3,3.0,AL,Garrett Crochet,676979,27463,27463
KCR,Royals,4,5,0,61,2,6,,61.0,269,59,31,29,6,53,30,,5,4.26806,1.44736,7.88722,4.36565,1.80665,0.834895,0.198968,0.110131,0.08883704990148544,,0.250844,0.303278,0.707018,4.25888,259.20000000000005,4.249180327868853,262.0,4.295081967213115,0.224343,0.282396,0,490.70001220703125,/players/lucas-erceg/19360/stats/pitching,P,7,7.0,AL,Lucas Erceg,668674,19360,19360
CHC,Cubs,2,1,0,30,0,0,,30.0,121,26,11,10,3,33,7,,1,3.03219,1.0966,9.9774,2.1024,4.74572,0.899,0.27427,0.0577932,0.21647699922323227,,0.228882,0.297856,0.760487,2.99658,159.5,5.316666666666666,153.0,5.1,0.22027,0.227398,0,605.5,/players/justin-steele/17312/stats/pitching,P,17,17.0,NL,Justin Steele,657006,17312,17312
SFG,Giants,0,4,8,8,0,0,,49.0,213,52,28,26,7,32,20,,2,4.83948,1.4735,5.9067,3.717,1.5891,1.265,0.149499,0.0940775,0.05542142689228058,,0.268958,0.292404,0.701092,4.95634,139.3,2.842857142857143,152.0,3.1020408163265305,0.214989,0.267159,4,999.0,/players/yunior-marte/31097/stats/pitching,P,30,30.0,NL,Yunior Marte,805074,31097,31097
ATH,Athletics,3,4,0,59,0,4,,59.0,259,60,32,30,7,51,25,,2,4.51341,1.42806,7.72786,3.7482,2.06175,1.09838,0.1959,0.0950162,0.1008836179971695,,0.257541,0.30183,0.704055,4.33568,231.5,3.9237288135593222,241.0,4.084745762711864,0.207182,0.120046,0,999.0,/players/geoff-hartlieb/19558/stats/pitching,P,10,10.0,AL,Geoff Hartlieb,664129,19558,19558
BAL,Orioles,4,3,0,50,0,1,,50.0,214,46,22,21,5,51,20,,3,3.69124,1.31338,9.21142,3.55204,2.59327,0.923898,0.238999,0.092161,0.1468377634882927,,0.23972,0.30154,0.7419,3.73823,225.9,4.518,222.0,4.44,0.206178,0.182052,0,999.0,/players/grant-wolfram/21623/stats/pitching,P,2,2.0,AL,Grant Wolfram,664991,21623,21623
CHC,Cubs,4,4,0,70,1,5,,70.0,297,62,35,32,10,70,27,,3,4.14649,1.27728,9.01018,3.53409,2.54951,1.24889,0.235863,0.0925133,0.1433498039841652,,0.231932,0.278905,0.719952,4.19387,308.8,4.411428571428572,295.0,4.214285714285714,0.205591,0.139672,0,999.0,/players/jacob-webb/19274/stats/pitching,P,17,17.0,NL,Jacob Webb,657097,19274,19274
STL,Cardinals,1,2,3,21,0,0,,37.0,161,39,19,17,5,27,12,,2,4.09545,1.3479,6.4188,2.8512,2.25126,1.094,0.165938,0.0737087,0.09222894161939621,,0.261707,0.292915,0.724449,4.32884,122.9,3.3216216216216217,132.0,3.5675675675675675,0.203461,0.181084,1,999.0,/players/peter-hansen/sa3020798/stats/pitching,P,28,,NL,Pete Hansen,677337,sa3020798,sa3020798
ATH,Athletics,3,4,0,63,3,4,,63.0,274,57,33,30,9,68,30,,3,4.33531,1.38033,9.73686,4.29161,2.26881,1.2998,0.248406,0.109487,0.13891860842704773,,0.236114,0.291927,0.730345,4.40083,275.30000000000007,4.369841269841271,266.0,4.222222222222222,0.202191,0.426113,0,748.52001953125,/players/elvis-alvarado/21662/stats/pitching,P,10,10.0,AL,Elvis Alvarado,665660,21662,21662
ARI,Diamondbacks,1,1,3,3,0,0,,18.0,76,18,9,9,2,14,6,,1,4.50397,1.38118,7.33414,3.14661,2.3308,1.26464,0.187537,0.08046,0.10707652568817139,,0.260731,0.296916,0.71131,4.46433,68.80000000000003,3.8222222222222237,71.0,3.9444444444444446,0.198383,0.237412,1,999.0,/players/mitch-bratt/30003/stats/pitching,P,15,15.0,NL,Mitch Bratt,683352,30003,30003
STL,Cardinals,2,2,3,31,0,0,,47.0,209,41,23,21,5,50,28,,3,3.98529,1.4458,9.5139,5.2677,1.80608,0.985,0.239434,0.132571,0.10686297714710236,,0.227953,0.287942,0.747266,4.3296,186.70000000000002,3.9723404255319155,177.0,3.765957446808511,0.193102,0.316474,1,999.0,/players/cooper-hjerpe/31853/stats/pitching,P,28,28.0,NL,Cooper Hjerpe,687309,31853,31853
LAD,Dodgers,2,2,0,40,0,4,,40.0,169,34,19,17,5,43,15,,1,3.86662,1.24698,9.64052,3.46688,2.78075,1.13579,0.253997,0.0913412,0.16265542060136795,,0.226536,0.282178,0.729645,3.83829,200.1,5.0024999999999995,189.0,4.725,0.188307,0.0953901,0,999.0,/players/jack-dreyer/30249/stats/pitching,P,22,22.0,NL,Jack Dreyer,676263,30249,30249
LAA,Angels,3,4,0,60,0,5,,60.0,259,53,30,28,7,65,28,,3,4.17342,1.3491,9.6862,4.26214,2.27262,1.07606,0.249113,0.109615,0.13949790596961975,,0.230427,0.290333,0.716439,4.06469,277.09999999999997,4.618333333333333,266.0,4.433333333333334,0.183559,0.157589,0,999.0,/players/jose-fermin/33908/stats/pitching,P,1,1.0,AL,José Fermin,820862,33908,33908
TBR,Rays,2,2,0,56,0,5,,56.0,238,53,27,25,7,53,19,,1,4.01338,1.28444,8.50614,3.03528,2.80243,1.16872,0.222203,0.0792896,0.14291386306285858,,0.243254,0.289953,0.726854,3.97749,256.50000000000006,4.580357142857144,255.0,4.553571428571429,0.182459,0.161622,0,999.0,/players/cole-sulser/15256/stats/pitching,P,12,12.0,AL,Cole Sulser,642121,15256,15256
BAL,Orioles,2,3,3,43,0,0,,60.0,264,65,34,31,9,48,20,,1,4.67534,1.42073,7.19967,3.05018,2.36041,1.36403,0.182486,0.0773113,0.10517477244138718,,0.268987,0.302986,0.710673,4.55663,197.3,3.2883333333333336,216.0,3.6,0.182172,0.0728719,1,999.0,/players/albert-suarez/6175/stats/pitching,P,2,2.0,AL,Albert Suárez,544150,6175,6175
LAA,Angels,3,3,0,63,1,6,,63.0,274,59,31,29,6,62,28,,5,4.09143,1.39044,8.81114,4.05228,2.17437,0.901576,0.225129,0.103538,0.12159157544374466,,0.246393,0.306954,0.715793,4.04359,293.0,4.650793650793651,291.0,4.619047619047619,0.181205,0.27189,0,999.0,/players/tayler-saucedo/17888/stats/pitching,P,1,1.0,AL,Tayler Saucedo,642048,17888,17888
NYY,Yankees,2,2,0,38,0,0,,38.0,158,34,17,15,5,41,11,,1,3.63749,1.18197,9.64091,2.65677,3.62881,1.08086,0.257818,0.0710477,0.18677078932523727,,0.23187,0.291166,0.73091,3.51092,177.29999999999998,4.66578947368421,171.0,4.5,0.17968,0.138043,0,232.55999755859375,/players/ryan-weathers/23796/stats/pitching,P,9,9.0,AL,Ryan Weathers,677960,23796,23796
SDP,Padres,3,3,0,64,0,5,,64.0,276,57,31,28,7,65,29,,5,3.95455,1.34632,9.08403,4.10368,2.21363,0.951599,0.234008,0.105712,0.12829574942588806,,0.235339,0.294062,0.725031,4.04644,287.3,4.4890625,277.0,4.328125,0.175964,0.122514,0,999.0,/players/david-morgan/31616/stats/pitching,P,29,29.0,NL,David Morgan,688158,31616,31616
TOR,Blue Jays,3,3,0,58,0,4,,58.0,255,48,26,24,5,69,35,,2,3.71366,1.43956,10.7157,5.50682,1.9459,0.845822,0.270725,0.139126,0.13159894943237305,,0.220793,0.29776,0.753735,3.88893,285.90000000000003,4.929310344827587,268.0,4.620689655172414,0.169509,0.279814,0,748.52001953125,/players/brendon-little/21574/stats/pitching,P,14,14.0,AL,Brendon Little,663893,21574,21574
NYY,Yankees,3,4,0,60,0,3,,60.0,257,57,31,28,8,59,22,,2,4.24997,1.31232,8.81506,3.25982,2.70416,1.1978,0.22865,0.0845548,0.14409476518630981,,0.244569,0.294708,0.710547,4.06819,255.40000000000003,4.256666666666667,254.0,4.233333333333333,0.168207,0.0385403,0,285.04998779296875,/players/will-warren/30182/stats/pitching,P,9,9.0,AL,Will Warren,701542,30182,30182
CHC,Cubs,3,3,0,58,0,4,,58.0,242,53,28,26,9,53,16,,3,3.99836,1.19231,8.19017,2.46516,3.32236,1.32557,0.217964,0.065605,0.15235864371061325,,0.238163,0.275508,0.722712,4.15208,245.70000000000005,4.2362068965517246,238.0,4.103448275862069,0.167035,0.14308,0,748.5800170898438,/players/aaron-civale/19479/stats/pitching,P,17,17.0,NL,Aaron Civale,650644,19479,19479
COL,Rockies,3,4,0,56,0,3,,56.0,246,54,31,29,7,56,26,,5,4.67772,1.42799,8.96007,4.15965,2.15404,1.06002,0.226281,0.105049,0.12123136967420578,,0.251184,0.310442,0.686393,4.30472,218.90000000000006,3.9089285714285724,220.0,3.9285714285714284,0.166964,0.169732,0,999.0,/players/jaden-hill/30250/stats/pitching,P,19,19.0,NL,Jaden Hill,677955,30250,30250
CLE,Guardians,3,3,0,58,0,4,,58.0,246,53,28,26,7,58,20,,4,4.04541,1.25388,9.05554,3.05302,2.96609,1.10941,0.237124,0.0799451,0.15717942267656326,,0.238408,0.29234,0.710077,3.91093,265.3,4.574137931034483,259.0,4.4655172413793105,0.163715,0.120537,0,999.0,/players/matt-festa/19330/stats/pitching,P,5,5.0,AL,Matt Festa,670036,19330,19330
CIN,Reds,1,3,3,27,0,0,,41.0,181,44,24,22,7,29,14,,1,4.89268,1.42558,6.37625,3.13552,2.03355,1.42297,0.161604,0.0794685,0.08213500678539276,,0.26917,0.293139,0.696125,4.88557,115.90000000000003,2.8268292682926837,127.0,3.097560975609756,0.159258,0.0473412,1,999.0,/players/chase-solesky/25480/stats/pitching,P,18,18.0,NL,Chase Solesky,686678,25480,25480
SEA,Mariners,1,0,2,2,0,0,,10.0,40,9,4,4,1,8,2,,0,3.50991,1.187,7.8426,2.0709,3.78705,1.008,0.209925,0.0554324,0.15449288487434387,,0.246433,0.291385,0.735585,3.61792,48.300000000000004,4.83,47.0,4.7,0.158681,0.193994,1,999.0,/players/ryan-sloan/sa3067131/stats/pitching,P,11,,AL,Ryan Sloan,815549,sa3067131,sa3067131
ARI,Diamondbacks,3,3,0,55,0,4,,55.0,235,51,27,25,7,50,21,,3,4.14931,1.30581,8.21988,3.42438,2.4004,1.07181,0.213638,0.0890013,0.12463696300983429,,0.240548,0.286475,0.709333,4.10726,232.29999999999998,4.223636363636364,228.0,4.1454545454545455,0.157692,0.145896,0,150.50999450683594,/players/dennis-santana/17878/stats/pitching,P,15,15.0,NL,Dennis Santana,642701,17878,17878
MIA,Marlins,3,3,0,58,0,4,,58.0,252,52,26,24,5,53,29,,2,3.67887,1.40021,8.20553,4.56038,1.79931,0.753464,0.209623,0.116502,0.09312091022729874,,0.234924,0.288393,0.743754,4.00357,261.50000000000006,4.5086206896551735,254.0,4.379310344827586,0.157118,0.376425,0,496.760009765625,/players/victor-vodnik/24614/stats/pitching,P,20,20.0,NL,Victor Vodnik,680767,24614,24614
,,1,1,0,28,0,0,,28.0,123,27,14,13,3,24,13,,1,4.04037,1.41642,7.70011,4.08415,1.88536,0.856827,0.195414,0.103648,0.09176614135503769,,0.247507,0.295192,0.724899,4.09413,106.10000000000001,3.7892857142857146,107.0,3.8214285714285716,0.15558,0.0979633,0,999.0,/players/danny-coulombe/13293/stats/pitching,P,-1,-1.0,,Danny Coulombe,543056,13293,13293
ATH,Athletics,2,3,3,29,0,0,,44.0,195,44,26,24,7,38,20,,2,4.86675,1.44953,7.82879,4.0883,1.91492,1.3966,0.197291,0.103028,0.09426302462816238,,0.253974,0.290313,0.703173,4.84901,135.10000000000002,3.0704545454545458,139.0,3.159090909090909,0.154245,0.0997875,1,735.3200073242188,/players/luis-morales/32227/stats/pitching,P,10,10.0,AL,Luis Morales,806960,32227,32227
LAD,Dodgers,2,2,0,46,1,5,,46.0,195,39,21,20,5,52,19,,2,3.81792,1.26231,10.2011,3.64874,2.7958,1.05851,0.267693,0.0957483,0.17194431275129318,,0.226328,0.291629,0.7305,3.70705,243.50000000000003,5.293478260869565,231.0,5.021739130434782,0.154079,0.0776011,0,999.0,/players/brock-stewart/16727/stats/pitching,P,22,22.0,NL,Brock Stewart,592779,16727,16727
SDP,Padres,4,3,0,58,0,4,,58.0,245,51,27,25,7,54,21,,5,3.90461,1.2482,8.42152,3.31893,2.53742,1.07779,0.221262,0.0871997,0.13406241685152054,,0.232581,0.278708,0.720542,4.12957,256.5,4.422413793103448,245.0,4.224137931034483,0.14677,0.172957,0,999.0,/players/jason-adam/11861/stats/pitching,P,29,29.0,NL,Jason Adam,592094,11861,11861
MIL,Brewers,3,3,0,58,0,4,,58.0,252,50,28,26,6,62,30,,3,3.97472,1.38313,9.62661,4.62842,2.07989,0.976636,0.246081,0.118315,0.1277666836977005,,0.229384,0.291358,0.734026,4.04865,266.40000000000003,4.593103448275863,253.0,4.362068965517241,0.143648,0.161301,0,999.0,/players/dl-hall/22207/stats/pitching,P,23,23.0,NL,DL Hall,669084,22207,22207
PIT,Pirates,1,3,5,23,0,0,,47.0,205,49,27,25,7,36,16,,2,4.77342,1.3835,6.9021,3.0807,2.24043,1.416,0.176096,0.0785993,0.0974971279501915,,0.262525,0.290567,0.703814,4.77895,152.30000000000004,3.2404255319148945,162.0,3.4468085106382977,0.13701,0.259364,2,999.0,/players/tom-harrington/31989/stats/pitching,P,27,27.0,NL,Thomas Harrington,802419,31989,31989
MIN,Twins,2,2,2,34,0,0,,40.0,175,38,20,19,4,38,18,,2,4.21481,1.39769,8.62153,4.04025,2.13391,0.997159,0.219919,0.103059,0.11685965955257416,,0.245882,0.30036,0.715858,4.1169,164.0,4.1,164.0,4.1,0.135654,0.117076,1,999.0,/players/kendry-rojas/29423/stats/pitching,P,8,8.0,AL,Kendry Rojas,696070,29423,29423
KCR,Royals,3,4,0,64,6,4,,64.0,284,62,34,32,7,61,33,,5,4.49135,1.47678,8.51744,4.63055,1.8394,1.03085,0.213083,0.115844,0.09723909199237823,,0.249588,0.303355,0.713,4.45472,280.3,4.3796875,283.0,4.421875,0.134514,0.144438,0,999.0,/players/nate-pearson/20160/stats/pitching,P,7,7.0,AL,Nate Pearson,663878,20160,20160
KCR,Royals,0,1,3,3,0,0,,19.0,85,21,11,10,3,14,6,,1,4.77378,1.4133,6.2685,2.9637,2.11509,1.317,0.159492,0.0754064,0.08408518135547638,,0.271489,0.297675,0.697846,4.73265,56.09999999999999,2.9526315789473676,63.0,3.3157894736842106,0.131601,0.128905,1,999.0,/players/lucas-braun/sa3022996/stats/pitching,P,7,,AL,Lucas Braun,814351,sa3022996,sa3022996
NYM,Mets,4,4,0,57,0,4,,57.0,246,52,28,26,7,57,23,,3,4.12492,1.31925,9.03177,3.59043,2.51551,1.12458,0.232947,0.0926043,0.1403428092598915,,0.239057,0.292273,0.717855,4.09259,252.49999999999994,4.429824561403508,246.0,4.315789473684211,0.131175,0.0889382,0,999.0,/players/austin-warren/24937/stats/pitching,P,25,25.0,NL,Austin Warren,681810,24937,24937
CIN,Reds,3,3,0,60,0,5,,60.0,262,59,33,31,9,62,25,,1,4.61043,1.40043,9.23967,3.69893,2.49793,1.37379,0.23484,0.0940137,0.14082616567611694,,0.251232,0.303289,0.714568,4.33165,245.9,4.098333333333334,249.0,4.15,0.127213,-0.0576943,0,999.0,/players/pierce-johnson/13435/stats/pitching,P,18,18.0,NL,Pierce Johnson,572955,13435,13435
ATL,Braves,2,2,0,44,0,1,,44.0,186,39,19,18,5,46,16,,2,3.64041,1.2521,9.4554,3.1986,2.95611,1.057,0.249194,0.0842979,0.1648956537246704,,0.235138,0.294564,0.748383,3.7338,204.70000000000002,4.652272727272727,197.0,4.4772727272727275,0.124711,0.108087,0,999.0,/players/ray-kerr/23809/stats/pitching,P,16,16.0,NL,Ray Kerr,678061,23809,23809
MIA,Marlins,4,7,13,51,0,0,,109.0,483,119,66,61,17,77,43,,3,5.08606,1.4847,6.37106,3.54213,1.79865,1.39568,0.15931,0.0885716,0.07073809206485748,,0.271453,0.296537,0.689204,4.97266,304.1,2.789908256880734,340.0,3.1192660550458715,0.120844,0.0911131,4,999.0,/players/bradley-blalock/26419/stats/pitching,P,20,20.0,NL,Bradley Blalock,687134,26419,26419
PIT,Pirates,2,2,0,52,0,2,,52.0,226,46,24,22,4,53,25,,5,3.77654,1.38043,9.15462,4.37673,2.09166,0.742396,0.23416,0.111949,0.12221071869134903,,0.237421,0.304403,0.729456,3.87257,240.00000000000003,4.615384615384616,232.0,4.461538461538462,0.120455,0.101623,0,999.0,/players/evan-sisk/24995/stats/pitching,P,27,27.0,NL,Evan Sisk,681895,24995,24995
SDP,Padres,2,2,0,48,0,0,,48.0,200,45,21,19,6,47,11,,3,3.58758,1.1646,8.8506,2.1186,4.17757,1.138,0.236337,0.0565729,0.17976448312401772,,0.240551,0.291598,0.741815,3.6723,216.40000000000003,4.508333333333334,214.0,4.458333333333333,0.12044,0.081545,0,385.6199951171875,/players/joe-musgrove/12970/stats/pitching,P,29,29.0,NL,Joe Musgrove,605397,12970,12970
TOR,Blue Jays,2,2,2,34,0,0,,40.0,176,35,20,19,4,42,22,,4,4.18437,1.40943,9.5318,4.89905,1.94564,0.96814,0.241674,0.124213,0.11746124178171158,,0.231117,0.294019,0.718055,4.29859,161.8,4.045,154.0,3.85,0.117878,0.0955402,1,999.0,/players/ricky-tiedemann/30165/stats/pitching,P,14,14.0,AL,Ricky Tiedemann,694357,30165,30165
SFG,Giants,6,10,16,61,0,1,,132.0,598,144,76,70,14,82,65,,11,4.72946,1.58521,5.60606,4.45298,1.25894,0.929249,0.137929,0.109559,0.02836976945400238,,0.276867,0.30731,0.702333,4.92991,370.20000000000016,2.8045454545454556,418.0,3.1666666666666665,0.113591,0.297888,6,999.0,/players/seth-lonsway/30064/stats/pitching,P,30,30.0,NL,Seth Lonsway,675920,30064,30064
SEA,Mariners,3,3,0,62,0,6,,62.0,262,56,30,27,9,62,21,,2,3.99146,1.2473,9.06753,3.10234,2.9228,1.24286,0.238187,0.0814929,0.15669459849596024,,0.234669,0.28308,0.72798,4.03179,281.5,4.540322580645161,272.0,4.387096774193548,0.112719,0.0370683,0,999.0,/players/eduard-bazardo/20997/stats/pitching,P,11,11.0,AL,Eduard Bazardo,660825,20997,20997
PHI,Phillies,3,3,0,62,0,4,,62.0,271,57,31,29,7,59,31,,3,4.18824,1.4256,8.5158,4.4964,1.89392,1.083,0.216373,0.114247,0.10212670266628265,,0.241978,0.29188,0.733176,4.41125,256.49999999999994,4.137096774193547,251.0,4.048387096774194,0.111141,0.221149,0,999.0,/players/alex-mcfarlane/31773/stats/pitching,P,26,26.0,NL,Alex McFarlane,686934,31773,31773
BAL,Orioles,0,1,3,3,0,0,,19.0,85,20,11,10,3,16,7,,1,4.65876,1.4009,7.2549,3.4371,2.11076,1.411,0.185396,0.0878335,0.09756209701299667,,0.258971,0.290123,0.715839,4.76623,59.69999999999999,3.142105263157894,64.0,3.3684210526315788,0.109239,0.0754437,1,999.0,/players/nestor-german/sa3023517/stats/pitching,P,2,,AL,Nestor German,815148,sa3023517,sa3023517
MIA,Marlins,0,3,6,6,0,0,,39.0,176,39,23,21,5,31,22,,2,4.88709,1.5672,7.2585,5.085,1.42743,1.181,0.178153,0.124807,0.053346581757068634,,0.256284,0.292984,0.710089,5.04311,115.70000000000002,2.9666666666666672,120.0,3.076923076923077,0.107818,0.147626,3,999.0,/players/karson-milbrandt/sa3020659/stats/pitching,P,20,,NL,Karson Milbrandt,703596,sa3020659,sa3020659
TBR,Rays,3,3,0,50,0,4,,50.0,214,45,24,22,5,49,20,,4,3.91215,1.30466,8.76954,3.56006,2.46332,0.884729,0.228103,0.0925998,0.13550272583961487,,0.239197,0.297219,0.711428,3.84314,233.5,4.67,227.0,4.54,0.106026,0.0420917,0,999.0,/players/manuel-rodriguez/20794/stats/pitching,P,12,12.0,AL,Manuel Rodríguez,655889,20794,20794
SFG,Giants,3,4,0,60,1,4,,60.0,261,66,32,29,6,39,18,,4,4.35932,1.40968,5.90032,2.71399,2.17404,0.96649,0.150925,0.0694217,0.08150360733270645,,0.278234,0.310814,0.699222,4.26883,231.6,3.86,255.0,4.25,0.10595,-0.0796272,0,999.0,/players/joel-kuhnel/19995/stats/pitching,P,30,30.0,NL,Joel Kuhnel,669270,19995,19995
CIN,Reds,2,4,3,37,0,0,,51.0,226,54,32,30,8,38,21,,2,5.19244,1.46904,6.65238,3.66103,1.81708,1.38701,0.166913,0.0918579,0.07505541294813156,,0.267281,0.294752,0.674813,4.98799,145.6,2.854901960784314,158.0,3.0980392156862746,0.105508,-0.0977416,1,999.0,/players/chase-petty/30170/stats/pitching,P,18,18.0,NL,Chase Petty,695534,30170,30170
TEX,Rangers,3,3,0,54,0,3,,54.0,228,51,25,24,8,48,16,,2,3.92752,1.24555,8.07217,2.69529,2.99492,1.26848,0.212731,0.0710306,0.14170026779174805,,0.243967,0.283494,0.738133,4.15396,222.60000000000005,4.122222222222224,220.0,4.074074074074074,0.105388,0.230464,0,999.0,/players/trevor-williams/16977/stats/pitching,P,13,13.0,AL,Trevor Williams,592866,16977,16977
SEA,Mariners,3,3,0,54,0,3,,54.0,229,49,24,22,6,54,20,,2,3.62547,1.2725,8.9964,3.3507,2.68493,1.015,0.235422,0.0876825,0.14773905277252197,,0.234855,0.289427,0.747077,3.80663,252.4,4.674074074074074,246.0,4.555555555555555,0.102403,0.149083,0,999.0,/players/michael-rucker/19454/stats/pitching,P,11,11.0,AL,Michael Rucker,621074,19454,19454
SEA,Mariners,3,3,2,48,0,0,,55.0,236,54,27,24,6,46,17,,4,3.98161,1.30179,7.52239,2.83351,2.65479,0.984805,0.195302,0.0735658,0.12173625081777573,,0.253034,0.296941,0.712912,3.98898,221.79999999999998,4.032727272727272,226.0,4.109090909090909,0.0993687,0.120376,1,999.0,/players/cooper-criswell/24975/stats/pitching,P,11,11.0,AL,Cooper Criswell,681867,24975,24975
TEX,Rangers,3,4,0,50,0,2,,50.0,211,46,25,23,7,51,17,,2,4.12902,1.26336,9.09157,3.07971,2.95209,1.24978,0.238928,0.0809352,0.1579928919672966,,0.239576,0.290177,0.717194,4.03439,217.29999999999998,4.346,212.0,4.24,0.0989742,0.0091355,0,999.0,/players/peyton-gray/25310/stats/pitching,P,13,13.0,AL,Peyton Gray,682608,25310,25310
ARI,Diamondbacks,3,4,3,51,0,2,,66.0,288,70,37,35,9,49,24,,5,4.72895,1.41984,6.74266,3.22788,2.08889,1.26741,0.171027,0.0818748,0.08915236592292786,,0.268614,0.300715,0.696283,4.72278,214.7000000000001,3.2530303030303047,232.0,3.515151515151515,0.0977538,0.0429742,1,999.0,/players/jose-cabrera/30412/stats/pitching,P,15,15.0,NL,Jose Cabrera,703615,30412,30412
KCR,Royals,3,3,0,60,0,5,,60.0,263,58,32,29,6,52,28,,6,4.41066,1.43302,7.87373,4.19362,1.87755,0.927628,0.199217,0.106105,0.09311212599277496,,0.252325,0.302658,0.698831,4.36753,241.39999999999998,4.0233333333333325,244.0,4.066666666666666,0.0969989,0.0707655,0,999.0,/players/nolan-hoffman/23381/stats/pitching,P,7,7.0,AL,Nolan Hoffman,676510,23381,23381
NYY,Yankees,3,3,0,66,0,5,,66.0,284,62,34,31,9,57,27,,3,4.22751,1.3399,7.71309,3.61908,2.13123,1.16964,0.199011,0.0933787,0.10563265532255173,,0.242722,0.280822,0.717749,4.40438,260.5000000000001,3.9469696969696986,257.0,3.893939393939394,0.0913779,0.0975435,0,999.0,/players/john-schreiber/20020/stats/pitching,P,9,9.0,AL,John Schreiber,670167,20020,20020
COL,Rockies,2,4,3,33,0,0,,48.0,217,53,30,27,6,39,21,,5,5.09314,1.52833,7.2274,3.97649,1.81753,1.20448,0.17882,0.0983862,0.08043406903743744,,0.275554,0.316914,0.683787,4.87796,143.60000000000002,2.991666666666667,162.0,3.375,0.0905258,0.139474,1,999.0,/players/eiberson-castellano/28040/stats/pitching,P,19,19.0,NL,Eiberson Castellano,682769,28040,28040
NYM,Mets,3,3,0,55,0,4,,55.0,240,50,27,25,5,51,27,,2,4.0413,1.40598,8.31854,4.40167,1.88986,0.865827,0.211938,0.112145,0.09979315847158432,,0.239366,0.292058,0.719665,4.09444,246.5,4.4818181818181815,241.0,4.381818181818182,0.0878694,0.0813443,0,999.0,/players/cionel-perez/19614/stats/pitching,P,25,25.0,NL,Cionel Pérez,672335,19614,19614
STL,Cardinals,2,3,3,41,0,0,,55.0,241,54,30,27,7,47,24,,4,4.47013,1.41778,7.70318,3.92764,1.96127,1.13221,0.195162,0.0995076,0.09565403312444687,,0.252705,0.294845,0.708122,4.53074,190.49999999999997,3.463636363636363,194.0,3.5272727272727273,0.0871251,0.0960093,1,999.0,/players/brycen-mautz/31910/stats/pitching,P,28,28.0,NL,Brycen Mautz,802408,31910,31910
MIN,Twins,2,3,0,52,0,2,,52.0,223,55,27,25,7,43,14,,1,4.3367,1.32688,7.44567,2.50864,2.968,1.25768,0.192775,0.0649512,0.12782418727874756,,0.262573,0.30032,0.712283,4.16188,204.70000000000005,3.936538461538462,218.0,4.1923076923076925,0.0864249,0.00971211,0,999.0,/players/jack-anderson/30086/stats/pitching,P,8,8.0,AL,Jack Anderson,681252,30086,30086
LAD,Dodgers,2,1,0,28,0,0,,28.0,120,23,13,12,3,32,13,,2,3.78796,1.29991,10.2387,4.17945,2.44977,0.876972,0.266142,0.10864,0.15750224143266678,,0.223734,0.295306,0.725072,3.71237,129.50000000000006,4.625000000000002,120.0,4.285714285714286,0.0862219,0.0404635,0,999.0,/players/edgardo-henriquez/26944/stats/pitching,P,22,22.0,NL,Edgardo Henriquez,683618,26944,26944
DET,Tigers,3,3,0,55,0,2,,55.0,234,53,25,23,5,47,18,,4,3.79503,1.29217,7.67548,2.95096,2.60101,0.849587,0.200053,0.0769135,0.12313900142908096,,0.24955,0.298226,0.716691,3.819,243.7,4.430909090909091,246.0,4.472727272727273,0.0856722,0.0885861,0,999.0,/players/brant-hurter/30133/stats/pitching,P,6,6.0,AL,Brant Hurter,676428,30133,30133
WSN,Nationals,2,2,0,42,0,0,,42.0,183,41,22,21,5,44,17,,4,4.40846,1.3735,9.49078,3.65083,2.59962,0.989872,0.242187,0.0931624,0.14902477711439133,,0.251093,0.318905,0.689771,3.92044,167.70000000000002,3.9928571428571433,170.0,4.0476190476190474,0.0820856,-0.00592458,0,999.0,/players/jake-bird/21267/stats/pitching,P,24,24.0,NL,Jake Bird,656234,21267,21267
COL,Rockies,2,4,0,67,1,5,,67.0,294,70,40,37,11,60,26,,4,4.98834,1.41952,8.10717,3.42629,2.36616,1.46874,0.204959,0.0866207,0.11833789199590683,,0.262756,0.303031,0.691745,4.74503,233.49999999999994,3.485074626865671,247.0,3.6865671641791047,0.0816955,0.0043431,0,999.0,/players/jimmy-herget/17556/stats/pitching,P,19,19.0,NL,Jimmy Herget,623474,17556,17556
TBR,Rays,2,2,0,28,0,0,,28.0,117,22,12,11,3,35,12,,2,3.53532,1.19821,11.3987,3.81605,2.98703,1.01561,0.302394,0.101236,0.20115870237350464,,0.209677,0.285931,0.741501,3.52254,141.10000000000002,5.0392857142857155,129.0,4.607142857142857,0.0757102,0.067138,0,505.4800109863281,/players/garrett-cleavinger/17897/stats/pitching,P,12,12.0,AL,Garrett Cleavinger,664076,17897,17897
MIL,Brewers,2,1,0,30,0,0,,30.0,126,26,15,13,4,34,11,,2,4.03006,1.23131,10.1198,3.17864,3.18369,1.30221,0.267115,0.083901,0.1832135245203972,,0.23099,0.289613,0.726357,3.95658,134.20000000000002,4.473333333333334,127.0,4.233333333333333,0.0755239,0.0260206,0,446.55999755859375,/players/kyle-harrison/27758/stats/pitching,P,23,23.0,NL,Kyle Harrison,690986,27758,27758
MIN,Twins,3,4,0,56,0,4,,56.0,247,53,29,27,6,54,27,,4,4.32844,1.43011,8.74918,4.30996,2.02999,1.04165,0.220615,0.108678,0.11193721741437912,,0.246657,0.301772,0.717873,4.31104,233.80000000000007,4.175000000000002,233.0,4.160714285714286,0.073708,0.0382199,0,415.510009765625,/players/taylor-rogers/13449/stats/pitching,P,8,8.0,AL,Taylor Rogers,573124,13449,13449
CIN,Reds,3,4,0,58,0,4,,58.0,260,52,32,29,6,63,36,,5,4.52954,1.51572,9.70283,5.59833,1.73316,1.00411,0.240778,0.138924,0.10185399651527405,,0.23671,0.302468,0.712194,4.50117,239.20000000000005,4.1241379310344835,231.0,3.9827586206896552,0.0717496,-0.0614798,0,999.0,/players/luis-mey/25620/stats/pitching,P,18,18.0,NL,Luis Mey,682825,25620,25620
ATL,Braves,1,1,0,34,0,1,,34.0,145,34,16,15,4,28,10,,1,3.87461,1.3071,7.42519,2.70254,2.74749,1.04632,0.193364,0.0703786,0.12298586964607239,,0.255753,0.297309,0.733094,3.95196,141.00000000000003,4.147058823529413,145.0,4.264705882352941,0.0707545,0.0915529,0,999.0,/players/brent-suter/13942/stats/pitching,P,16,16.0,NL,Brent Suter,608718,13942,13942
BOS,Red Sox,3,3,0,60,0,4,,60.0,266,63,31,29,6,44,26,,2,4.27739,1.48275,6.65135,3.93136,1.69187,0.861166,0.167004,0.0987093,0.0682942271232605,,0.26463,0.30479,0.715421,4.2851,226.39999999999998,3.773333333333333,242.0,4.033333333333333,0.0699721,0.115951,0,999.0,/players/alec-gamboa/26227/stats/pitching,P,3,3.0,AL,Alec Gamboa,687941,26227,26227
MIN,Twins,2,2,0,46,0,0,,46.0,201,43,22,21,5,43,21,,2,4.06099,1.39513,8.43946,4.15627,2.03053,0.90703,0.215037,0.105902,0.10913516581058502,,0.242244,0.295823,0.722928,4.05919,184.10000000000002,4.002173913043479,182.0,3.9565217391304346,0.0697394,0.047827,0,999.0,/players/eric-orze/27626/stats/pitching,P,8,8.0,AL,Eric Orze,679358,27626,27626
TOR,Blue Jays,3,3,0,38,0,0,,38.0,163,33,18,17,5,41,17,,2,3.98826,1.31666,9.77617,4.14255,2.35994,1.08412,0.25317,0.107278,0.14589185267686844,,0.226243,0.285405,0.72815,4.01022,158.89999999999998,4.18157894736842,150.0,3.9473684210526314,0.0681427,0.0333676,0,999.0,/players/jose-rodriguez/28393/stats/pitching,P,14,14.0,AL,José Rodríguez,692064,28393,28393
STL,Cardinals,0,1,2,2,0,0,,10.0,43,9,5,5,1,8,4,,1,4.36095,1.4008,7.5276,3.9789,1.89188,1.215,0.191046,0.100982,0.09006393700838089,,0.247317,0.283546,0.72545,4.68772,39.300000000000004,3.9300000000000006,38.0,3.8,0.066789,0.121426,1,999.0,/players/mason-molina/sa3025586/stats/pitching,P,28,,NL,Mason Molina,695766,sa3025586,sa3025586
CLE,Guardians,3,4,0,64,0,2,,64.0,278,56,31,28,9,76,31,,2,3.97888,1.34952,10.7561,4.30108,2.5008,1.22104,0.275486,0.110159,0.1653265357017517,,0.227408,0.294138,0.750337,3.99045,278.30000000000007,4.348437500000001,264.0,4.125,0.0658221,0.153846,0,999.0,/players/daniel-espino/25625/stats/pitching,P,5,5.0,AL,Daniel Espino,682982,25625,25625
ATH,Athletics,2,2,0,42,0,0,,42.0,182,42,22,20,5,40,16,,2,4.3751,1.3665,8.47342,3.39219,2.49792,1.08926,0.217277,0.0869833,0.1302940994501114,,0.253638,0.305931,0.702143,4.08568,166.10000000000002,3.9547619047619054,171.0,4.071428571428571,0.0637372,0.0329388,0,999.0,/players/drew-rom/24602/stats/pitching,P,10,10.0,AL,Drew Rom,680723,24602,24602
MIL,Brewers,5,4,0,70,1,5,,70.0,297,67,33,30,9,52,23,,3,3.86299,1.28561,6.71164,2.9008,2.31372,1.1349,0.175794,0.0759789,0.09981478750705719,,0.248273,0.278309,0.739491,4.33486,284.1,4.058571428571429,284.0,4.057142857142857,0.0636574,0.38577,0,999.0,/players/antonio-senzatela/15488/stats/pitching,P,23,23.0,NL,Antonio Senzatela,622608,15488,15488
COL,Rockies,0,2,2,14,0,0,,22.0,95,26,13,13,4,13,5,,1,5.22135,1.4257,5.3154,1.9935,2.66637,1.507,0.134871,0.0505823,0.08428865671157837,,0.293385,0.309807,0.676165,4.9198,54.000000000000014,2.454545454545455,66.0,3.0,0.0634401,0.0955575,1,999.0,/players/jake-brooks/sa3023205/stats/pitching,P,19,,NL,Jake Brooks,694860,sa3023205,sa3023205
PHI,Phillies,2,2,0,48,0,3,,48.0,205,47,25,23,7,45,15,,2,4.261,1.29264,8.42965,2.90083,2.90595,1.31792,0.219613,0.0755737,0.14403945207595825,,0.248252,0.291585,0.717493,4.19999,197.90000000000003,4.122916666666668,200.0,4.166666666666667,0.0630039,0.0118352,0,999.0,/players/tanner-banks/16990/stats/pitching,P,26,26.0,NL,Tanner Banks,621383,16990,16990
DET,Tigers,4,5,0,62,1,6,,62.0,270,56,33,31,9,62,29,,3,4.48574,1.36907,9.03987,4.15114,2.17768,1.32042,0.230389,0.105795,0.1245933324098587,,0.235524,0.281544,0.714609,4.51475,259.5,4.185483870967742,250.0,4.032258064516129,0.062101,-0.0288879,0,999.0,/players/tyler-kinley/18297/stats/pitching,P,6,6.0,AL,Tyler Kinley,641755,18297,18297
LAA,Angels,2,6,8,30,0,0,,67.0,302,70,42,39,11,51,32,,4,5.19607,1.51484,6.76256,4.26756,1.58464,1.4055,0.167683,0.105818,0.06186555325984955,,0.263764,0.291157,0.688431,5.23486,172.49999999999994,2.574626865671641,186.0,2.7761194029850746,0.060672,-0.0569219,2,999.0,/players/sam-aldegheri/26443/stats/pitching,P,1,1.0,AL,Sam Aldegheri,691951,26443,26443
ATH,Athletics,1,3,3,25,0,0,,40.0,175,44,26,24,8,28,12,,3,5.37176,1.3872,6.21156,2.67591,2.32129,1.76431,0.157941,0.0680403,0.08990064263343811,,0.272015,0.286445,0.672564,5.35828,94.19999999999999,2.3549999999999995,107.0,2.675,0.0552878,0.0641509,1,999.0,/players/joey-estes/26257/stats/pitching,P,10,10.0,AL,Joey Estes,683155,26257,26257
MIA,Marlins,3,4,0,60,1,4,,60.0,266,57,33,30,7,56,31,,6,4.52799,1.45317,8.33268,4.5917,1.81473,0.989277,0.208834,0.115077,0.0937565490603447,,0.246954,0.299374,0.69929,4.52293,231.7,3.8616666666666664,231.0,3.85,0.0519381,-0.122904,0,999.0,/players/josh-ekness/33785/stats/pitching,P,20,20.0,NL,Josh Ekness,694795,33785,33785
MIL,Brewers,2,2,0,44,0,2,,44.0,187,41,22,20,6,43,16,,2,4.18179,1.28188,8.70677,3.20279,2.71849,1.24066,0.227176,0.0835668,0.14360906928777695,,0.240037,0.28634,0.716504,4.15988,185.20000000000002,4.20909090909091,182.0,4.136363636363637,0.0508305,0.00870769,0,288.6499938964844,/players/chad-patrick/30113/stats/pitching,P,23,23.0,NL,Chad Patrick,694477,30113,30113
LAA,Angels,2,3,0,56,0,4,,56.0,246,55,31,28,7,49,24,,3,4.5687,1.41431,7.93848,3.86724,2.05275,1.13285,0.201148,0.0979897,0.10315866023302078,,0.252402,0.296829,0.697933,4.42523,218.30000000000007,3.8982142857142867,222.0,3.9642857142857144,0.0494725,-0.128015,0,999.0,/players/luke-murphy/29952/stats/pitching,P,1,1.0,AL,Luke Murphy,684665,29952,29952
STL,Cardinals,2,2,0,40,0,0,,40.0,173,36,19,18,4,41,18,,1,4.018,1.36123,9.33291,4.05668,2.30063,0.999935,0.239976,0.104309,0.13566704839468002,,0.236791,0.296395,0.727083,3.89939,178.20000000000002,4.455,173.0,4.325,0.0487181,0.0337961,0,999.0,/players/ryan-fernandez/24862/stats/pitching,P,28,28.0,NL,Ryan Fernandez,681676,24862,24862
LAA,Angels,2,3,0,44,0,0,,44.0,191,47,24,22,6,38,13,,3,4.52304,1.3642,7.71678,2.69428,2.86414,1.17138,0.197779,0.0690537,0.12872546911239624,,0.26823,0.313411,0.692154,4.17406,157.60000000000002,3.5818181818181825,170.0,3.8636363636363638,0.0473977,-0.0524645,0,999.0,/players/sammy-peralta/25589/stats/pitching,P,1,1.0,AL,Sammy Peralta,671111,25589,25589
CHW,White Sox,2,3,0,42,0,2,,42.0,184,41,22,20,4,39,19,,2,4.29596,1.42436,8.34186,4.13045,2.0196,0.915039,0.211679,0.104812,0.10686648637056351,,0.249214,0.303569,0.706433,4.08317,178.00000000000003,4.238095238095239,181.0,4.309523809523809,0.047044,-0.0201985,0,999.0,/players/huascar-brazoban/6107/stats/pitching,P,4,4.0,AL,Huascar Brazobán,623211,6107,6107
WSN,Nationals,2,3,0,54,0,3,,54.0,238,54,30,28,8,52,23,,3,4.63305,1.42614,8.66574,3.89596,2.22429,1.25575,0.218803,0.0983698,0.12043310701847076,,0.253321,0.302897,0.706811,4.42781,198.80000000000004,3.681481481481482,204.0,3.7777777777777777,0.0450788,-0.0682959,0,999.0,/players/gus-varland/24737/stats/pitching,P,24,24.0,NL,Gus Varland,681402,24737,24737
STL,Cardinals,2,2,0,44,0,0,,44.0,189,41,21,19,5,40,17,,3,3.95288,1.32652,8.14018,3.45998,2.35267,0.967846,0.210883,0.0896357,0.12124725431203842,,0.245261,0.294983,0.722023,4.0333,177.50000000000003,4.03409090909091,175.0,3.977272727272727,0.0424513,0.0338815,0,528.7999877929688,/players/matt-svanson/29629/stats/pitching,P,28,28.0,NL,Matt Svanson,694335,29629,29629
LAA,Angels,3,6,11,41,0,0,,98.0,435,98,57,53,15,83,47,,5,4.86207,1.4779,7.6194,4.2723,1.78344,1.41,0.190676,0.106914,0.08376125991344452,,0.25601,0.290373,0.71502,5.00839,295.90000000000003,3.0193877551020414,305.0,3.1122448979591835,0.0412801,0.302186,4,999.0,/players/caden-dana/31508/stats/pitching,P,1,1.0,AL,Caden Dana,702674,31508,31508
ARI,Diamondbacks,2,2,0,52,0,2,,52.0,222,55,26,24,7,39,13,,2,4.15085,1.30916,6.74598,2.32978,2.89555,1.16436,0.17534,0.060555,0.11478469893336296,,0.264472,0.297805,0.718186,4.19421,196.70000000000005,3.7826923076923085,210.0,4.038461538461538,0.0412003,0.0201321,0,999.0,/players/taylor-clarke/17611/stats/pitching,P,15,15.0,NL,Taylor Clarke,664199,17611,17611
BOS,Red Sox,1,1,0,24,0,1,,24.0,105,24,12,11,2,22,10,,1,4.16857,1.41751,8.36831,3.92694,2.131,0.937191,0.212763,0.0998416,0.11292091757059097,,0.251754,0.306293,0.719231,4.01326,105.60000000000002,4.400000000000001,109.0,4.541666666666667,0.0405496,0.0174596,0,999.0,/players/patrick-sandoval/19447/stats/pitching,P,3,3.0,AL,Patrick Sandoval,663776,19447,19447
DET,Tigers,2,2,0,50,0,1,,50.0,217,49,26,24,7,46,19,,2,4.38517,1.35609,8.1986,3.40273,2.40942,1.20985,0.209691,0.0870298,0.12266112118959427,,0.249431,0.293361,0.710013,4.29633,189.49999999999997,3.7899999999999996,192.0,3.84,0.0403459,-0.00285982,0,999.0,/players/ty-madden/30140/stats/pitching,P,6,6.0,AL,Ty Madden,680744,30140,30140
PIT,Pirates,2,2,0,34,0,0,,34.0,148,32,17,16,4,32,16,,1,4.11946,1.38728,8.43736,4.12757,2.04414,1.06158,0.214968,0.105163,0.10980505496263504,,0.240483,0.288897,0.731701,4.2573,132.20000000000005,3.8882352941176483,131.0,3.8529411764705883,0.0400982,0.0274158,0,999.0,/players/isaac-mattson/20385/stats/pitching,P,27,27.0,NL,Isaac Mattson,676755,20385,20385
BOS,Red Sox,1,1,0,14,0,0,,14.0,59,14,6,6,1,13,4,,1,3.67812,1.2622,8.5149,2.5515,3.33721,0.871,0.223664,0.0670213,0.15664301067590714,,0.251885,0.31025,0.723255,3.50013,65.90000000000003,4.70714285714286,68.0,4.857142857142857,0.0394529,0.0400753,0,999.0,/players/tanner-houck/19879/stats/pitching,P,3,3.0,AL,Tanner Houck,656557,19879,19879
NYM,Mets,3,3,0,48,0,1,,48.0,210,42,25,23,6,50,25,,2,4.2754,1.4044,9.4675,4.76453,1.98708,1.17385,0.240237,0.1209,0.1193377673625946,,0.230088,0.28413,0.727945,4.41985,195.20000000000005,4.066666666666667,185.0,3.8541666666666665,0.0388005,-0.0386206,0,999.0,/players/chayce-mcdermott/29866/stats/pitching,P,25,25.0,NL,Chayce McDermott,694646,29866,29866
MIN,Twins,1,1,0,28,0,0,,28.0,121,28,14,13,3,24,10,,1,4.15242,1.3577,7.6716,3.1599,2.4278,1.05,0.197224,0.0812355,0.11598797142505646,,0.256668,0.301393,0.718205,4.11319,112.50000000000001,4.017857142857143,116.0,4.142857142857143,0.0372031,0.0104995,0,999.0,/players/matt-bowman/13528/stats/pitching,P,8,8.0,AL,Matt Bowman,621199,13528,13528
CHW,White Sox,1,1,0,34,0,1,,34.0,148,33,19,18,5,33,14,,1,4.76207,1.38366,8.64261,3.59694,2.40276,1.38529,0.219941,0.0915365,0.1284041926264763,,0.24963,0.29356,0.69747,4.45402,129.3,3.8029411764705885,130.0,3.823529411764706,0.0363061,-0.0684619,0,999.0,/players/trevor-richards/19309/stats/pitching,P,4,4.0,AL,Trevor Richards,670950,19309,19309
CHC,Cubs,2,2,0,44,0,0,,44.0,186,38,22,20,6,47,17,,2,4.05762,1.26661,9.62134,3.56421,2.69943,1.19595,0.252863,0.0936727,0.15919043868780136,,0.23015,0.285846,0.719149,4.02524,190.0,4.318181818181818,179.0,4.068181818181818,0.0362671,0.00163184,0,174.72000122070312,/players/edward-cabrera/21690/stats/pitching,P,17,17.0,NL,Edward Cabrera,665795,21690,21690
CLE,Guardians,2,2,0,42,0,2,,42.0,180,39,20,18,5,43,15,,2,3.90755,1.2852,9.16631,3.27027,2.80292,1.09639,0.238212,0.0849871,0.15322472900152206,,0.239226,0.294871,0.731651,3.91381,190.9,4.545238095238095,188.0,4.476190476190476,0.0359946,0.0260946,0,748.469970703125,/players/shawn-armstrong/12857/stats/pitching,P,5,5.0,AL,Shawn Armstrong,542888,12857,12857
SDP,Padres,1,1,0,24,0,1,,24.0,103,23,11,10,2,19,9,,1,3.87801,1.34558,7.02903,3.4524,2.03598,0.868093,0.181473,0.0891326,0.09234000742435455,,0.248625,0.289306,0.722807,4.09616,105.20000000000003,4.383333333333335,106.0,4.416666666666667,0.0356527,0.054714,0,999.0,/players/wandy-peralta/14295/stats/pitching,P,29,29.0,NL,Wandy Peralta,593974,14295,14295
PHI,Phillies,1,1,0,14,0,0,,14.0,58,12,6,6,2,15,4,,0,3.72204,1.1599,9.3564,2.4057,3.88926,1.326,0.250627,0.0644407,0.18618613481521606,,0.232115,0.280327,0.753225,3.84435,65.80000000000003,4.700000000000002,62.0,4.428571428571429,0.0344864,0.0415455,0,999.0,/players/nestor-cortes/17874/stats/pitching,P,26,26.0,NL,Nestor Cortes,641482,17874,17874
CLE,Guardians,2,1,0,24,0,0,,24.0,103,22,11,10,2,24,10,,2,3.69984,1.31581,8.95551,3.64508,2.45688,0.774976,0.231182,0.094096,0.13708611577749252,,0.239932,0.303764,0.726494,3.75444,107.80000000000003,4.491666666666668,106.0,4.416666666666667,0.034329,0.0281445,0,999.0,/players/colin-holderman/22361/stats/pitching,P,5,5.0,AL,Colin Holderman,670059,22361,22361
KCR,Royals,1,2,3,17,0,0,,32.0,142,34,20,19,5,24,14,,2,5.25197,1.51747,6.7405,4.09568,1.64576,1.37323,0.167152,0.101565,0.06558643281459808,,0.268185,0.297335,0.682223,5.14403,86.9,2.715625,95.0,2.96875,0.0332899,0.0213727,1,999.0,/players/mason-black/30171/stats/pitching,P,7,7.0,AL,Mason Black,696131,30171,30171
TEX,Rangers,1,1,0,18,0,0,,18.0,76,15,9,8,2,19,7,,1,3.95921,1.2387,9.39154,3.48279,2.69656,1.14907,0.248119,0.092013,0.15610556304454803,,0.225488,0.277832,0.719731,3.9588,83.60000000000002,4.644444444444446,78.0,4.333333333333333,0.0326767,0.00326614,0,230.7100067138672,/players/jack-leiter/30146/stats/pitching,P,13,13.0,AL,Jack Leiter,683004,30146,30146
NYM,Mets,3,3,0,52,0,2,,52.0,227,49,26,24,6,51,23,,4,4.16995,1.38508,8.86355,4.02548,2.20186,1.05611,0.225729,0.102517,0.12321138381958008,,0.244305,0.299823,0.721972,4.22935,212.6,4.088461538461538,211.0,4.0576923076923075,0.0322258,-0.00844614,0,999.0,/players/jonathan-pintaro/33980/stats/pitching,P,25,25.0,NL,Jonathan Pintaro,702752,33980,33980
LAA,Angels,2,3,0,54,0,3,,54.0,235,58,30,28,8,45,16,,2,4.6146,1.37782,7.58233,2.72723,2.78024,1.29331,0.193981,0.0697713,0.12420932203531265,,0.267946,0.307794,0.698991,4.27956,198.40000000000003,3.6740740740740745,214.0,3.962962962962963,0.0321308,-0.0810398,0,999.0,/players/blake-weiman/20257/stats/pitching,P,1,1.0,AL,Blake Weiman,676620,20257,20257
HOU,Astros,1,1,0,24,0,0,,24.0,103,21,12,11,3,27,11,,1,4.03179,1.33054,10.2374,4.13488,2.47586,1.12825,0.264882,0.106986,0.1578957736492157,,0.22961,0.294643,0.730953,3.95683,104.10000000000002,4.337500000000001,99.0,4.125,0.0313963,0.00356755,0,999.0,/players/tatsuya-imai/37124/stats/pitching,P,21,21.0,AL,Tatsuya Imai,837227,37124,37124
DET,Tigers,2,3,0,56,0,3,,56.0,243,54,31,28,8,50,23,,1,4.56796,1.3697,8.01207,3.62359,2.21109,1.32128,0.204995,0.0927124,0.11228281259536743,,0.246949,0.284908,0.705246,4.50846,215.6000000000001,3.850000000000002,216.0,3.857142857142857,0.0280362,-0.121057,0,999.0,/players/beau-brieske/26079/stats/pitching,P,6,6.0,AL,Beau Brieske,689225,26079,26079
ARI,Diamondbacks,2,2,0,34,0,0,,34.0,148,33,17,16,4,30,14,,1,4.13002,1.41072,7.82479,3.82903,2.04354,0.953434,0.199386,0.0975687,0.10181715339422226,,0.253171,0.301517,0.723518,4.14536,131.60000000000002,3.870588235294118,133.0,3.911764705882353,0.027985,0.0132587,0,999.0,/players/drey-jameson/26260/stats/pitching,P,15,15.0,NL,Drey Jameson,686753,26260,26260
DET,Tigers,3,4,0,59,0,4,,59.0,260,60,32,30,7,54,25,,3,4.54184,1.43564,8.29283,3.77814,2.19495,1.13647,0.208932,0.0951875,0.11374448984861374,,0.257619,0.307225,0.705058,4.30027,234.5,3.9745762711864407,244.0,4.135593220338983,0.0279505,-0.0818428,0,999.0,/players/jacob-waguespack/18318/stats/pitching,P,6,6.0,AL,Jacob Waguespack,621097,18318,18318
NYM,Mets,1,1,0,24,0,0,,24.0,105,21,12,11,3,24,12,,1,4.0921,1.40631,9.13521,4.65929,1.96065,1.0354,0.232373,0.118519,0.1138545498251915,,0.232601,0.287544,0.731779,4.20949,95.10000000000002,3.962500000000001,90.0,3.75,0.0276049,-0.00392837,0,999.0,/players/dylan-ross/35309/stats/pitching,P,25,25.0,NL,Dylan Ross,697811,35309,35309
PHI,Phillies,1,1,0,10,0,0,,10.0,43,9,5,4,1,11,4,,1,3.78626,1.30507,9.81185,3.97436,2.46879,0.925815,0.254969,0.103277,0.15169214457273483,,0.229918,0.296821,0.731127,3.81838,45.300000000000004,4.53,44.0,4.4,0.0275909,0.00865658,0,999.0,/players/orion-kerkering/31776/stats/pitching,P,26,26.0,NL,Orion Kerkering,689147,31776,31776
MIN,Twins,0,2,3,3,0,0,,18.0,80,20,12,11,3,13,7,,1,5.45297,1.49331,6.53851,3.5376,1.84829,1.57591,0.163409,0.088411,0.07499818503856659,,0.274066,0.297195,0.67435,5.2182,46.30000000000001,2.572222222222223,53.0,2.9444444444444446,0.0263556,-0.047629,1,743.3200073242188,/players/german-marquez/15038/stats/pitching,P,8,8.0,AL,Germán Márquez,608566,15038,15038
SFG,Giants,1,2,0,26,0,0,,26.0,111,24,12,11,3,24,10,,2,3.92571,1.32389,8.421,3.51844,2.39339,0.904739,0.218911,0.0914645,0.1274460181593895,,0.244453,0.299401,0.718097,3.90927,105.1,4.042307692307692,103.0,3.9615384615384617,0.0256136,0.0313799,0,144.55999755859375,/players/ryan-walker/20423/stats/pitching,P,30,30.0,NL,Ryan Walker,676254,20423,20423
DET,Tigers,1,1,0,14,0,0,,14.0,59,13,6,6,2,13,4,,1,3.78558,1.2478,8.1387,2.6145,3.11291,1.05,0.213681,0.0686437,0.14503782242536545,,0.246251,0.293258,0.729299,3.84229,56.20000000000003,4.014285714285717,55.0,3.9285714285714284,0.0245179,0.0320647,0,999.0,/players/sawyer-gipson-long/26048/stats/pitching,P,6,6.0,AL,Sawyer Gipson-Long,687830,26048,26048
TOR,Blue Jays,1,1,0,16,0,0,,16.0,68,16,8,7,2,13,4,,1,3.97153,1.28347,7.46766,2.29351,3.256,1.03613,0.195523,0.0600502,0.13547303527593613,,0.259964,0.303293,0.714936,3.79842,63.20000000000001,3.9500000000000006,65.0,4.0625,0.0244483,0.00106753,0,999.0,/players/joe-mantiply/14857/stats/pitching,P,14,14.0,AL,Joe Mantiply,573009,14857,14857
DET,Tigers,2,2,0,40,0,0,,40.0,172,38,19,17,5,35,15,,2,3.90384,1.3293,7.7805,3.3156,2.34663,1.058,0.200906,0.0856147,0.11529164761304855,,0.24733,0.290503,0.737343,4.15364,154.7,3.8674999999999997,154.0,3.85,0.024117,0.0337176,0,999.0,/players/enmanuel-de-jesus/18554/stats/pitching,P,6,6.0,AL,Enmanuel De Jesus,646241,18554,18554
ATH,Athletics,1,1,0,18,0,0,,18.0,79,17,10,9,3,19,9,,1,4.49995,1.42346,9.70429,4.53034,2.14207,1.27501,0.245521,0.114619,0.130902498960495,,0.239209,0.296377,0.720519,4.42187,60.10000000000001,3.3388888888888895,59.0,3.2777777777777777,0.0238735,-0.00204719,0,999.0,/players/brooks-kriske/21189/stats/pitching,P,10,10.0,AL,Brooks Kriske,621139,21189,21189
STL,Cardinals,1,1,0,16,0,0,,16.0,68,16,7,7,2,13,5,,1,3.79125,1.2983,7.5339,2.9295,2.57174,0.976,0.197243,0.0766965,0.12054665386676788,,0.250735,0.294574,0.731371,3.9289,60.20000000000001,3.7625000000000006,62.0,3.875,0.0228549,0.0325156,0,999.0,/players/brandt-thompson/sa3043741/stats/pitching,P,28,,NL,Brandt Thompson,825576,sa3043741,sa3043741
TBR,Rays,2,2,0,36,0,3,,36.0,156,36,19,17,5,31,13,,2,4.35685,1.35852,7.83386,3.15165,2.48564,1.12876,0.200785,0.0807782,0.12000726163387299,,0.257469,0.302318,0.705554,4.24664,140.30000000000004,3.8972222222222235,144.0,4.0,0.0222188,-0.0196498,0,999.0,/players/casey-legumina/25921/stats/pitching,P,12,12.0,AL,Casey Legumina,668984,25921,25921
BAL,Orioles,2,2,0,34,0,0,,34.0,148,33,16,15,4,31,14,,2,4.02685,1.37928,8.20618,3.63348,2.25849,1.08232,0.210028,0.0929947,0.11703288555145264,,0.251654,0.300682,0.738714,4.23469,130.60000000000002,3.841176470588236,132.0,3.8823529411764706,0.0221023,0.0301628,0,999.0,/players/codi-heuer/23293/stats/pitching,P,2,2.0,AL,Codi Heuer,676051,23293,23293
ATH,Athletics,1,2,0,30,0,0,,30.0,131,30,16,14,4,26,12,,2,4.32799,1.40331,7.77119,3.66706,2.11919,1.06621,0.19768,0.0932807,0.10439889132976532,,0.255041,0.300192,0.712597,4.30377,104.80000000000001,3.4933333333333336,108.0,3.6,0.021961,0.015229,0,999.0,/players/joe-rock/30016/stats/pitching,P,10,10.0,AL,Joe Rock,697812,30016,30016
ATL,Braves,1,1,0,24,0,0,,24.0,105,21,12,12,3,28,13,,1,4.3195,1.40863,10.5041,4.97081,2.11317,1.22859,0.265784,0.125775,0.1400085687637329,,0.224896,0.287466,0.732668,4.29201,100.10000000000002,4.170833333333334,95.0,3.9583333333333335,0.0219604,0.00867988,0,999.0,/players/james-karinchak/20151/stats/pitching,P,16,16.0,NL,James Karinchak,675916,20151,20151
TEX,Rangers,2,2,0,34,0,0,,34.0,145,33,19,17,5,29,11,,3,4.5487,1.30353,7.78151,3.02666,2.57099,1.24213,0.202358,0.0787081,0.12364941835403442,,0.251052,0.290945,0.680799,4.42563,120.30000000000003,3.538235294117648,121.0,3.5588235294117645,0.0216391,-0.0562031,0,999.0,/players/winston-santos/28489/stats/pitching,P,13,13.0,AL,Winston Santos,692437,28489,28489
NYY,Yankees,2,2,0,48,0,2,,48.0,205,46,24,23,6,39,16,,3,4.23875,1.29343,7.23249,2.93743,2.46218,1.18044,0.187941,0.076331,0.1116098016500473,,0.249242,0.283815,0.707426,4.38627,190.80000000000004,3.975000000000001,191.0,3.9791666666666665,0.0214774,0.0122859,0,999.0,/players/ryan-yarbrough/16502/stats/pitching,P,9,9.0,AL,Ryan Yarbrough,642232,16502,16502
HOU,Astros,4,4,0,76,1,8,,76.0,328,71,40,37,11,73,32,,3,4.34636,1.35448,8.67773,3.80537,2.28039,1.29247,0.223147,0.0978549,0.12529230117797852,,0.241182,0.286034,0.722846,4.41315,320.5,4.217105263157895,315.0,4.144736842105263,0.0210317,-0.0198216,0,748.5399780273438,/players/aj-blubaugh/31764/stats/pitching,P,21,21.0,AL,AJ Blubaugh,805123,31764,31764
CIN,Reds,2,3,0,54,0,3,,54.0,235,55,32,29,9,48,19,,3,4.89338,1.37066,7.97618,3.16303,2.52169,1.4649,0.204045,0.0809157,0.12312878668308258,,0.259493,0.297512,0.685872,4.69126,187.90000000000003,3.4796296296296303,195.0,3.611111111111111,0.0209016,-0.114902,0,999.0,/players/carson-spiers/27685/stats/pitching,P,18,18.0,NL,Carson Spiers,686730,27685,27685
STL,Cardinals,2,2,0,52,0,2,,52.0,226,52,26,24,5,41,20,,6,4.16615,1.38101,7.05212,3.49917,2.01537,0.801001,0.180109,0.0893678,0.0907415896654129,,0.257481,0.302993,0.69825,4.18149,200.10000000000002,3.8480769230769236,207.0,3.980769230769231,0.0208835,0.00323231,0,999.0,/players/justin-bruihl/23779/stats/pitching,P,28,28.0,NL,Justin Bruihl,677865,23779,23779
LAD,Dodgers,1,1,0,14,0,0,,14.0,61,12,7,6,1,15,8,,1,4.08762,1.40889,9.73981,4.85701,2.00531,0.890933,0.24753,0.123437,0.12409292906522751,,0.230086,0.296628,0.719951,4.00578,63.10000000000002,4.507142857142859,60.0,4.285714285714286,0.0202849,0.00490642,0,999.0,/players/will-klein/27787/stats/pitching,P,22,22.0,NL,Will Klein,694361,27787,27787
ATL,Braves,1,1,0,14,0,0,,14.0,60,13,7,6,2,14,5,,0,4.02036,1.30155,8.7814,3.3479,2.62296,1.12185,0.228741,0.0872074,0.1415337398648262,,0.240326,0.290839,0.726683,3.96273,58.20000000000003,4.157142857142859,57.0,4.071428571428571,0.0196971,0.00506925,0,302.9100036621094,/players/reynaldo-lopez/16400/stats/pitching,P,16,16.0,NL,Reynaldo López,625643,16400,16400
SEA,Mariners,2,2,0,51,0,2,,51.0,219,53,26,24,6,41,15,,3,4.15224,1.32361,7.26396,2.55921,2.83836,1.01636,0.187694,0.0661277,0.12156626582145691,,0.262373,0.304617,0.703746,3.97198,201.8,3.9568627450980394,213.0,4.176470588235294,0.0194254,-0.0630193,0,999.0,/players/hoby-milner/13346/stats/pitching,P,11,11.0,AL,Hoby Milner,571948,13346,13346
WSN,Nationals,1,2,0,32,0,0,,32.0,141,33,17,15,4,24,14,,2,4.31118,1.4682,6.8643,4.0167,1.70894,0.999,0.173066,0.101271,0.07179486751556396,,0.261148,0.299697,0.720902,4.50002,101.80000000000003,3.181250000000001,108.0,3.375,0.0185063,-0.00989769,0,999.0,/players/eddy-yean/24248/stats/pitching,P,24,24.0,NL,Eddy Yean,678868,24248,24248
BAL,Orioles,1,1,0,30,0,0,,30.0,129,27,16,14,5,31,13,,1,4.32997,1.31836,9.41518,3.7749,2.49415,1.38995,0.244138,0.0978843,0.14625400304794312,,0.234098,0.282069,0.726065,4.35132,110.3,3.6766666666666667,105.0,3.5,0.0183852,-0.0317004,0,999.0,/players/yaramil-hiraldo/25215/stats/pitching,P,2,2.0,AL,Yaramil Hiraldo,682274,25215,25215
SEA,Mariners,1,1,0,22,0,0,,22.0,93,22,11,10,3,17,6,,1,3.98933,1.27511,6.83626,2.32655,2.93836,1.07247,0.178856,0.0608694,0.11798699200153351,,0.258754,0.294233,0.714494,4.08477,81.7,3.713636363636364,84.0,3.8181818181818183,0.0180511,-0.020157,0,999.0,/players/jhonathan-diaz/20298/stats/pitching,P,11,11.0,AL,Jhonathan Díaz,646242,20298,20298
HOU,Astros,2,2,0,42,0,3,,42.0,178,40,21,19,5,38,14,,3,4.04596,1.28011,8.16382,2.9599,2.75814,1.1648,0.213451,0.0773894,0.1360611915588379,,0.247253,0.292387,0.720508,4.17639,182.3,4.340476190476191,182.0,4.333333333333333,0.017973,0.0062102,0,748.469970703125,/players/bryan-king/25890/stats/pitching,P,21,21.0,AL,Bryan King,687911,25890,25890
NYY,Yankees,1,1,0,24,0,2,,24.0,103,21,12,11,3,25,11,,1,4.02975,1.31039,9.33722,4.03249,2.3155,1.2816,0.242235,0.104615,0.13762016594409943,,0.227377,0.275556,0.744571,4.34806,108.10000000000002,4.504166666666667,103.0,4.291666666666667,0.0172892,0.00620381,0,999.0,/players/michael-fulmer/13218/stats/pitching,P,9,9.0,AL,Michael Fulmer,605242,13218,13218
KCR,Royals,1,1,0,12,0,0,,12.0,52,12,6,5,1,11,4,,1,4.04262,1.3505,7.9758,3.1392,2.54071,1.009,0.205758,0.0809844,0.12477362155914307,,0.256229,0.305586,0.722638,3.97856,52.30000000000001,4.358333333333334,54.0,4.5,0.0172001,0.00921013,0,999.0,/players/james-mcarthur/21527/stats/pitching,P,7,7.0,AL,James McArthur,663704,21527,21527
ATH,Athletics,2,2,0,40,0,0,,40.0,178,43,23,22,5,30,17,,2,4.90394,1.50012,6.7349,3.92639,1.71529,1.13732,0.167809,0.0978308,0.06997769325971603,,0.267736,0.30253,0.69019,4.70445,125.7,3.1425,138.0,3.45,0.016493,-0.02665,0,999.0,/players/hayden-juenger/29640/stats/pitching,P,10,10.0,AL,Hayden Juenger,696522,29640,29640
KCR,Royals,1,1,0,20,0,0,,20.0,89,17,10,9,2,21,12,,2,4.19867,1.46053,9.51162,5.54424,1.71559,0.865362,0.238685,0.139127,0.09955756366252899,,0.227456,0.292345,0.71872,4.38184,79.2,3.96,74.0,3.7,0.0151085,0.0155315,0,999.0,/players/luke-little/28036/stats/pitching,P,7,7.0,AL,Luke Little,681432,28036,28036
WSN,Nationals,1,1,0,16,0,0,,16.0,70,16,8,8,2,15,6,,0,4.42198,1.3733,8.30034,3.38397,2.45284,1.27504,0.2116,0.0862672,0.12533234804868698,,0.252359,0.296273,0.71802,4.3177,64.20000000000002,4.012500000000001,66.0,4.125,0.0150228,0.0103757,0,999.0,/players/paxton-schultz/25501/stats/pitching,P,24,24.0,NL,Paxton Schultz,687606,25501,25501
LAD,Dodgers,1,1,0,18,0,0,,18.0,76,18,10,9,3,16,5,,1,4.41449,1.29341,7.91519,2.66071,2.97484,1.32607,0.206957,0.069569,0.13738789409399033,,0.254822,0.294393,0.701573,4.25897,63.500000000000014,3.5277777777777786,65.0,3.611111111111111,0.0143415,-0.0244618,0,650.3499755859375,/players/justin-wrobleski/31204/stats/pitching,P,22,22.0,NL,Justin Wrobleski,680736,31204,31204
TBR,Rays,1,1,0,14,0,0,,14.0,60,14,7,7,2,12,4,,0,4.18356,1.28667,7.99932,2.48852,3.21449,1.28095,0.209012,0.0650219,0.1439904421567917,,0.256157,0.297979,0.71957,4.09997,54.6,3.9,56.0,4.0,0.0141655,0.00276721,0,712.989990234375,/players/steven-matz/13361/stats/pitching,P,12,12.0,AL,Steven Matz,571927,13361,13361
KCR,Royals,2,3,0,46,0,0,,46.0,199,49,24,22,5,31,15,,2,4.27516,1.38908,6.01148,2.90135,2.07196,0.997225,0.154077,0.0743628,0.0797138661146164,,0.26911,0.300118,0.706151,4.31914,162.50000000000003,3.5326086956521747,176.0,3.8260869565217392,0.0139009,0.00557845,0,999.0,/players/connor-thomas/25873/stats/pitching,P,7,7.0,AL,Connor Thomas,671162,25873,25873
ARI,Diamondbacks,1,1,0,20,0,0,,20.0,88,18,10,9,2,20,11,,2,4.08241,1.44475,8.9677,4.76312,1.88274,0.83333,0.225956,0.120015,0.10594111680984497,,0.2411,0.30386,0.72367,4.14924,77.60000000000001,3.8800000000000003,75.0,3.75,0.0136437,0.00784688,0,999.0,/players/gerardo-carrillo/22754/stats/pitching,P,15,15.0,NL,Gerardo Carrillo,672629,22754,22754
CLE,Guardians,1,1,0,10,0,0,,10.0,43,9,5,4,1,11,4,,1,4.04597,1.30356,10.2114,3.69366,2.76458,1.15879,0.263516,0.0953187,0.16819732636213303,,0.234144,0.299624,0.726628,3.97859,45.300000000000004,4.53,44.0,4.4,0.0132137,-0.00110171,0,999.0,/players/franco-aleman/30195/stats/pitching,P,5,5.0,AL,Franco Aleman,680916,30195,30195
LAD,Dodgers,0,1,0,10,0,0,,10.0,43,10,6,5,1,10,4,,1,4.59324,1.37703,8.72771,3.81637,2.28692,1.20418,0.223267,0.0976281,0.12563932687044144,,0.246623,0.296743,0.691998,4.33843,40.7,4.07,42.0,4.2,0.0127893,-0.0272123,0,999.0,/players/bobby-miller/27483/stats/pitching,P,22,22.0,NL,Bobby Miller,676272,27483,27483
KCR,Royals,-1,1,2,2,0,0,,10.0,44,11,6,6,1,6,4,,1,5.319,1.5499,5.8752,3.9492,1.48769,1.369,0.144713,0.0972733,0.047439590096473694,,0.276992,0.299087,0.68664,5.27167,30.1,3.0100000000000002,34.0,3.4,0.0123072,0.0477205,1,999.0,/players/henry-williams/sa3020901/stats/pitching,P,7,,AL,Henry Williams,689275,sa3020901,sa3020901
NYY,Yankees,1,1,0,16,0,0,,16.0,69,16,8,7,2,13,6,,1,4.21299,1.36595,7.28394,3.44349,2.11528,1.03159,0.1873,0.0885463,0.09875398129224777,,0.25186,0.291481,0.710167,4.22227,57.20000000000001,3.5750000000000006,59.0,3.6875,0.0120641,0.00416637,0,999.0,/players/yerry-de-los-santos/21420/stats/pitching,P,9,9.0,AL,Yerry De los Santos,660787,21420,21420
HOU,Astros,3,4,0,60,0,5,,60.0,263,52,31,29,8,65,32,,4,4.32589,1.40298,9.76652,4.82661,2.02348,1.22935,0.247725,0.122426,0.12529977411031723,,0.229274,0.285374,0.729498,4.50722,252.40000000000003,4.206666666666667,238.0,3.966666666666667,0.0115379,0.0203671,0,999.0,/players/miguel-ullola/29036/stats/pitching,P,21,21.0,AL,Miguel Ullola,699044,29036,29036
SDP,Padres,1,1,0,16,0,0,,16.0,69,15,8,7,2,15,6,,1,4.04346,1.3238,8.26431,3.21534,2.57028,1.12419,0.213768,0.0831693,0.13059913367033005,,0.248802,0.29618,0.727308,4.1204,63.80000000000001,3.9875000000000007,63.0,3.9375,0.0111535,-0.00462503,0,999.0,/players/kyle-hart/19646/stats/pitching,P,29,29.0,NL,Kyle Hart,606996,19646,19646
LAA,Angels,2,3,2,44,0,0,,52.0,224,56,31,29,9,37,15,,2,5.00057,1.366,6.44946,2.60389,2.47686,1.54222,0.16531,0.066742,0.09856832027435303,,0.268527,0.290017,0.680776,4.8712,151.50000000000003,2.913461538461539,166.0,3.1923076923076925,0.0111176,-0.0872153,1,999.0,/players/brett-kerry/29826/stats/pitching,P,1,1.0,AL,Brett Kerry,695049,29826,29826
BOS,Red Sox,0,1,0,10,0,0,,10.0,43,9,5,5,1,10,4,,1,4.2249,1.34261,8.99698,3.72499,2.4153,1.14236,0.232107,0.0960984,0.1360083594918251,,0.242687,0.296934,0.716241,4.19171,43.300000000000004,4.33,42.0,4.2,0.0108256,0.00728214,0,536.780029296875,/players/johan-oviedo/22487/stats/pitching,P,3,3.0,AL,Johan Oviedo,670912,22487,22487
KCR,Royals,1,1,0,10,0,0,,10.0,44,10,5,5,1,9,4,,0,4.41302,1.39936,8.46817,3.99607,2.11913,1.02262,0.215699,0.101787,0.11391225457191467,,0.245431,0.29659,0.70134,4.1048,41.7,4.17,43.0,4.3,0.0107744,0.00796259,0,999.0,/players/nick-mears/25376/stats/pitching,P,7,7.0,AL,Nick Mears,683232,25376,25376
NYM,Mets,1,1,0,16,0,0,,16.0,69,14,8,7,2,16,7,,1,3.93696,1.3014,9.1836,3.6657,2.50528,1.165,0.237745,0.0948975,0.14284717291593552,,0.233002,0.284528,0.7414,4.1068,65.4,4.0875,62.0,3.875,0.0106938,-0.00504751,0,999.0,/players/zachary-franklin/sa3022735/stats/pitching,P,25,,NL,Zach Franklin,702103,sa3022735,sa3022735
ATH,Athletics,2,3,0,50,0,1,,50.0,221,48,28,26,7,47,24,,2,4.59801,1.4531,8.50148,4.39191,1.93571,1.26889,0.213695,0.110396,0.10329924523830414,,0.247494,0.292872,0.717862,4.60682,179.09999999999997,3.5819999999999994,179.0,3.58,0.00957486,0.00795576,0,999.0,/players/seth-johnson/26020/stats/pitching,P,10,10.0,AL,Seth Johnson,686751,26020,26020
WSN,Nationals,2,2,0,28,0,0,,28.0,123,24,15,14,3,31,16,,1,4.34329,1.44164,10.0623,5.13114,1.96102,1.12083,0.253686,0.129364,0.12432196736335754,,0.229982,0.293288,0.724698,4.33665,118.90000000000003,4.246428571428573,112.0,4.0,0.00874761,-0.0114246,0,307.1400146484375,/players/clayton-beeter/27494/stats/pitching,P,24,24.0,NL,Clayton Beeter,690925,27494,27494
WSN,Nationals,1,1,0,20,0,0,,20.0,88,20,11,10,3,18,8,,1,4.52129,1.41849,8.00926,3.81844,2.09752,1.13179,0.202793,0.0966822,0.10611093044281006,,0.253604,0.298987,0.703745,4.35956,68.1,3.405,70.0,3.5,0.00872807,-0.0173927,0,999.0,/players/zak-kent/25703/stats/pitching,P,24,24.0,NL,Zak Kent,687849,25703,25703
HOU,Astros,1,1,0,20,0,1,,20.0,84,20,9,9,3,17,5,,1,3.95091,1.2397,7.8435,2.3319,3.36357,1.249,0.207056,0.0615586,0.14549775421619415,,0.251011,0.290652,0.733204,4.06903,79.1,3.9549999999999996,81.0,4.05,0.00853173,0.0337911,0,999.0,/players/josh-hendrickson/26163/stats/pitching,P,21,21.0,AL,Josh Hendrickson,681973,26163,26163
PIT,Pirates,2,2,0,40,0,0,,40.0,180,39,21,20,4,36,23,,4,4.40773,1.54429,8.13094,5.17533,1.5711,0.814435,0.200931,0.127892,0.07303881645202637,,0.253072,0.309857,0.711919,4.46914,136.4,3.41,139.0,3.475,0.00811477,0.00230618,0,999.0,/players/noah-murdock/27908/stats/pitching,P,27,27.0,NL,Noah Murdock,668716,27908,27908
HOU,Astros,1,1,0,12,0,0,,12.0,51,11,6,6,2,12,4,,0,4.15895,1.26248,8.71697,3.0437,2.86394,1.34846,0.228635,0.0798324,0.14880278706550598,,0.239462,0.282498,0.726253,4.24056,47.600000000000016,3.966666666666668,46.0,3.8333333333333335,0.0078982,0.00176589,0,999.0,/players/enyel-de-los-santos/18403/stats/pitching,P,21,21.0,AL,Enyel De Los Santos,660853,18403,18403
DET,Tigers,1,2,0,35,0,0,,35.0,151,38,18,16,4,24,10,,1,4.22794,1.36295,6.2954,2.54626,2.47241,1.03437,0.161986,0.0655175,0.09646883606910706,,0.270486,0.303633,0.707197,4.17158,126.00000000000001,3.6000000000000005,138.0,3.942857142857143,0.00775522,-0.00728385,0,999.0,/players/brenan-hanifee/22304/stats/pitching,P,6,6.0,AL,Brenan Hanifee,669724,22304,22304
ARI,Diamondbacks,1,1,0,10,0,0,,10.0,43,10,5,4,1,8,4,,0,3.98111,1.37115,7.26145,3.1804,2.28319,0.914406,0.186594,0.0817252,0.10486865788698196,,0.259062,0.303342,0.725203,3.99372,39.7,3.97,41.0,4.1,0.00754833,0.00390359,0,999.0,/players/derek-law/13133/stats/pitching,P,15,15.0,NL,Derek Law,571882,13133,13133
COL,Rockies,1,1,0,24,0,0,,24.0,107,25,14,13,4,22,11,,1,4.89301,1.48243,8.32152,3.97425,2.09386,1.43366,0.208197,0.099432,0.10876454412937164,,0.262437,0.305862,0.712139,4.74723,71.40000000000003,2.9750000000000014,76.0,3.1666666666666665,0.00665258,-0.00437571,0,999.0,/players/jeff-criswell/27608/stats/pitching,P,19,19.0,NL,Jeff Criswell,676105,27608,27608
MIA,Marlins,3,4,0,54,0,2,,54.0,236,54,27,25,6,45,21,,5,4.10189,1.38569,7.49782,3.53372,2.12179,0.930286,0.190814,0.0899307,0.10088350623846054,,0.255727,0.301916,0.715966,4.22639,205.4,3.803703703703704,212.0,3.925925925925926,0.00661976,0.0181786,0,999.0,/players/cade-gibson/31815/stats/pitching,P,20,20.0,NL,Cade Gibson,806188,31815,31815
MIL,Brewers,1,1,0,16,0,0,,16.0,69,15,8,8,2,16,7,,1,4.29167,1.3419,8.81587,3.69347,2.38688,1.28302,0.227232,0.0952004,0.13203128427267075,,0.241532,0.28851,0.723885,4.35705,62.80000000000001,3.9250000000000007,62.0,3.875,0.00621733,0.00316277,0,999.0,/players/grant-anderson/20546/stats/pitching,P,23,23.0,NL,Grant Anderson,681982,20546,20546
COL,Rockies,0,1,0,8,0,0,,8.0,36,8,5,4,1,7,4,,1,4.90714,1.54743,7.48236,4.45995,1.67768,1.01735,0.184767,0.110132,0.07463409006595612,,0.267352,0.31399,0.689085,4.60294,25.100000000000005,3.1375000000000006,26.0,3.25,0.00591512,-0.0104965,0,999.0,/players/parker-mushinski/21324/stats/pitching,P,19,19.0,NL,Parker Mushinski,656786,21324,21324
WSN,Nationals,1,1,0,21,0,0,,21.0,93,20,12,11,3,20,10,,1,4.57118,1.44791,8.60569,4.42413,1.94517,1.23434,0.216175,0.111134,0.10504083335399628,,0.245382,0.292149,0.716812,4.54884,73.5,3.5,73.0,3.4761904761904763,0.00505081,-0.0308357,0,999.0,/players/orlando-ribalta/26247/stats/pitching,P,24,24.0,NL,Orlando Ribalta,687377,26247,26247
BAL,Orioles,1,1,0,14,0,0,,14.0,60,13,7,7,2,13,5,,1,4.23287,1.34324,8.45772,3.51573,2.40568,1.08528,0.218488,0.0908217,0.12766637653112411,,0.247286,0.298012,0.706219,4.13562,53.20000000000003,3.800000000000002,52.0,3.7142857142857144,0.00468749,-0.000214905,0,999.0,/players/trey-gibson/33794/stats/pitching,P,2,2.0,AL,Trey Gibson,694346,33794,33794
CLE,Guardians,1,1,0,14,0,1,,14.0,61,13,7,7,2,15,6,,1,4.26868,1.36197,9.63189,4.0214,2.39516,1.05925,0.246223,0.1028,0.14342264086008072,,0.239227,0.302348,0.706949,4.05354,58.20000000000003,4.157142857142859,57.0,4.071428571428571,0.00402298,-0.00132564,0,999.0,/players/craig-yoho/33248/stats/pitching,P,5,5.0,AL,Craig Yoho,684974,33248,33248
WSN,Nationals,3,4,0,59,2,4,,59.0,257,57,33,30,10,54,24,,3,4.64979,1.37359,8.27653,3.60798,2.29395,1.47561,0.211203,0.0920697,0.11913355439901352,,0.249393,0.287125,0.714547,4.75457,218.40000000000003,3.701694915254238,218.0,3.694915254237288,0.00400509,-0.10892,0,999.0,/players/josiah-gray/24580/stats/pitching,P,24,24.0,NL,Josiah Gray,680686,24580,24580
MIL,Brewers,1,1,0,14,0,0,,14.0,59,14,7,7,2,12,4,,1,4.25692,1.26299,7.57554,2.39163,3.16752,1.4783,0.198778,0.0627551,0.13602299243211746,,0.254271,0.285661,0.727909,4.49002,51.6,3.685714285714286,53.0,3.7857142857142856,0.00359966,0.00275176,0,999.0,/players/colton-gordon/31312/stats/pitching,P,23,23.0,NL,Colton Gordon,676467,31312,31312
MIN,Twins,1,1,0,26,0,0,,26.0,111,26,13,12,3,22,9,,1,4.20939,1.322,7.5807,2.9754,2.54779,1.205,0.196661,0.0771889,0.11947231739759445,,0.253264,0.291838,0.721957,4.26218,101.9,3.9192307692307695,105.0,4.038461538461538,0.00325269,0.00974953,0,999.0,/players/trent-baker/sa3017504/stats/pitching,P,8,,AL,Trent Baker,694536,sa3017504,sa3017504
CHW,White Sox,1,1,0,14,0,0,,14.0,61,13,7,7,2,13,7,,1,4.34426,1.40963,8.42979,4.27625,1.97131,1.10619,0.213833,0.108473,0.10536038130521774,,0.243655,0.292383,0.716835,4.46016,47.20000000000003,3.3714285714285737,46.0,3.2857142857142856,0.0029976,0.00397828,0,999.0,/players/chris-murphy/26214/stats/pitching,P,4,4.0,AL,Chris Murphy,669684,26214,26214
HOU,Astros,1,1,0,30,0,1,,30.0,131,28,15,14,4,29,14,,2,4.28708,1.38891,8.62957,4.08392,2.11306,1.13708,0.220169,0.104194,0.11597473919391632,,0.243713,0.293908,0.7202,4.37938,114.00000000000001,3.8000000000000003,112.0,3.7333333333333334,0.00279428,0.02297,0,999.0,/players/logan-vanwey/31884/stats/pitching,P,21,21.0,AL,Logan VanWey,701121,31884,31884
PHI,Phillies,1,1,0,16,0,0,,16.0,69,16,9,8,2,15,6,,1,4.5429,1.36291,8.40694,3.5149,2.3918,1.39551,0.215552,0.0901212,0.1254304274916649,,0.249936,0.291762,0.713627,4.57756,61.20000000000001,3.8250000000000006,63.0,3.9375,0.00275432,-0.0158396,0,999.0,/players/chase-shugart/21544/stats/pitching,P,26,26.0,NL,Chase Shugart,663767,21544,21544
STL,Cardinals,3,4,0,58,0,5,,58.0,253,54,31,29,7,55,26,,4,4.49261,1.39173,8.61027,4.07433,2.1133,1.1612,0.21946,0.103847,0.11561298370361328,,0.244189,0.293504,0.702199,4.40605,242.70000000000002,4.18448275862069,239.0,4.120689655172414,0.00228417,-0.077816,0,999.0,/players/george-soriano/21863/stats/pitching,P,28,28.0,NL,George Soriano,666277,21863,21863
NYY,Yankees,1,1,0,10,0,0,,10.0,42,10,5,5,2,9,3,,0,4.29326,1.24524,8.10419,2.58578,3.13414,1.40402,0.213581,0.0681465,0.14543407410383224,,0.245871,0.282409,0.709773,4.28776,32.4,3.2399999999999998,33.0,3.3,0.00219263,0.0031001,0,999.0,/players/brendan-beck/33043/stats/pitching,P,9,9.0,AL,Brendan Beck,694341,33043,33043
CHW,White Sox,3,4,0,60,0,2,,60.0,261,58,32,30,8,55,25,,5,4.45842,1.38444,8.24144,3.77195,2.18493,1.16007,0.210263,0.0962333,0.1140294149518013,,0.250985,0.29856,0.703585,4.47173,222.8,3.7133333333333334,224.0,3.7333333333333334,0.000816666,-0.0397557,0,999.0,/players/noah-schultz/32056/stats/pitching,P,4,4.0,AL,Noah Schultz,702273,32056,32056
WSN,Nationals,2,4,0,52,0,2,,52.0,230,53,29,27,6,46,23,,5,4.6369,1.46523,8.01617,3.951,2.0289,1.04187,0.200985,0.0990614,0.10192395746707916,,0.262767,0.31406,0.694891,4.40267,189.2,3.6384615384615384,198.0,3.8076923076923075,0.000510623,-0.0581384,0,999.0,/players/richard-lovelady/19337/stats/pitching,P,24,24.0,NL,Richard Lovelady,663992,19337,19337
TEX,Rangers,1,1,0,12,0,0,,12.0,54,11,7,6,1,12,7,,1,4.56463,1.50419,8.69099,5.3609,1.62118,1.01441,0.216501,0.133545,0.08295561373233795,,0.239069,0.292376,0.708526,4.61481,47.90000000000001,3.9916666666666676,47.0,3.9166666666666665,0.000111969,-0.0287358,0,999.0,/players/emiliano-teodo/27999/stats/pitching,P,13,13.0,AL,Emiliano Teodo,693713,27999,27999
ATH,Athletics,1,2,0,34,0,0,,34.0,153,33,19,18,5,32,19,,1,4.67419,1.52501,8.52581,5.02242,1.69755,1.20943,0.210732,0.124139,0.08659327030181885,,0.247555,0.294787,0.722605,4.72095,108.30000000000003,3.1852941176470595,109.0,3.2058823529411766,-6.94865e-05,-0.00776269,0,999.0,/players/hunter-bigge/26259/stats/pitching,P,10,10.0,AL,Hunter Bigge,685801,26259,26259
BAL,Orioles,1,1,0,16,0,0,,16.0,71,15,8,7,1,14,8,,1,4.03875,1.4801,8.0145,4.6476,1.72444,0.836,0.201973,0.117124,0.08484918624162674,,0.251173,0.305182,0.7316,4.24388,68.10000000000001,4.2562500000000005,68.0,4.25,-0.000653622,-0.000230623,0,999.0,/players/yosver-zulueta/27765/stats/pitching,P,2,2.0,AL,Yosver Zulueta,691172,27765,27765
CIN,Reds,2,2,0,46,0,0,,46.0,203,43,25,23,6,44,23,,3,4.49215,1.43904,8.63273,4.47912,1.92733,1.12683,0.217858,0.113036,0.10482165962457657,,0.245521,0.296813,0.711122,4.51604,164.8,3.582608695652174,162.0,3.5217391304347827,-0.000808065,-0.030619,0,999.0,/players/zach-mccambley/27666/stats/pitching,P,18,18.0,NL,Zach McCambley,685112,27666,27666
MIA,Marlins,1,1,0,20,0,0,,20.0,87,18,10,9,3,20,9,,1,4.24151,1.37388,9.02533,4.14994,2.17481,1.13244,0.230514,0.105993,0.12452112138271332,,0.237993,0.290744,0.720719,4.27592,74.3,3.715,71.0,3.55,-0.000872694,0.00674568,0,999.0,/players/josh-white/31738/stats/pitching,P,20,20.0,NL,Josh White,687985,31738,31738
TEX,Rangers,1,1,0,16,0,0,,16.0,70,17,8,7,2,11,6,,1,4.21527,1.43435,6.20665,3.10048,2.00184,1.00629,0.157858,0.0788566,0.07900159060955048,,0.273661,0.307458,0.722582,4.33346,50.60000000000001,3.1625000000000005,55.0,3.4375,-0.00136491,0.00253106,0,999.0,/players/john-king/22051/stats/pitching,P,13,13.0,AL,John King,667463,22051,22051
KCR,Royals,1,1,0,24,0,0,,24.0,104,25,13,12,3,18,8,,1,4.58858,1.3781,6.92663,2.94335,2.35331,1.12373,0.177498,0.0754246,0.10207314789295197,,0.265699,0.302547,0.686466,4.32508,84.70000000000002,3.5291666666666672,90.0,3.75,-0.0016636,-0.0111875,0,999.0,/players/easton-mcgee/22176/stats/pitching,P,7,7.0,AL,Easton McGee,668834,22176,22176
KCR,Royals,1,1,0,28,0,0,,28.0,122,28,14,13,3,22,11,,2,4.28027,1.39412,7.10285,3.39675,2.09107,1.1123,0.18119,0.0866493,0.09454040229320526,,0.259193,0.296738,0.719059,4.42836,102.50000000000001,3.660714285714286,106.0,3.7857142857142856,-0.00183554,0.0194717,0,999.0,/players/spencer-bivens/30226/stats/pitching,P,7,7.0,AL,Spencer Bivens,702352,30226,30226
CHC,Cubs,1,1,0,24,0,1,,24.0,103,24,13,12,4,19,7,,1,4.4304,1.31027,7.30431,2.64268,2.76398,1.33084,0.18956,0.0685822,0.12097734957933426,,0.257953,0.291365,0.704971,4.42067,84.00000000000003,3.5000000000000013,86.0,3.5833333333333335,-0.00234968,-0.0303596,0,748.260009765625,/players/colin-rea/12317/stats/pitching,P,17,17.0,NL,Colin Rea,607067,12317,12317
MIN,Twins,1,1,0,16,0,0,,16.0,70,16,8,8,2,13,7,,1,4.24341,1.4507,7.5024,4.1175,1.82208,0.956,0.189713,0.104119,0.08559398353099823,,0.25567,0.301193,0.720513,4.34231,54.20000000000001,3.3875000000000006,56.0,3.5,-0.00240378,0.00599971,0,999.0,/players/christian-culpepper/sa3020563/stats/pitching,P,8,,AL,C.J. Culpepper,690217,sa3020563,sa3020563
COL,Rockies,2,3,0,52,0,2,,52.0,234,58,33,30,7,46,22,,3,5.23819,1.53734,7.94789,3.80803,2.08714,1.21247,0.196335,0.094069,0.10226614028215408,,0.277821,0.32729,0.673349,4.54779,172.90000000000003,3.3250000000000006,194.0,3.730769230769231,-0.00262548,-0.0816284,0,999.0,/players/nick-frasso/27861/stats/pitching,P,19,19.0,NL,Nick Frasso,693308,27861,27861
MIN,Twins,0,1,0,10,0,0,,10.0,43,10,5,5,1,7,3,,1,4.22307,1.3394,6.6168,2.7045,2.44659,1.169,0.170659,0.0697539,0.10090528428554535,,0.262727,0.294253,0.719361,4.37998,37.7,3.7700000000000005,39.0,3.9,-0.00279529,0.00374982,0,999.0,/players/aaron-rozek/sa3015224/stats/pitching,P,8,,AL,Aaron Rozek,702065,sa3015224,sa3015224
BAL,Orioles,1,1,0,24,0,0,,24.0,106,24,13,12,3,21,10,,1,4.5113,1.44041,7.78279,3.85923,2.01667,1.26916,0.196446,0.0974112,0.09903527796268463,,0.256273,0.295956,0.723261,4.5682,87.30000000000001,3.6375000000000006,90.0,3.75,-0.00307347,-0.0315683,0,999.0,/players/cameron-foster/31942/stats/pitching,P,2,2.0,AL,Cameron Foster,671382,31942,31942
COL,Rockies,1,1,0,14,0,0,,14.0,63,14,8,8,2,13,8,,1,4.88133,1.5724,8.6229,5.1273,1.68176,1.159,0.212817,0.126544,0.08627277612686157,,0.257889,0.311979,0.711509,4.70033,41.60000000000003,2.9714285714285738,43.0,3.0714285714285716,-0.00309126,0.00190677,0,999.0,/players/andrew-baker/sa3017196/stats/pitching,P,19,,NL,Andrew Baker,687900,sa3017196,sa3017196
TOR,Blue Jays,1,1,0,20,0,0,,20.0,88,19,10,9,3,19,9,,1,4.25655,1.4068,8.6895,4.1868,2.07545,1.128,0.220333,0.106162,0.114171601831913,,0.243503,0.294037,0.728316,4.34435,69.69999999999999,3.4849999999999994,69.0,3.45,-0.00380201,-0.00215031,0,999.0,/players/thomas-brock/sa3020079/stats/pitching,P,14,,AL,T.J. Brock,697813,sa3020079,sa3020079
MIN,Twins,2,3,0,54,0,3,,54.0,234,54,28,26,7,47,20,,2,4.37139,1.37301,7.887,3.32126,2.37471,1.17529,0.202106,0.0851078,0.11699812859296799,,0.255208,0.298387,0.711702,4.25178,213.1,3.946296296296296,219.0,4.055555555555555,-0.00425879,-0.0101924,0,999.0,/players/travis-adams/30180/stats/pitching,P,8,8.0,AL,Travis Adams,701519,30180,30180
CLE,Guardians,1,2,0,30,0,0,,30.0,127,30,15,14,5,26,7,,1,4.26004,1.25699,7.91651,2.24191,3.53115,1.35626,0.207531,0.0587714,0.14875923097133636,,0.254896,0.293177,0.712236,4.15364,110.5,3.683333333333333,113.0,3.7666666666666666,-0.00426503,0.0115376,0,584.5599975585938,/players/slade-cecconi/27500/stats/pitching,P,5,5.0,AL,Slade Cecconi,677944,27500,27500
WSN,Nationals,1,1,0,18,0,0,,18.0,79,17,10,9,3,17,8,,1,4.44865,1.38614,8.50997,4.18115,2.03532,1.26658,0.216598,0.10642,0.11017841845750809,,0.241334,0.285775,0.717833,4.67964,59.10000000000001,3.2833333333333337,58.0,3.2222222222222223,-0.00522541,-0.0185488,0,999.0,/players/carson-palmquist/31612/stats/pitching,P,24,24.0,NL,Carson Palmquist,687223,31612,31612
WSN,Nationals,0,1,0,10,0,0,,10.0,45,10,6,6,1,9,5,,1,4.98573,1.47772,7.8417,4.20602,1.8644,1.21423,0.195302,0.104754,0.0905488133430481,,0.258894,0.302253,0.682263,4.78776,35.7,3.5700000000000003,37.0,3.7,-0.00582699,-0.0235319,0,999.0,/players/tom-cosgrove/23443/stats/pitching,P,24,24.0,NL,Tom Cosgrove,676680,23443,23443
WSN,Nationals,0,1,0,12,0,0,,12.0,54,11,7,6,2,12,7,,1,4.80953,1.53069,9.09255,5.48221,1.65856,1.14685,0.224932,0.135619,0.08931279182434082,,0.240785,0.295261,0.704145,4.7293,35.600000000000016,2.966666666666668,34.0,2.8333333333333335,-0.0060535,-0.0223916,0,999.0,/players/kyle-nicolas/27775/stats/pitching,P,24,24.0,NL,Kyle Nicolas,693312,27775,27775
NYM,Mets,2,2,0,36,0,0,,36.0,160,31,19,18,4,42,23,,3,4.38086,1.48186,10.4016,5.66428,1.83635,0.977162,0.259552,0.141341,0.11821077764034271,,0.227271,0.299161,0.71532,4.30607,142.60000000000005,3.9611111111111126,134.0,3.7222222222222223,-0.00620479,-0.0362762,0,999.0,/players/jefry-yan/27902/stats/pitching,P,25,25.0,NL,Jefry Yan,642376,27902,27902
BAL,Orioles,2,3,0,54,0,2,,54.0,240,55,29,27,6,50,26,,2,4.49221,1.49382,8.28614,4.31673,1.91954,1.05025,0.207416,0.108055,0.09936115890741348,,0.259123,0.312004,0.714145,4.35108,206.8,3.82962962962963,216.0,4.0,-0.00688663,-0.0644677,0,999.0,/players/alex-hoppe/31880/stats/pitching,P,2,2.0,AL,Alex Hoppe,695380,31880,31880
KCR,Royals,2,3,0,52,0,2,,52.0,234,50,30,27,6,47,29,,4,4.75768,1.5288,8.10022,5.02905,1.61069,0.993809,0.1998,0.124047,0.07575373351573944,,0.250731,0.300736,0.697188,4.64379,184.0,3.5384615384615383,185.0,3.5576923076923075,-0.00696726,-0.0784474,0,999.0,/players/jose-cuas/17701/stats/pitching,P,7,7.0,AL,Jose Cuas,621016,17701,17701
SFG,Giants,3,4,0,52,0,2,,52.0,226,50,28,26,6,45,22,,6,4.4402,1.38054,7.77383,3.76466,2.06495,1.10226,0.198731,0.0962403,0.10249096155166626,,0.252176,0.296788,0.699897,4.55717,195.0,3.75,196.0,3.769230769230769,-0.00826192,-0.0699342,0,999.0,/players/braxton-roxby/27793/stats/pitching,P,30,30.0,NL,Braxton Roxby,694820,27793,27793
NYM,Mets,0,1,0,10,0,0,,10.0,45,10,6,5,1,9,5,,1,4.93319,1.49996,7.91605,4.57125,1.7317,1.19663,0.196592,0.113526,0.08306671679019928,,0.254832,0.29825,0.690586,4.81336,35.7,3.5700000000000003,37.0,3.7,-0.00895294,-0.0326238,0,999.0,/players/guillo-zuniga/19588/stats/pitching,P,25,25.0,NL,Guillo Zuñiga,670871,19588,19588
TEX,Rangers,2,2,0,44,0,0,,44.0,194,41,25,24,5,39,23,,2,4.81358,1.46737,7.89432,4.74226,1.66468,1.11648,0.198478,0.119229,0.07924891263246536,,0.244288,0.2866,0.688058,4.66789,160.50000000000003,3.6477272727272734,158.0,3.590909090909091,-0.00912317,-0.0841345,0,999.0,/players/carter-baumler/30231/stats/pitching,P,13,13.0,AL,Carter Baumler,691945,30231,30231
NYM,Mets,1,1,0,27,0,0,,27.0,118,26,13,12,3,25,12,,1,4.14279,1.3917,8.2062,3.8772,2.11653,1.126,0.208793,0.098649,0.11014427244663239,,0.246555,0.292194,0.734786,4.31266,106.30000000000001,3.9370370370370376,107.0,3.962962962962963,-0.010037,0.00692188,0,999.0,/players/jack-weisenburger/26333/stats/pitching,P,25,25.0,NL,Jack Weisenburger,674073,26333,26333
PIT,Pirates,1,1,0,14,0,0,,14.0,63,13,7,7,2,13,8,,1,4.40838,1.5242,8.6742,5.3721,1.61468,1.052,0.214942,0.133118,0.08182427287101746,,0.241944,0.29448,0.732715,4.64658,44.20000000000003,3.1571428571428592,43.0,3.0714285714285716,-0.0101238,0.0112066,0,999.0,/players/brandon-neeck/sa3021978/stats/pitching,P,27,,NL,Brandon Neeck,677957,sa3021978,sa3021978
MIN,Twins,3,4,0,63,5,4,,63.0,277,59,35,32,9,63,30,,4,4.58104,1.41636,8.95056,4.29189,2.08546,1.2147,0.22614,0.108437,0.11770326644182205,,0.243261,0.294418,0.707055,4.47339,267.1,4.23968253968254,263.0,4.174603174603175,-0.0107767,-0.204236,0,999.0,/players/yoendrys-gomez/22872/stats/pitching,P,8,8.0,AL,Yoendrys Gómez,672782,22872,22872
STL,Cardinals,1,1,0,22,0,0,,22.0,97,23,12,11,3,15,9,,1,4.54429,1.43716,6.2302,3.47824,1.79119,1.03963,0.157673,0.088027,0.06964638829231262,,0.264158,0.295031,0.697512,4.45647,66.10000000000001,3.004545454545455,71.0,3.227272727272727,-0.010987,-0.0292919,0,999.0,/players/jared-shuster/27472/stats/pitching,P,28,28.0,NL,Jared Shuster,694363,27472,27472
TOR,Blue Jays,3,3,0,44,0,0,,44.0,188,40,22,20,6,39,16,,3,4.16063,1.28226,8.02172,3.33019,2.40879,1.24638,0.209026,0.0867763,0.12224937975406647,,0.239082,0.277749,0.71866,4.46394,168.8,3.8363636363636364,163.0,3.7045454545454546,-0.0113103,0.00308804,0,999.0,/players/john-klein/32155/stats/pitching,P,14,14.0,AL,John Klein,804619,32155,32155
NYM,Mets,0,1,2,2,0,0,,9.0,42,10,6,5,2,6,4,,0,5.18873,1.42536,5.73455,3.42254,1.67552,1.79076,0.144657,0.0863354,0.058321572840213776,,0.261917,0.268267,0.705693,5.65688,16.000000000000007,1.7777777777777786,19.0,2.111111111111111,-0.0120279,-0.0443173,1,999.0,/players/xzavion-curry/25595/stats/pitching,P,25,25.0,NL,Xzavion Curry,675540,25595,25595
KCR,Royals,1,1,0,16,0,0,,16.0,71,17,9,9,2,13,6,,1,4.93463,1.44123,7.31215,3.32174,2.2013,1.25806,0.183576,0.0833943,0.10018191486597061,,0.269904,0.308721,0.68348,4.65318,54.60000000000001,3.4125000000000005,59.0,3.6875,-0.0120376,-0.0178498,0,999.0,/players/connor-seabold/19695/stats/pitching,P,7,7.0,AL,Connor Seabold,657756,19695,19695
WSN,Nationals,1,1,0,22,0,0,,22.0,98,20,13,12,3,22,12,,1,4.7283,1.47563,9.13222,4.89814,1.86443,1.2325,0.228735,0.122684,0.10605140775442123,,0.243108,0.296485,0.705231,4.66629,78.9,3.5863636363636364,76.0,3.4545454545454546,-0.0121452,-0.0455097,0,999.0,/players/luis-perales/28148/stats/pitching,P,24,24.0,NL,Luis Perales,691384,28148,28148
DET,Tigers,1,1,0,16,0,0,,16.0,71,14,9,8,2,16,9,,1,4.5319,1.4516,9.07951,5.09858,1.78079,1.07941,0.227979,0.128021,0.09995782375335693,,0.232459,0.28564,0.707402,4.49501,59.40000000000001,3.712500000000001,56.0,3.5,-0.0124087,-0.0264513,0,999.0,/players/tanner-rainey/17610/stats/pitching,P,6,6.0,AL,Tanner Rainey,663432,17610,17610
CHW,White Sox,1,2,0,24,0,0,,24.0,107,23,14,13,3,21,12,,1,4.72713,1.48621,8.04822,4.63215,1.73747,1.21237,0.200693,0.115509,0.0851842537522316,,0.248289,0.290166,0.708673,4.6921,83.90000000000002,3.495833333333334,84.0,3.5,-0.0126296,-0.05461,0,999.0,/players/tyler-davis/34847/stats/pitching,P,4,4.0,AL,Tyler Davis,699823,34847,34847
TOR,Blue Jays,1,1,0,14,0,0,,14.0,61,13,7,7,2,13,6,,1,4.42341,1.3969,8.4663,4.0599,2.08535,1.283,0.214772,0.102991,0.1117808148264885,,0.243468,0.286725,0.727206,4.55844,50.20000000000003,3.585714285714288,49.0,3.5,-0.0126904,-0.00146242,0,999.0,/players/daniel-guerra/sa3019786/stats/pitching,P,14,,AL,Daniel Guerra,806413,sa3019786,sa3019786
KCR,Royals,3,3,0,49,0,1,,49.0,216,45,26,24,6,50,26,,3,4.4474,1.43441,9.13486,4.72769,1.9322,1.07869,0.230098,0.119086,0.11101225018501282,,0.23812,0.294166,0.712677,4.40851,188.8,3.853061224489796,184.0,3.7551020408163267,-0.0129727,0.0139415,0,999.0,/players/craig-kimbrel/6655/stats/pitching,P,7,7.0,AL,Craig Kimbrel,518886,6655,6655
ATL,Braves,3,4,0,58,0,4,,58.0,254,58,32,29,7,47,24,,5,4.55338,1.40721,7.26823,3.67748,1.97641,1.09642,0.184537,0.0933697,0.09116752445697784,,0.257753,0.297731,0.694945,4.57528,215.3,3.7120689655172416,222.0,3.8275862068965516,-0.0133825,-0.100965,0,999.0,/players/victor-mederos/31533/stats/pitching,P,16,16.0,NL,Victor Mederos,682989,31533,31533
SFG,Giants,1,2,0,36,0,0,,36.0,159,37,20,18,4,28,15,,2,4.51387,1.45304,7.0002,3.75674,1.86337,1.05593,0.176218,0.0945694,0.08164834976196289,,0.262252,0.300702,0.706234,4.46504,126.00000000000004,3.5000000000000013,133.0,3.6944444444444446,-0.0134752,-0.062653,0,999.0,/players/jt-brubaker/17578/stats/pitching,P,30,30.0,NL,JT Brubaker,664141,17578,17578
CHC,Cubs,1,1,0,14,0,0,,14.0,60,14,8,7,2,11,5,,1,4.64161,1.35239,7.12473,3.13963,2.26929,1.34118,0.183501,0.0808625,0.10263801366090775,,0.256366,0.287346,0.695577,4.65348,46.6,3.3285714285714287,48.0,3.4285714285714284,-0.0143471,-0.0306445,0,999.0,/players/trent-thornton/17948/stats/pitching,P,17,17.0,NL,Trent Thornton,663423,17948,17948
ARI,Diamondbacks,1,1,0,27,0,0,,27.0,120,26,14,13,3,24,14,,1,4.26225,1.49989,7.91672,4.69568,1.68596,0.915696,0.198348,0.117647,0.08070104569196701,,0.252994,0.303789,0.725551,4.36968,98.30000000000001,3.6407407407407413,99.0,3.6666666666666665,-0.0146298,-0.00474618,0,999.0,/players/kade-strowd/26191/stats/pitching,P,15,15.0,NL,Kade Strowd,669704,26191,26191
LAA,Angels,1,1,0,18,0,0,,18.0,78,17,9,9,3,17,7,,1,4.43943,1.3675,8.3295,3.5901,2.32013,1.373,0.213151,0.0918701,0.12128052860498428,,0.248054,0.288687,0.728385,4.54454,62.10000000000001,3.4500000000000006,61.0,3.388888888888889,-0.014876,0.00364644,0,999.0,/players/alex-faedo/19874/stats/pitching,P,1,1.0,AL,Alex Faedo,656412,19874,19874
TEX,Rangers,2,2,0,40,0,0,,40.0,174,38,21,19,5,37,17,,3,4.35833,1.37149,8.24606,3.90091,2.11388,1.18669,0.210744,0.0996955,0.11104881763458252,,0.244581,0.289244,0.714523,4.5191,149.7,3.7424999999999997,149.0,3.725,-0.0159845,-0.0249217,0,999.0,/players/adam-macko/25590/stats/pitching,P,13,13.0,AL,Adam Macko,671936,25590,25590
TOR,Blue Jays,2,3,0,48,0,0,,48.0,208,47,25,23,7,44,18,,3,4.38704,1.34782,8.23613,3.32169,2.4795,1.28424,0.211594,0.0853374,0.12625665962696075,,0.25094,0.294126,0.713949,4.39929,171.90000000000003,3.5812500000000007,174.0,3.625,-0.0163839,-0.029816,0,999.0,/players/chase-lee/29574/stats/pitching,P,14,14.0,AL,Chase Lee,695445,29574,29574
HOU,Astros,1,1,0,14,0,0,,14.0,62,14,7,7,2,12,7,,1,4.44709,1.49963,7.91618,4.78202,1.6554,1.04311,0.197529,0.119324,0.07820520550012589,,0.249728,0.295774,0.721079,4.57487,42.6,3.042857142857143,44.0,3.142857142857143,-0.0167795,0.0019139,0,999.0,/players/alimber-santa/28846/stats/pitching,P,21,21.0,AL,Alimber Santa,695001,28846,28846
ARI,Diamondbacks,1,1,0,23,0,0,,23.0,102,24,13,12,3,18,10,,2,4.67253,1.50122,6.88819,4.02054,1.71325,1.10171,0.1719,0.100335,0.07156417518854141,,0.268339,0.30641,0.705821,4.72921,70.9,3.082608695652174,76.0,3.3043478260869565,-0.0171572,-0.0366234,0,999.0,/players/juan-burgos/27271/stats/pitching,P,15,15.0,NL,Juan Burgos,686228,27271,27271
BAL,Orioles,2,2,0,46,0,0,,46.0,204,40,24,22,5,51,28,,4,4.30096,1.46975,9.9938,5.46365,1.82914,1.0535,0.250137,0.136751,0.11338597536087036,,0.230057,0.295605,0.728776,4.4699,180.90000000000003,3.9326086956521746,171.0,3.717391304347826,-0.0172425,-0.0316124,0,999.0,/players/cam-sanders/23479/stats/pitching,P,2,2.0,AL,Cam Sanders,676742,23479,23479
COL,Rockies,2,2,0,44,0,0,,44.0,196,43,25,23,6,43,23,,2,4.70502,1.5115,8.8245,4.7772,1.84721,1.22,0.219646,0.118907,0.1007392406463623,,0.25279,0.30583,0.720045,4.65544,151.0,3.4318181818181817,153.0,3.477272727272727,-0.0175235,0.00986929,0,999.0,/players/hayden-harris/31913/stats/pitching,P,19,19.0,NL,Hayden Harris,802686,31913,31913
NYM,Mets,1,1,0,12,0,0,,12.0,53,12,7,6,2,11,6,,0,4.68158,1.44218,8.5851,4.29104,2.00071,1.40463,0.216016,0.10797,0.10804609954357147,,0.246082,0.287699,0.719822,4.70018,37.000000000000014,3.0833333333333344,38.0,3.1666666666666665,-0.0180568,-0.0327852,0,999.0,/players/matt-seelinger/23563/stats/pitching,P,25,25.0,NL,Matt Seelinger,676910,23563,23563
NYM,Mets,2,2,0,40,0,0,,40.0,173,38,21,19,5,36,16,,3,4.37636,1.35366,8.12825,3.52743,2.3043,1.17646,0.20854,0.0905003,0.11803952604532242,,0.248782,0.293447,0.70481,4.38891,150.7,3.7674999999999996,150.0,3.75,-0.0182159,-0.0370007,0,999.0,/players/cameron-weston/31696/stats/pitching,P,25,25.0,NL,Cameron Weston,687721,31696,31696
SFG,Giants,1,1,0,18,0,0,,18.0,80,18,10,9,2,13,9,,1,4.44008,1.50228,6.74451,4.49707,1.49976,0.805889,0.168516,0.112362,0.056153975427150726,,0.25936,0.301664,0.700509,4.50989,57.800000000000026,3.2111111111111126,60.0,3.3333333333333335,-0.0187755,-0.0298275,0,999.0,/players/wilkin-ramos/23988/stats/pitching,P,30,30.0,NL,Wilkin Ramos,678576,23988,23988
LAA,Angels,1,1,0,12,0,0,,12.0,53,11,6,6,2,12,6,,0,4.51368,1.4254,8.7741,4.4739,1.96117,1.341,0.22258,0.113493,0.1090867668390274,,0.241462,0.286444,0.731427,4.69442,41.600000000000016,3.466666666666668,40.0,3.3333333333333335,-0.0189026,0.00243096,0,999.0,/players/kaleb-ort/20061/stats/pitching,P,1,1.0,AL,Kaleb Ort,672391,20061,20061
MIA,Marlins,1,2,0,28,0,0,,28.0,122,30,15,14,4,21,9,,1,4.46598,1.37398,6.61665,2.82879,2.33904,1.24555,0.169315,0.0723868,0.09692856669425964,,0.265333,0.295265,0.709521,4.47453,92.0,3.2857142857142856,100.0,3.5714285714285716,-0.0193155,-0.0201303,0,999.0,/players/patrick-monteverde/29564/stats/pitching,P,20,20.0,NL,Patrick Monteverde,687287,29564,29564
CIN,Reds,1,2,0,26,0,0,,26.0,116,26,16,15,4,23,13,,1,5.10058,1.49396,7.99959,4.47706,1.78679,1.37037,0.199468,0.111634,0.08783334493637085,,0.254847,0.294252,0.688191,4.93996,79.6,3.0615384615384613,82.0,3.1538461538461537,-0.0194219,-0.0728964,0,999.0,/players/jose-franco/27014/stats/pitching,P,18,18.0,NL,Jose Franco,683742,27014,27014
TBR,Rays,1,1,0,18,0,1,,18.0,80,16,10,9,2,18,10,,2,4.45739,1.43916,9.02718,4.84205,1.86433,1.08851,0.226931,0.121722,0.10520847886800766,,0.237584,0.29232,0.709409,4.54781,71.00000000000003,3.944444444444446,68.0,3.7777777777777777,-0.0196968,-0.0263751,0,999.0,/players/brody-hopkins/33903/stats/pitching,P,12,12.0,AL,Brody Hopkins,811315,33903,33903
STL,Cardinals,1,1,0,24,0,0,,24.0,105,27,13,12,3,13,7,,1,4.32652,1.4186,4.81915,2.53589,1.90038,1.02482,0.12267,0.0645502,0.058119386434555054,,0.281404,0.301712,0.708679,4.48571,72.50000000000001,3.020833333333334,83.0,3.4583333333333335,-0.0197474,-0.0291742,0,999.0,/players/josh-fleming/20418/stats/pitching,P,28,28.0,NL,Josh Fleming,676596,20418,20418
CHC,Cubs,1,1,0,16,0,0,,16.0,69,16,9,8,2,12,6,,1,4.48914,1.38226,6.92002,3.27037,2.11598,1.28878,0.177166,0.0837275,0.0934380292892456,,0.258737,0.289403,0.712972,4.63057,55.20000000000001,3.4500000000000006,57.0,3.5625,-0.0205067,-0.0305524,0,999.0,/players/javier-assad/21741/stats/pitching,P,17,17.0,NL,Javier Assad,665871,21741,21741
SFG,Giants,3,3,0,54,0,2,,54.0,235,55,28,26,6,43,22,,3,4.26068,1.4109,7.19232,3.58664,2.00531,1.01561,0.18371,0.0916119,0.09209810942411423,,0.259901,0.301527,0.713951,4.33377,201.8,3.7370370370370374,211.0,3.9074074074074074,-0.022019,-0.0295574,0,999.0,/players/carson-seymour/30084/stats/pitching,P,30,30.0,NL,Carson Seymour,693313,30084,30084
NYM,Mets,1,1,0,14,0,0,,14.0,63,12,7,7,2,15,9,,1,4.4793,1.4964,9.5832,5.6286,1.70259,1.222,0.237149,0.139287,0.09786191582679749,,0.228501,0.281563,0.738109,4.77083,47.800000000000026,3.414285714285716,44.0,3.142857142857143,-0.0221874,-0.00462935,0,999.0,/players/ryan-lambert/sa3025613/stats/pitching,P,25,,NL,Ryan Lambert,822038,sa3025613,sa3025613
SEA,Mariners,2,2,0,37,0,0,,37.0,160,36,18,17,4,31,15,,2,4.10842,1.37003,7.6132,3.64791,2.087,0.963492,0.195295,0.0935769,0.10171815752983093,,0.24915,0.293814,0.714509,4.17895,142.00000000000003,3.8378378378378386,144.0,3.891891891891892,-0.0221888,-0.0185457,0,999.0,/players/cole-wilcox/27481/stats/pitching,P,11,11.0,AL,Cole Wilcox,677961,27481,27481
DET,Tigers,1,2,0,28,0,0,,28.0,125,26,15,14,4,27,15,,1,4.53391,1.49473,8.7512,4.94047,1.77133,1.28249,0.217457,0.122765,0.09469214826822281,,0.243801,0.290573,0.733353,4.78485,96.40000000000006,3.4428571428571453,94.0,3.357142857142857,-0.0226558,-0.0233705,0,999.0,/players/yilber-diaz/29271/stats/pitching,P,6,6.0,AL,Yilber Díaz,700270,29271,29271
WSN,Nationals,2,2,0,38,0,0,,38.0,171,34,19,17,4,36,26,,2,4.10193,1.5908,8.532,6.1614,1.38475,0.835,0.210246,0.15183,0.058416515588760376,,0.239799,0.297062,0.747205,4.60083,131.6,3.4631578947368418,126.0,3.3157894736842106,-0.023779,0.0239011,0,999.0,/players/jared-simpson/33458/stats/pitching,P,24,24.0,NL,Jared Simpson,688692,33458,33458
SEA,Mariners,3,3,0,59,0,5,,59.0,253,58,28,26,6,49,21,,4,3.96787,1.32479,7.40159,3.13603,2.36018,0.950086,0.192058,0.0813744,0.1106836348772049,,0.252822,0.296808,0.716661,4.089,255.0,4.322033898305085,260.0,4.406779661016949,-0.0249535,0.0622694,0,999.0,/players/carlos-vargas/22915/stats/pitching,P,11,11.0,AL,Carlos Vargas,672841,22915,22915
CIN,Reds,2,2,0,42,0,0,,42.0,189,39,25,23,6,43,25,,1,4.97328,1.53862,9.17643,5.3834,1.70458,1.33761,0.226721,0.133007,0.09371399879455566,,0.242885,0.292859,0.708367,4.86897,143.6,3.419047619047619,140.0,3.3333333333333335,-0.0269385,-0.0927889,0,999.0,/players/zach-maxwell/31610/stats/pitching,P,18,18.0,NL,Zach Maxwell,687209,31610,31610
CIN,Reds,1,1,0,18,0,0,,18.0,82,17,10,10,2,17,11,,1,4.87908,1.5831,8.5401,5.6925,1.50024,1.239,0.208641,0.139072,0.06956905126571655,,0.247089,0.294473,0.720601,5.09499,62.40000000000002,3.4666666666666677,62.0,3.4444444444444446,-0.0281219,-0.018468,0,999.0,/players/hunter-parks/sa3017640/stats/pitching,P,18,,NL,Hunter Parks,688609,sa3017640,sa3017640
MIN,Twins,1,1,0,18,0,0,,18.0,78,19,10,9,3,13,6,,1,4.66207,1.39058,6.46052,2.88311,2.24082,1.30702,0.164807,0.0735479,0.09125937521457672,,0.268348,0.295987,0.699937,4.65512,51.90000000000001,2.883333333333334,56.0,3.111111111111111,-0.0281278,-0.0236249,0,999.0,/players/mike-paredes/30187/stats/pitching,P,8,8.0,AL,Mike Paredes,702474,30187,30187
COL,Rockies,1,2,0,22,0,0,,22.0,98,24,14,13,4,17,9,,2,5.25896,1.48476,7.10388,3.47874,2.04208,1.43317,0.177349,0.0868469,0.09050178527832031,,0.274977,0.308336,0.678611,4.96244,52.20000000000001,2.372727272727273,59.0,2.6818181818181817,-0.0304386,-0.0355835,0,999.0,/players/tj-shook/27567/stats/pitching,P,19,19.0,NL,TJ Shook,669298,27567,27567
MIN,Twins,2,3,0,42,0,0,,42.0,184,39,23,21,6,43,19,,2,4.48613,1.39768,9.23092,4.15883,2.2196,1.32109,0.234027,0.105437,0.12859026342630386,,0.241399,0.291797,0.72271,4.47846,158.6,3.776190476190476,155.0,3.6904761904761907,-0.0308526,-0.0451733,0,999.0,/players/garrett-acton/27583/stats/pitching,P,8,8.0,AL,Garrett Acton,670183,27583,27583
SEA,Mariners,1,1,0,24,0,0,,24.0,103,24,12,11,3,19,8,,1,4.1751,1.3395,7.1622,3.1455,2.27697,1.229,0.184769,0.081147,0.10362198948860168,,0.252403,0.285438,0.729935,4.43844,89.30000000000001,3.7208333333333337,92.0,3.8333333333333335,-0.0313375,-0.0260599,0,999.0,/players/troy-watson/sa3007249/stats/pitching,P,11,,AL,Troy Watson,681890,sa3007249,sa3007249
PIT,Pirates,1,1,0,16,0,0,,16.0,71,16,9,9,2,13,7,,1,4.95306,1.4801,7.1433,4.1022,1.74133,1.387,0.17836,0.102427,0.0759325847029686,,0.259435,0.290025,0.707956,5.02217,54.20000000000001,3.3875000000000006,56.0,3.5,-0.0316204,-0.0168329,0,999.0,/players/beau-burrows/18873/stats/pitching,P,27,27.0,NL,Beau Burrows,663366,18873,18873
MIA,Marlins,1,2,0,26,0,0,,26.0,116,24,15,14,4,26,14,,1,4.73963,1.48308,9.06309,4.97559,1.82151,1.34071,0.225771,0.123947,0.10182370990514755,,0.240786,0.288573,0.718351,4.81427,87.79999999999998,3.3769230769230765,85.0,3.269230769230769,-0.0334754,-0.0509966,0,999.0,/players/brandan-bidois/28052/stats/pitching,P,20,20.0,NL,Brandan Bidois,684049,28052,28052
TOR,Blue Jays,2,3,0,50,0,2,,50.0,223,46,26,24,6,49,28,,3,4.35938,1.48478,8.73223,5.02919,1.73631,1.03562,0.217967,0.125535,0.09243236482143402,,0.241914,0.295694,0.723403,4.52702,189.6,3.792,185.0,3.7,-0.0346047,-0.0194252,0,999.0,/players/brendan-cellucci/26318/stats/pitching,P,14,14.0,AL,Brendan Cellucci,676454,26318,26318
TOR,Blue Jays,3,3,0,52,0,2,,52.0,219,47,28,26,10,54,16,,3,4.48432,1.21199,9.38646,2.76628,3.39317,1.81544,0.247654,0.072986,0.17466828227043152,,0.235355,0.270454,0.729311,4.73997,198.60000000000002,3.81923076923077,189.0,3.6346153846153846,-0.0353055,-0.0580628,0,389.9100036621094,/players/paul-sewald/13892/stats/pitching,P,14,14.0,AL,Paul Sewald,623149,13892,13892
MIN,Twins,2,2,0,38,0,0,,38.0,168,38,21,19,5,33,18,,2,4.56133,1.45201,7.84302,4.15076,1.88954,1.0804,0.197694,0.104626,0.09306841343641281,,0.254844,0.300636,0.702042,4.4788,126.89999999999999,3.339473684210526,131.0,3.4473684210526314,-0.0364939,-0.0465051,0,999.0,/players/marco-raya/30166/stats/pitching,P,8,8.0,AL,Marco Raya,694397,30166,30166
PIT,Pirates,1,2,0,42,0,0,,42.0,185,44,23,22,6,33,17,,2,4.6424,1.44261,6.97958,3.59447,1.94176,1.20633,0.175821,0.0905473,0.08527333289384842,,0.262715,0.296986,0.705825,4.61179,131.6,3.1333333333333333,141.0,3.357142857142857,-0.0395281,-0.0257212,0,999.0,/players/antwone-kelly/29000/stats/pitching,P,27,27.0,NL,Antwone Kelly,699008,29000,29000
ARI,Diamondbacks,1,2,0,30,0,0,,30.0,133,31,16,15,4,23,13,,2,4.55913,1.46959,6.95134,4.01973,1.7293,1.08026,0.174367,0.100831,0.07353620231151581,,0.260513,0.297573,0.708024,4.62502,93.20000000000002,3.1066666666666674,99.0,3.3,-0.0423946,-0.0186817,0,999.0,/players/blake-walston/26270/stats/pitching,P,15,15.0,NL,Blake Walston,686796,26270,26270
SEA,Mariners,2,2,0,33,0,0,,33.0,144,30,18,16,5,35,16,,2,4.39102,1.40552,9.43862,4.49014,2.10208,1.25129,0.23978,0.114068,0.12571196258068085,,0.237962,0.29273,0.722241,4.50211,120.70000000000005,3.657575757575759,116.0,3.515151515151515,-0.0442702,-0.0799257,0,999.0,/players/josh-simpson/25957/stats/pitching,P,11,11.0,AL,Josh Simpson,681006,25957,25957
SFG,Giants,1,1,0,23,0,0,,23.0,103,21,13,12,3,23,14,,2,4.70036,1.508,8.9655,5.36271,1.67182,1.15003,0.222941,0.133352,0.08958876132965088,,0.240127,0.293258,0.708426,4.77867,76.70000000000002,3.334782608695653,74.0,3.217391304347826,-0.0449151,-0.0445897,0,999.0,/players/eric-cerantola/30128/stats/pitching,P,30,30.0,NL,Eric Cerantola,672021,30128,30128
TEX,Rangers,1,1,0,26,0,0,,26.0,114,24,14,13,4,22,13,,1,4.49291,1.43839,7.4614,4.61263,1.6176,1.29787,0.18852,0.116543,0.0719769299030304,,0.241435,0.273154,0.72819,5.00562,82.79999999999998,3.184615384615384,80.0,3.076923076923077,-0.0475971,-0.0264498,0,999.0,/players/ben-peoples/26406/stats/pitching,P,13,13.0,AL,Ben Peoples,687239,26406,26406
NYM,Mets,1,1,0,30,0,0,,30.0,132,30,17,15,5,26,13,,2,4.57037,1.43245,7.8286,3.78637,2.06757,1.35442,0.197844,0.0956889,0.10215488821268082,,0.257773,0.296513,0.721862,4.73247,89.5,2.9833333333333334,92.0,3.066666666666667,-0.0484468,-0.0666074,0,999.0,/players/philip-abner/33821/stats/pitching,P,25,25.0,NL,Philip Abner,691769,33821,33821
TEX,Rangers,2,3,0,35,0,0,,35.0,158,32,21,19,4,34,22,,4,4.95727,1.54815,8.77438,5.71506,1.53531,1.13342,0.216051,0.140722,0.0753294974565506,,0.242855,0.296036,0.695061,5.0454,116.60000000000001,3.331428571428572,113.0,3.2285714285714286,-0.0495505,-0.10075,0,999.0,/players/gavin-collyer/26349/stats/pitching,P,13,13.0,AL,Gavin Collyer,686560,26349,26349
KCR,Royals,1,2,0,40,0,0,,40.0,182,38,24,22,5,38,26,,3,4.98327,1.59532,8.48212,5.81926,1.45759,1.09077,0.206654,0.141778,0.06487667560577393,,0.247641,0.299027,0.698549,4.97969,124.7,3.1175,124.0,3.1,-0.0503679,-0.0874787,0,999.0,/players/carlos-duran/24458/stats/pitching,P,7,7.0,AL,Carlos Duran,679922,24458,24458
SEA,Mariners,2,2,0,42,0,0,,42.0,185,38,20,19,5,39,22,,2,3.97017,1.4315,8.4267,4.6845,1.79885,1.014,0.212747,0.118269,0.0944785326719284,,0.23799,0.28728,0.746605,4.41209,156.5,3.7261904761904763,151.0,3.5952380952380953,-0.0512058,-0.0132873,0,999.0,/players/robinson-ortiz/sa3004006/stats/pitching,P,11,,AL,Robinson Ortiz,673662,sa3004006,sa3004006
COL,Rockies,1,2,0,34,0,0,,34.0,156,42,23,22,5,24,13,,3,5.70726,1.61071,6.23428,3.38436,1.84209,1.3065,0.151431,0.082206,0.06922460347414017,,0.300677,0.333341,0.65696,5.00665,80.90000000000002,2.379411764705883,105.0,3.088235294117647,-0.0521086,-0.0918207,0,999.0,/players/blas-castano/26117/stats/pitching,P,19,19.0,NL,Blas Castaño,680604,26117,26117
ATH,Athletics,2,3,0,54,0,3,,54.0,241,58,32,29,7,41,25,,3,4.87112,1.52776,6.90533,4.13707,1.66913,1.20182,0.171644,0.102834,0.06880991160869598,,0.269956,0.305837,0.700517,4.84282,172.7,3.1981481481481477,189.0,3.5,-0.0547704,-0.0899647,0,999.0,/players/chris-roycroft/31261/stats/pitching,P,10,10.0,AL,Chris Roycroft,688297,31261,31261
MIA,Marlins,2,2,0,42,0,0,,42.0,187,41,24,22,6,39,21,,2,4.74459,1.4754,8.26489,4.55125,1.81596,1.18607,0.206375,0.113645,0.09272968024015427,,0.249244,0.294992,0.702339,4.65491,139.4,3.3190476190476192,141.0,3.357142857142857,-0.0551146,-0.0759804,0,999.0,/players/zach-brzykcy/27783/stats/pitching,P,20,20.0,NL,Zach Brzykcy,694350,27783,27783
COL,Rockies,2,3,0,40,0,0,,40.0,177,47,25,24,7,27,12,,1,5.29989,1.46654,6.07099,2.68663,2.25971,1.55182,0.152611,0.0675355,0.08507511019706726,,0.285483,0.306866,0.679122,4.97922,102.7,2.5675,124.0,3.1,-0.0574956,-0.052467,0,999.0,/players/blake-adams/31492/stats/pitching,P,19,19.0,NL,Blake Adams,687060,31492,31492
STL,Cardinals,1,2,0,32,0,0,,32.0,144,32,18,17,4,25,18,,1,4.65111,1.5574,7.0722,4.9788,1.42046,1.069,0.174855,0.123097,0.05175790190696716,,0.257877,0.296175,0.718418,4.87293,97.40000000000002,3.0437500000000006,101.0,3.15625,-0.0575068,-0.059423,0,999.0,/players/austin-love/sa3017609/stats/pitching,P,28,,NL,Austin Love,676153,sa3017609,sa3017609
ATH,Athletics,2,3,0,52,0,2,,52.0,233,53,32,30,9,44,26,,3,5.20965,1.51466,7.69347,4.43249,1.7357,1.49283,0.190613,0.109819,0.08079388737678528,,0.260041,0.294251,0.69433,5.20893,145.3,2.7942307692307695,152.0,2.923076923076923,-0.0623893,-0.0935305,0,999.0,/players/yunior-tur/33026/stats/pitching,P,10,10.0,AL,Yunior Tur,814305,33026,33026
LAA,Angels,2,4,0,58,0,5,,58.0,254,56,32,29,8,57,25,,2,4.54421,1.39926,8.8644,3.87486,2.28767,1.28781,0.225189,0.098436,0.12675278633832932,,0.247668,0.296632,0.71043,4.37835,238.20000000000007,4.106896551724139,239.0,4.120689655172414,-0.0636466,-0.135632,0,999.0,/players/mitch-farris/33628/stats/pitching,P,1,1.0,AL,Mitch Farris,815083,33628,33628
STL,Cardinals,2,3,0,50,0,1,,50.0,215,51,27,25,7,39,16,,3,4.45542,1.34412,7.02636,2.90616,2.41774,1.27304,0.181225,0.0749564,0.10626886785030365,,0.259618,0.292148,0.704435,4.5014,176.29999999999998,3.526,184.0,3.68,-0.0665486,-0.0700205,0,999.0,/players/hancel-rincon/27144/stats/pitching,P,28,28.0,NL,Hancel Rincon,684516,27144,27144
LAA,Angels,1,2,0,36,0,0,,36.0,161,34,20,19,5,34,21,,2,4.66668,1.5259,8.622,5.283,1.63203,1.235,0.213839,0.131027,0.08281248807907104,,0.244079,0.291363,0.727551,4.86851,115.50000000000003,3.208333333333334,114.0,3.1666666666666665,-0.0695117,-0.0540881,0,999.0,/players/najer-victor/sa3025330/stats/pitching,P,1,,AL,Najer Victor,695402,sa3025330,sa3025330
CHC,Cubs,4,4,0,73,3,6,,73.0,319,73,38,35,9,61,31,,2,4.3507,1.41944,7.52062,3.8263,1.96551,1.11654,0.191378,0.0973681,0.09400966763496399,,0.253644,0.293963,0.718338,4.38118,301.70000000000005,4.132876712328768,310.0,4.2465753424657535,-0.0711667,-0.00152173,0,999.0,/players/ryan-rolison/22200/stats/pitching,P,17,17.0,NL,Ryan Rolison,669020,22200,22200
COL,Rockies,2,4,0,48,0,1,,48.0,223,53,33,30,6,44,28,,4,5.66854,1.68178,8.32979,5.25832,1.58412,1.2061,0.199078,0.125671,0.07340647280216217,,0.275949,0.330228,0.669982,5.00738,139.60000000000002,2.9083333333333337,158.0,3.2916666666666665,-0.0742701,-0.213241,0,999.0,/players/mark-manfredi/33603/stats/pitching,P,19,19.0,NL,Mark Manfredi,815081,33603,33603
STL,Cardinals,2,4,0,54,0,4,,54.0,238,56,31,28,7,46,22,,4,4.74402,1.44116,7.7358,3.71173,2.08415,1.12549,0.195182,0.0936506,0.10153136402368546,,0.262446,0.307875,0.684674,4.4591,197.9,3.664814814814815,209.0,3.8703703703703702,-0.0838298,-0.226338,0,999.0,/players/cade-winquest/31850/stats/pitching,P,28,28.0,NL,Cade Winquest,685464,31850,31850
KCR,Royals,1,2,0,33,0,0,,33.0,149,34,21,19,4,25,17,,3,5.16208,1.55218,6.80509,4.6721,1.45654,1.12251,0.16725,0.114827,0.05242311209440231,,0.26488,0.300848,0.675678,5.07223,96.60000000000005,2.927272727272729,103.0,3.121212121212121,-0.0846912,-0.107298,0,999.0,/players/beck-way/27877/stats/pitching,P,7,7.0,AL,Beck Way,694360,27877,27877
CIN,Reds,2,3,0,50,0,1,,50.0,226,45,30,28,7,53,32,,4,5.06757,1.54666,9.53299,5.75316,1.657,1.26679,0.233992,0.141214,0.09277763962745667,,0.237944,0.293336,0.696809,4.95157,168.89999999999998,3.3779999999999997,161.0,3.22,-0.0905261,-0.169002,0,999.0,/players/connor-phillips/27649/stats/pitching,P,18,18.0,NL,Connor Phillips,683175,27649,27649
BOS,Red Sox,2,3,0,34,0,0,,34.0,153,32,20,19,4,33,20,,5,4.98699,1.51868,8.68529,5.21463,1.66556,1.09048,0.214417,0.128736,0.08568161725997925,,0.248248,0.303294,0.681788,4.89713,110.20000000000003,3.241176470588236,109.0,3.2058823529411766,-0.0908257,-0.089419,0,999.0,/players/wyatt-olds/29922/stats/pitching,P,3,3.0,AL,Wyatt Olds,681544,29922,29922
KCR,Royals,3,4,0,55,0,4,,55.0,245,51,31,29,7,57,30,,4,4.67212,1.47798,9.33799,4.9205,1.89777,1.16554,0.233203,0.122883,0.11032062023878098,,0.24324,0.301241,0.705869,4.57095,216.29999999999998,3.9327272727272726,212.0,3.8545454545454545,-0.0971839,-0.0804919,0,999.0,/players/alex-lange/19883/stats/pitching,P,7,7.0,AL,Alex Lange,656638,19883,19883
MIA,Marlins,2,3,0,52,0,1,,52.0,232,47,27,25,6,53,29,,3,4.39515,1.4645,9.1584,5.0886,1.79979,1.118,0.228161,0.126771,0.10139015316963196,,0.234807,0.28835,0.728505,4.57311,202.8,3.9000000000000004,196.0,3.769230769230769,-0.0992674,-0.0089359,0,999.0,/players/wikelman-gonzalez/26641/stats/pitching,P,20,20.0,NL,Wikelman González,682790,26641,26641
SEA,Mariners,2,3,0,48,0,1,,48.0,210,45,26,24,6,44,22,,3,4.46016,1.41043,8.23049,4.21733,1.95159,1.13248,0.20886,0.107021,0.10183925181627274,,0.245382,0.291647,0.706608,4.52833,181.40000000000003,3.7791666666666672,179.0,3.7291666666666665,-0.100618,-0.158475,0,999.0,/players/troy-taylor/31883/stats/pitching,P,11,11.0,AL,Troy Taylor,700187,31883,31883
TEX,Rangers,2,3,0,48,0,1,,48.0,212,47,27,25,7,42,23,,3,4.74714,1.4604,7.88962,4.35888,1.81001,1.29572,0.198433,0.109631,0.08880217373371124,,0.251529,0.290948,0.706687,4.83043,156.90000000000003,3.2687500000000007,159.0,3.3125,-0.101823,-0.115072,0,999.0,/players/robby-ahlstrom/30167/stats/pitching,P,13,13.0,AL,Robby Ahlstrom,695239,30167,30167
COL,Rockies,2,3,0,54,0,3,,54.0,240,59,33,31,8,39,21,,2,5.18054,1.48977,6.4732,3.55505,1.82084,1.33643,0.161713,0.0888123,0.07290109246969223,,0.27307,0.30123,0.680453,4.90832,168.80000000000004,3.1259259259259267,187.0,3.462962962962963,-0.124641,-0.0584628,0,743.47998046875,/players/zach-agnos/31552/stats/pitching,P,19,19.0,NL,Zach Agnos,688642,31552,31552
NYY,Yankees,3,3,0,56,0,5,,56.0,245,64,31,29,7,30,16,,4,4.60993,1.43109,4.77225,2.57424,1.85385,1.13862,0.121354,0.0654606,0.05589352548122406,,0.284966,0.303007,0.694721,4.73853,181.90000000000006,3.248214285714287,209.0,3.732142857142857,-0.16039,-0.120656,0,999.0,/players/tim-hill/16814/stats/pitching,P,9,9.0,AL,Tim Hill,657612,16814,16814
LAA,Angels,2,3,0,50,0,1,,50.0,220,53,30,28,8,42,19,,3,4.99184,1.43588,7.54097,3.3372,2.25967,1.49678,0.190324,0.0842265,0.10609742999076843,,0.267932,0.302516,0.694529,4.86862,155.8,3.116,168.0,3.36,-0.182921,-0.211166,0,999.0,/players/trevor-martin/31878/stats/pitching,P,1,1.0,AL,Trevor Martin,694680,31878,31878
MIA,Marlins,3,4,0,56,0,4,,56.0,252,53,32,29,8,58,32,,2,4.704,1.52207,9.30449,5.19883,1.78973,1.27469,0.229723,0.128356,0.10136672854423523,,0.243381,0.296785,0.722222,4.73404,208.2000000000001,3.7178571428571447,206.0,3.6785714285714284,-0.184803,-0.176604,0,999.0,/players/jack-ralston/26104/stats/pitching,P,20,20.0,NL,Jack Ralston,667652,26104,26104
LAA,Angels,3,4,0,61,2,5,,61.0,271,58,33,30,7,58,32,,4,4.4907,1.48159,8.56324,4.72319,1.81302,1.04198,0.214416,0.118265,0.09615175426006317,,0.248875,0.302827,0.711542,4.48199,252.50000000000006,4.139344262295083,252.0,4.131147540983607,-0.202384,-0.110519,0,999.0,/players/sam-bachman/29754/stats/pitching,P,1,1.0,AL,Sam Bachman,696147,29754,29754
WSN,Nationals,2,4,0,61,3,5,,61.0,276,62,38,35,8,58,33,,6,5.20069,1.5535,8.62634,4.84166,1.78169,1.21731,0.211765,0.118856,0.09290887415409088,,0.261302,0.315206,0.680887,4.86125,225.80000000000013,3.701639344262297,235.0,3.8524590163934427,-0.214129,-0.601265,0,999.0,/players/yovanny-cruz/22622/stats/pitching,P,24,24.0,NL,Yovanny Cruz,672442,22622,22622
WSN,Nationals,3,4,0,60,3,4,,60.0,268,60,34,32,7,49,30,,6,4.75689,1.49653,7.37677,4.51358,1.63435,1.04505,0.183676,0.112385,0.07129114866256714,,0.257415,0.3,0.692296,4.76193,222.89999999999998,3.7149999999999994,230.0,3.8333333333333335,-0.281218,-0.205103,0,999.0,/players/jack-sinclair/29945/stats/pitching,P,24,24.0,NL,Jack Sinclair,695378,29945,29945
WSN,Nationals,2,3,0,63,6,4,,63.0,283,62,37,34,8,55,35,,4,4.84085,1.53174,7.88411,4.98013,1.58311,1.13972,0.195043,0.123202,0.07184069603681564,,0.252117,0.295949,0.699702,4.82708,245.60000000000008,3.8984126984126997,250.0,3.9682539682539684,-0.338678,-0.420588,0,999.0,/players/erik-tolman/32065/stats/pitching,P,24,24.0,NL,Erik Tolman,680899,32065,32065
