Team,ShortName,G,AB,PA,H,1B,2B,3B,HR,R,RBI,BB,IBB,SO,HBP,SF,SH,GDP,SB,CS,AVG,OBP,SLG,OPS,wOBA,BB%,K%,BB/K,ISO,Spd,BABIP,UBR,GDPRuns,wRC,wRAA,UZR,wBsR,BaseRunning,WAR,Off,Def,wRC+,FPTS,FPTS_G,SPTS,SPTS_G,ADP,Pos,minpos,UPURL,positionDB,teamid,playerTeamId,League,PlayerName,xMLBAMID,playerids,playerid
CHC,Cubs,160,617,693,160,90,30,7,34,106,97,58,4,173,10,4,4,,37,9,0.259932,0.331226,0.497324,0.82855,0.355091,0.083117,0.249473,0.333171,0.237391,7.54353,0.304222,1.24821,,103.704,21.6476,17.3144,2.90478,4.153,6.99886,26.419862270355225,19.789411067962646,126.676,974.6,6.09125,974.6,6.09125,32.939998626708984,0.01572327,OF,/players/pete-crow-armstrong/27769/stats/batting,OF,17,17.0,NL,Pete Crow-Armstrong,691718,27769,27769
KCR,Royals,157,607,679,174,107,38,4,25,102,84,60,9,116,6,4,1,,39,10,0.286235,0.353732,0.485528,0.83926,0.35958,0.0887845,0.170835,0.51971,0.199292,6.57152,0.316237,1.86549,,104.072,23.6727,10.2794,2.60578,4.47127,6.99387,27.07395362854004,17.554373264312744,128.62,979.5,6.238853503,979.5,6.238853503,3.0999999046325684,0.02325581,SS,/players/bobby-witt-jr/25764/stats/batting,SS,7,7.0,AL,Bobby Witt Jr.,677951,25764,25764
HOU,Astros,160,576,693,174,100,34,1,39,107,104,101,25,120,10,5,1,,2,1,0.301195,0.410973,0.566166,0.977139,0.409429,0.145835,0.17249,0.845468,0.264971,2.63557,0.319075,-1.19483,,134.126,52.0689,-0.0341484,-0.948723,-2.14356,6.10683,52.27904725074768,-16.85914919152856,167.519,1203.3,7.520625,1203.3,7.520625,33.38999938964844,0.80582524,DH/OF,/players/yordan-alvarez/19556/stats/batting,DH/OF,21,21.0,AL,Yordan Alvarez,670541,19556,19556
CIN,Reds,157,599,679,161,95,32,6,28,102,87,71,3,180,3,4,2,,36,10,0.269053,0.347539,0.482776,0.830315,0.358449,0.10435,0.265762,0.392643,0.213723,6.9601,0.337456,1.74023,,103.452,23.0524,1.9351,2.39164,4.13187,5.58384,24.556281089782715,8.210097670555115,124.973,955.2,6.084076433,955.2,6.084076433,8.449999809265137,0.05245902,SS,/players/elly-de-la-cruz/26668/stats/batting,SS,18,18.0,NL,Elly De La Cruz,682829,26668,26668
SDP,Padres,160,607,693,169,107,31,2,29,104,85,72,5,131,7,5,2,,33,9,0.278881,0.35957,0.47918,0.83875,0.362957,0.10427,0.188623,0.552792,0.200298,5.70818,0.311126,0.65463,,108.108,26.0515,5.78492,1.81888,2.47351,5.32829,30.741326332092285,-0.9400763511657715,133.865,987.8,6.17375,987.8,6.17375,14.010000228881836,0.01212121,SS/OF,/players/fernando-tatis-jr/19709/stats/batting,SS/OF,29,29.0,NL,Fernando Tatis Jr.,665487,19709,19709
TBR,Rays,160,621,693,169,99,28,1,41,96,114,63,8,129,5,4,0,,5,2,0.272163,0.341452,0.51938,0.860832,0.366524,0.0909475,0.185851,0.489357,0.247217,3.22761,0.28086,-0.194278,,110.105,28.0485,-3.94847,-0.681495,-0.875773,5.21177,28.102235317230225,-1.4734687805175781,135.952,1005.6,6.285,1005.6,6.285,16.479999542236328,0.01892744,3B,/players/junior-caminero/28163/stats/batting,3B,12,12.0,AL,Junior Caminero,691406,28163,28163
NYM,Mets,146,505,630,138,82,20,2,34,100,91,117,13,101,3,4,2,,17,5,0.274139,0.41118,0.526225,0.937404,0.400749,0.186248,0.160723,1.15881,0.252086,4.8755,0.279407,-0.533176,,117.515,42.9175,-3.03889,0.394579,-0.138596,5.14363,43.32479779422283,-13.28888750076294,157.276,1035.1,7.089726027,1035.1,7.089726027,4.650000095367432,0.17100372,OF,/players/juan-soto/20123/stats/batting,OF,25,25.0,NL,Juan Soto,665742,20123,20123
SEA,Mariners,157,615,679,162,105,29,1,28,87,91,50,4,150,9,5,1,,24,6,0.263373,0.325194,0.448684,0.773878,0.33543,0.0730913,0.220541,0.331419,0.18531,5.0861,0.303803,0.584813,,90.8252,10.426,2.78559,1.4543,2.03911,4.92168,19.065059661865234,5.2105913162231445,121.559,851.0,5.420382165,851.0,5.420382165,9.489999771118164,0.02580645,OF,/players/julio-rodriguez/23697/stats/batting,OF,11,11.0,AL,Julio Rodríguez,677594,23697,23697
LAD,Dodgers,160,610,693,164,103,33,2,26,98,92,73,4,79,4,4,1,,7,3,0.269518,0.350031,0.45862,0.808651,0.352011,0.105858,0.113953,0.928965,0.189102,3.82639,0.271532,-0.122056,,101.981,19.9236,0.0487618,-0.636301,-0.758358,4.91315,18.250015556812286,7.473762009292841,122.772,895.8,5.59875,895.8,5.59875,60.58000183105469,0.0,OF,/players/mookie-betts/13611/stats/batting,OF,22,22.0,NL,Mookie Betts,605141,13611,13611
LAD,Dodgers,160,585,693,161,86,28,5,42,120,106,95,17,169,6,4,2,,20,5,0.275391,0.379677,0.554137,0.933814,0.392607,0.137441,0.244377,0.562412,0.278746,6.30876,0.315758,0.153495,,124.708,42.6509,0.0,1.0767,1.2302,4.90471,42.96591246128082,-17.325000762939453,150.0,1148.1,7.175625,1148.1,7.175625,1.2699999809265137,0.9125,DH,/players/shohei-ohtani/19755/stats/batting,DH,22,22.0,NL,Shohei Ohtani,660271,19755,19755
BAL,Orioles,152,579,658,147,88,29,5,25,88,77,66,3,142,7,4,1,,16,5,0.253456,0.335864,0.449551,0.785415,0.341656,0.100988,0.2151,0.469493,0.196095,5.93134,0.292873,1.48258,,91.3252,13.4126,-0.876889,0.394647,1.87723,4.8628,18.268571138381958,6.173110842704773,121.418,827.2,5.442105263,827.2,5.442105263,12.510000228881836,0.05466238,SS,/players/gunnar-henderson/26289/stats/batting,SS,2,2.0,AL,Gunnar Henderson,683002,26289,26289
SEA,Mariners,151,517,604,110,56,20,0,34,74,90,77,6,173,5,4,1,,5,2,0.211724,0.317232,0.445974,0.763206,0.330281,0.127427,0.286558,0.444681,0.234251,2.70284,0.240883,-1.17719,,78.2283,6.75714,2.7715,-0.507637,-1.68483,4.80001,10.939386487007141,10.196503162384033,117.982,726.5,4.811258278,726.5,4.811258278,18.729999542236328,0.21328671,C,/players/cal-raleigh/21534/stats/batting,C,11,11.0,AL,Cal Raleigh,663728,21534,21534
ARI,Diamondbacks,156,566,672,149,106,24,7,12,86,69,88,0,88,7,5,6,,22,8,0.264255,0.367409,0.39543,0.762839,0.341584,0.131268,0.130279,1.00758,0.131175,5.97183,0.291593,0.271717,,93.2296,13.6593,4.24607,0.177137,0.448854,4.69376,12.805757224559784,11.446074485778809,115.266,795.1,5.096794871,795.1,5.096794871,76.7699966430664,0.0,SS,/players/geraldo-perdomo/22799/stats/batting,SS,15,15.0,NL,Geraldo Perdomo,672695,22799,22799
DET,Tigers,154,574,665,153,100,30,5,18,90,75,82,1,93,4,4,2,,12,4,0.266392,0.358775,0.430908,0.789683,0.348472,0.122596,0.139765,0.87716,0.164516,4.89761,0.288139,0.429388,,95.9588,17.2173,0.610517,-0.545423,-0.116035,4.66455,17.860863268375397,4.3855167627334595,123.242,837.1,5.435714285,837.1,5.435714285,999.0,0.02564103,3B/SS,/players/kevin-mcgonigle/33572/stats/batting,3B/SS,6,6.0,AL,Kevin McGonigle,805808,33572,33572
HOU,Astros,160,592,693,148,91,28,1,28,82,94,78,0,106,17,5,0,,0,0,0.249995,0.351528,0.442802,0.79433,0.350149,0.11264,0.153529,0.733672,0.192807,2.00348,0.25921,-0.405631,,100.938,18.8808,-1.29739,-1.1917,-1.59733,4.61983,19.637226223945618,1.1776143312454224,126.345,871.9,5.449375,871.9,5.449375,243.60000610351562,0.082397,3B,/players/isaac-paredes/20036/stats/batting,3B,21,21.0,AL,Isaac Paredes,670623,20036,20036
MIL,Brewers,159,550,629,149,100,29,1,19,80,83,70,5,108,4,5,0,,4,2,0.270189,0.353214,0.431822,0.785036,0.343297,0.110507,0.171133,0.645736,0.161632,3.14676,0.301804,-0.583179,,88.1346,13.6558,1.18489,-0.891032,-1.47421,4.53156,11.922922849655151,12.53488802909851,117.683,776.8,4.885534591,776.8,4.885534591,56.560001373291016,0.14,C,/players/william-contreras/20503/stats/batting,C,23,23.0,NL,William Contreras,661388,20503,20503
ATL,Braves,160,587,693,160,101,27,2,31,111,87,92,4,146,8,4,2,,31,9,0.272778,0.37591,0.482735,0.858645,0.373781,0.132794,0.210615,0.630506,0.209957,5.6225,0.311876,1.14722,,114.168,32.1114,-4.37176,1.51492,2.66214,4.51468,33.60685181617737,-11.796764373779297,137.072,1023.8,6.39875,1023.8,6.39875,5.260000228881836,0.08910891,OF,/players/ronald-acuna-jr/18401/stats/batting,OF,16,16.0,NL,Ronald Acuña Jr.,660670,18401,18401
CLE,Guardians,160,611,693,160,97,36,2,25,95,88,71,15,85,4,5,1,,38,8,0.261112,0.339649,0.447524,0.787173,0.336273,0.102433,0.12259,0.835573,0.186412,5.71653,0.265675,0.106205,,93.1697,11.1128,1.72608,3.48965,3.59585,4.47567,16.397825241088867,3.001076340675354,115.883,910.6,5.69125,910.6,5.69125,6.28000020980835,0.17957746,3B,/players/jose-ramirez/13510/stats/batting,3B,5,5.0,AL,José Ramírez,608070,13510,13510
SDP,Padres,160,637,693,167,104,31,6,27,87,93,45,3,151,4,4,3,,18,5,0.2618,0.312224,0.453697,0.765921,0.330163,0.0642468,0.218356,0.29423,0.191898,5.7772,0.302271,1.32567,,89.7489,7.69201,6.92097,0.703588,2.02926,4.46616,11.937599658966064,9.395967483520508,111.87,843.3,5.270625,843.3,5.270625,70.79000091552734,0.00369004,OF,/players/jackson-merrill/29490/stats/batting,OF,29,29.0,NL,Jackson Merrill,701538,29490,29490
NYM,Mets,157,600,679,149,92,26,3,27,96,81,63,1,129,11,3,2,,16,4,0.24914,0.329809,0.440537,0.770346,0.337174,0.0930741,0.189993,0.489881,0.191396,5.47969,0.273244,-0.410065,,91.7814,11.3822,2.68908,0.722662,0.312597,4.46194,12.283200651407242,9.464077711105347,114.637,821.9,5.235031847,821.9,5.235031847,25.350000381469727,0.01509434,SS,/players/francisco-lindor/12916/stats/batting,SS,25,25.0,NL,Francisco Lindor,596019,12916,12916
ARI,Diamondbacks,146,521,594,152,104,30,1,16,74,78,62,1,94,5,6,0,,6,3,0.291203,0.367841,0.44691,0.814752,0.357271,0.103725,0.157631,0.658028,0.155707,3.39484,0.325328,0.25361,,89.936,19.6015,3.30809,-1.02206,-0.768453,4.46172,17.68184322118759,5.558093786239624,125.788,777.3,5.323972602,777.3,5.323972602,181.22000122070312,0.15492958,C,/players/gabriel-moreno/22664/stats/batting,C,15,15.0,NL,Gabriel Moreno,672515,22664,22664
BOS,Red Sox,146,505,576,127,78,31,2,16,66,70,64,1,91,3,4,1,,1,0,0.251427,0.336019,0.415793,0.751812,0.33115,0.110374,0.157636,0.700181,0.164366,2.65789,0.27533,-0.427877,,75.0559,6.85272,4.02745,-0.82278,-1.25066,4.45219,4.929680585861206,15.277450561523438,109.225,660.8,4.526027397,660.8,4.526027397,148.92999267578125,0.18947368,C,/players/adley-rutschman/26288/stats/batting,C,3,3.0,AL,Adley Rutschman,668939,26288,26288
TEX,Rangers,156,582,672,146,87,30,3,26,91,82,79,2,152,6,4,1,,22,6,0.250444,0.344135,0.446773,0.790907,0.345866,0.117994,0.226642,0.52062,0.196328,5.40084,0.293223,0.514161,,95.5543,15.984,5.21391,0.878561,1.39272,4.36244,20.317100524902344,-1.2860889434814453,124.212,864.1,5.539102564,864.1,5.539102564,37.75,0.03370787,OF,/players/wyatt-langford/33333/stats/batting,OF,13,13.0,AL,Wyatt Langford,694671,33333,33333
ATL,Braves,159,647,686,182,117,35,3,26,85,94,28,1,131,5,4,2,,18,5,0.280949,0.313549,0.466545,0.780094,0.336207,0.0410888,0.190817,0.215331,0.185596,5.25443,0.314954,0.436562,,92.192,10.9639,6.7096,0.735629,1.17219,4.32155,10.981168746948242,9.159598112106323,111.871,854.4,5.373584905,854.4,5.373584905,99.06999969482422,0.00967742,OF,/players/michael-harris-ii/25931/stats/batting,OF,16,16.0,NL,Michael Harris II,671739,25931,25931
HOU,Astros,160,635,693,170,114,30,3,23,93,76,39,1,139,13,4,3,,18,4,0.267703,0.320727,0.431808,0.752534,0.328778,0.0559031,0.201282,0.277736,0.164105,5.34385,0.308551,0.844206,,88.9733,6.91643,-0.853049,0.740242,1.58445,4.27486,10.854622721672058,6.571951627731323,111.501,816.3,5.101875,816.3,5.101875,122.9800033569336,0.01687764,SS,/players/jeremy-pena/21636/stats/batting,SS,21,21.0,AL,Jeremy Peña,665161,21636,21636
ARI,Diamondbacks,154,577,665,143,77,28,14,25,99,86,72,3,146,9,5,2,,28,6,0.248606,0.338716,0.47643,0.815146,0.351163,0.108782,0.219114,0.49646,0.227824,7.7676,0.287221,2.50471,,97.4046,18.6631,5.15512,2.37542,4.88013,4.26667,22.25447702407837,-1.969879150390625,121.691,899.2,5.838961038,899.2,5.838961038,14.100000381469727,0.02333333,OF,/players/corbin-carroll/25878/stats/batting,OF,15,15.0,NL,Corbin Carroll,682998,25878,25878
TEX,Rangers,139,527,602,133,80,25,0,27,79,78,65,8,125,5,4,1,,3,0,0.25185,0.337423,0.455493,0.792917,0.341835,0.107702,0.206834,0.520718,0.203643,2.57906,0.278022,-0.95559,,83.6402,12.3585,0.650644,-0.477812,-1.4334,4.14842,13.559141755104065,5.850643754005432,121.412,759.8,5.46618705,759.8,5.46618705,95.08999633789062,0.05418719,SS,/players/corey-seager/13624/stats/batting,SS,13,13.0,AL,Corey Seager,608369,13624,13624
MIL,Brewers,160,608,693,157,105,31,3,18,91,81,76,2,159,2,4,3,,25,6,0.258697,0.341268,0.40741,0.748678,0.33066,0.110085,0.228926,0.480876,0.148712,5.59487,0.32019,0.514171,,90.0273,7.97036,4.74275,1.45702,1.97119,4.01215,9.656554698944092,7.217753887176514,109.207,812.1,5.075625,812.1,5.075625,48.18000030517578,0.0,2B,/players/brice-turang/22186/stats/batting,2B,23,23.0,NL,Brice Turang,668930,22186,22186
LAA,Angels,156,594,672,144,83,31,3,27,92,78,56,2,184,16,3,3,,26,10,0.241786,0.32213,0.43868,0.76081,0.332037,0.0828894,0.274265,0.302224,0.196894,5.91008,0.302471,0.447796,,88.0468,8.47647,-2.54673,0.274936,0.722732,4.00767,11.143309593200684,4.40327000617981,113.332,810.6,5.196153846,810.6,5.196153846,32.29999923706055,0.01067616,SS,/players/zach-neto/31347/stats/batting,SS,1,1.0,AL,Zach Neto,687263,31347,31347
LAD,Dodgers,154,522,608,133,85,24,1,22,79,79,71,2,114,10,5,1,,2,1,0.255305,0.352549,0.435837,0.788386,0.346605,0.117401,0.187096,0.627492,0.180532,2.81441,0.284064,-1.0879,,86.8166,14.8243,-0.12522,-0.890987,-1.97889,3.97044,12.042491912841797,11.749779835343361,119.146,748.9,4.862987012,748.9,4.862987012,95.69000244140625,0.02325581,C,/players/will-smith/19197/stats/batting,C,22,22.0,NL,Will Smith,669257,19197,19197
CHW,White Sox,160,592,693,144,84,32,2,26,95,84,88,3,127,7,5,1,,15,3,0.242592,0.344965,0.435147,0.780113,0.342244,0.126715,0.183323,0.691212,0.192555,4.62768,0.264543,-0.0205286,,96.5126,14.4557,-4.74627,0.617208,0.596679,3.94111,16.7197887301445,-2.5712687969207764,120.003,868.1,5.425625,868.1,5.425625,303.0899963378906,0.03076923,3B,/players/miguel-vargas/20178/stats/batting,3B,4,4.0,AL,Miguel Vargas,678246,20178,20178
ARI,Diamondbacks,149,567,644,151,91,32,3,26,90,83,64,5,98,7,4,1,,5,1,0.266398,0.346203,0.468366,0.814569,0.352086,0.0998489,0.152283,0.65568,0.201969,4.23802,0.280165,-0.0287272,,94.8085,18.5536,0.481225,-0.339575,-0.368302,3.93588,16.937232226133347,0.78122478723526,122.31,852.6,5.722147651,852.6,5.722147651,32.63999938964844,0.17358491,2B,/players/ketel-marte/13613/stats/batting,2B,15,15.0,NL,Ketel Marte,606466,13613,13613
BAL,Orioles,157,591,679,154,87,29,1,38,92,103,69,6,157,13,5,1,,4,1,0.26061,0.34861,0.503625,0.852235,0.365971,0.102338,0.231735,0.441615,0.243015,2.81807,0.29003,-1.34274,,107.578,27.1786,-1.51134,-0.691158,-2.0339,3.88384,28.218518495559692,-14.136341214179993,138.307,969.2,6.173248407,969.2,6.173248407,24.440000534057617,0.06481481,1B,/players/pete-alonso/19251/stats/batting,1B,2,2.0,AL,Pete Alonso,624413,19251,19251
NYY,Yankees,159,614,686,163,105,30,4,25,91,93,62,2,105,3,5,1,,14,5,0.264513,0.33256,0.444531,0.777091,0.338362,0.0907184,0.15276,0.593862,0.180017,4.88964,0.281185,0.237587,,93.386,12.158,7.33545,-0.10969,0.127897,3.86856,13.698567748069763,-0.01454782485961914,117.008,851.2,5.353459119,851.2,5.353459119,80.98999786376953,0.00296736,OF,/players/cody-bellinger/15998/stats/batting,OF,9,9.0,AL,Cody Bellinger,641355,15998,15998
PHI,Phillies,160,588,693,159,93,35,2,29,93,95,95,5,149,4,6,0,,10,4,0.269519,0.371674,0.482425,0.8541,0.369956,0.136967,0.214872,0.637434,0.212907,3.86898,0.311718,0.0600663,,112.027,29.9699,-1.75929,-0.880266,-0.8202,3.80464,25.37047976255417,-10.534286737442017,131.377,992.7,6.204375,992.7,6.204375,47.900001525878906,0.0472973,OF,/players/bryce-harper/11579/stats/batting,OF,26,26.0,NL,Bryce Harper,547180,11579,11579
STL,Cardinals,146,548,630,138,99,21,1,16,83,62,63,2,106,13,3,2,,14,2,0.251511,0.341255,0.382279,0.723534,0.323492,0.10072,0.167761,0.600374,0.130768,4.88966,0.283354,0.2835,,78.1948,3.59765,9.5292,0.822464,1.10596,3.79776,4.987839698791504,11.829204320907593,105.116,690.8,4.731506849,690.8,4.731506849,999.0,0.0,2B,/players/jj-wetherholt/34985/stats/batting,2B,28,28.0,NL,JJ Wetherholt,802139,34985,34985
CHC,Cubs,160,619,693,144,92,26,3,23,90,85,64,1,170,4,5,2,,19,4,0.2329,0.305934,0.397956,0.70389,0.309628,0.0917774,0.245316,0.374119,0.165056,5.68139,0.280548,0.849072,,78.2527,-3.80426,8.18187,1.41112,2.26019,3.78895,-0.924788236618042,15.606873512268066,96.1844,725.0,4.53125,725.0,4.53125,152.30999755859375,0.00352113,SS,/players/dansby-swanson/18314/stats/batting,SS,17,17.0,NL,Dansby Swanson,621020,18314,18314
LAD,Dodgers,154,602,665,157,98,31,2,26,85,91,47,1,139,10,5,2,,13,6,0.261508,0.322868,0.450819,0.773687,0.336531,0.0705379,0.208573,0.338193,0.18931,4.57526,0.297072,0.333152,,89.5436,10.8021,3.57949,-0.642702,-0.30955,3.78654,9.61434382200241,5.95448637008667,112.39,801.8,5.206493506,801.8,5.206493506,133.4199981689453,0.00301205,OF,/players/andy-pages/24816/stats/batting,OF,22,22.0,NL,Andy Pages,681624,24816,24816
MIL,Brewers,160,633,693,173,107,36,2,27,100,92,50,4,151,4,4,2,,25,7,0.273066,0.327583,0.466197,0.79378,0.342306,0.0718286,0.21814,0.329278,0.193131,5.61059,0.317512,0.908288,,96.5468,14.4899,5.7895,1.11998,2.02827,3.78036,16.233198881149292,-1.635495662689209,117.018,895.3,5.595625,895.3,5.595625,19.3799991607666,0.01038062,OF,/players/jackson-chourio/28806/stats/batting,OF,23,23.0,NL,Jackson Chourio,694192,28806,28806
MIA,Marlins,149,589,644,166,120,28,6,12,79,67,42,1,90,6,6,2,,24,6,0.281465,0.332576,0.408737,0.741313,0.325109,0.064799,0.139474,0.464594,0.127272,6.17317,0.312515,0.630551,,80.7734,4.51849,4.66432,1.28575,1.91631,3.77009,4.525706768035889,11.564323425292969,103.364,741.6,4.977181208,741.6,4.977181208,229.16000366210938,0.00664452,2B/SS,/players/otto-lopez/19608/stats/batting,2B/SS,20,20.0,NL,Otto Lopez,672640,19608,19608
NYY,Yankees,154,535,608,115,68,22,1,24,67,73,61,2,154,6,4,2,,6,1,0.214341,0.300073,0.39441,0.694484,0.305896,0.100671,0.253357,0.397351,0.18007,3.65453,0.250836,-0.265401,,66.8212,-5.17102,0.00123661,-0.0484628,-0.313864,3.74426,-4.232827365398407,11.876236605457962,94.4582,613.7,3.985064935,613.7,3.985064935,246.13999938964844,0.00408163,C,/players/austin-wells/27562/stats/batting,C,9,9.0,AL,Austin Wells,669224,27562,27562
BOS,Red Sox,151,607,651,160,103,34,4,19,81,78,29,1,136,9,4,3,,21,8,0.263542,0.304239,0.424782,0.729021,0.316975,0.0439328,0.208324,0.210887,0.16124,5.92555,0.30922,0.727957,,77.374,0.290254,10.8143,0.0563298,0.784287,3.71883,0.31461113691329956,13.139288187026978,99.3797,720.5,4.771523178,720.5,4.771523178,125.02999877929688,0.0,OF,/players/ceddanne-rafaela/24262/stats/batting,OF,3,3.0,AL,Ceddanne Rafaela,678882,24262,24262
DET,Tigers,139,508,558,124,76,25,2,21,64,75,34,1,132,11,4,1,,1,0,0.243473,0.30254,0.423617,0.726157,0.316664,0.0609699,0.237196,0.257045,0.180144,2.72181,0.286477,0.147387,,66.133,0.10852,4.63841,-0.733519,-0.586132,3.71787,0.15930116176605225,11.788411140441895,101.149,604.6,4.349640287,604.6,4.349640287,254.6199951171875,0.12030075,C,/players/dillon-dingler/27464/stats/batting,C,6,6.0,AL,Dillon Dingler,693307,27464,27464
CLE,Guardians,159,598,686,166,128,26,3,8,86,54,75,1,65,5,4,4,,14,4,0.278286,0.361583,0.375322,0.736905,0.330803,0.10946,0.0944938,1.15839,0.097036,4.91747,0.298958,0.637149,,89.1971,7.96909,0.890323,0.0358163,0.672965,3.68228,10.314155042171478,1.540322482585907,112.083,754.7,4.74654088,754.7,4.74654088,169.60000610351562,0.02023121,OF,/players/steven-kwan/24610/stats/batting,OF,5,5.0,AL,Steven Kwan,680757,24610,24610
CHC,Cubs,159,596,686,151,95,30,2,24,87,88,75,2,99,10,5,1,,3,1,0.252986,0.343819,0.431214,0.775033,0.340631,0.109082,0.144697,0.753868,0.178228,2.96214,0.264993,-0.514243,,94.6436,13.4156,2.19848,-0.913145,-1.42739,3.66066,12.6012042760849,1.0484838485717773,116.978,831.5,5.229559748,831.5,5.229559748,119.16999816894531,0.05185185,3B,/players/alex-bregman/17678/stats/batting,3B,17,17.0,NL,Alex Bregman,608324,17678,17678
TOR,Blue Jays,100,351,398,95,68,14,0,12,41,50,42,3,50,3,3,0,,1,0,0.270556,0.349854,0.413774,0.763628,0.335331,0.104904,0.124578,0.842076,0.143218,1.73475,0.284425,-1.15687,,53.2057,6.07921,2.90159,-0.501402,-1.65827,3.64509,5.454594016075134,10.051592111587524,115.365,471.3,4.713,471.3,4.713,160.25,0.05,C,/players/alejandro-kirk/22581/stats/batting,C,14,14.0,AL,Alejandro Kirk,672386,22581,22581
NYY,Yankees,160,598,693,150,82,27,3,38,103,98,81,2,158,9,4,2,,4,2,0.251583,0.346733,0.500593,0.847326,0.365385,0.116512,0.228592,0.509696,0.24901,4.18168,0.276617,-0.351779,,109.468,27.4108,-0.0937659,-0.777969,-1.12975,3.61946,27.70816469192505,-16.718765921890736,135.778,966.6,6.04125,966.6,6.04125,53.189998626708984,0.50175439,1B/DH,/players/ben-rice/29576/stats/batting,1B/DH,9,9.0,AL,Ben Rice,700250,29576,29576
TOR,Blue Jays,152,575,658,163,108,31,0,23,88,86,71,7,88,6,5,1,,6,3,0.283144,0.365014,0.460397,0.825411,0.35813,0.107564,0.133916,0.803217,0.177253,2.98611,0.297675,-0.37341,,100.083,22.1701,0.729088,-0.866678,-1.24009,3.55208,22.63893759250641,-11.070911705493927,131.201,877.9,5.775657894,877.9,5.775657894,18.049999237060547,0.13289037,1B,/players/vladimir-guerrero-jr/19611/stats/batting,1B,14,14.0,AL,Vladimir Guerrero Jr.,665489,19611,19611
DET,Tigers,156,592,672,159,96,33,3,27,87,94,69,3,179,5,5,0,,3,2,0.26764,0.346999,0.47051,0.817509,0.354298,0.103209,0.266686,0.387005,0.20287,3.49983,0.335729,-0.124443,,100.132,20.5614,-0.0444508,-0.894305,-1.01875,3.55146,20.31022012233734,-9.244450565427542,127.289,887.1,5.686538461,887.1,5.686538461,78.4800033569336,0.13114754,OF,/players/riley-greene/25976/stats/batting,OF,6,6.0,AL,Riley Greene,682985,25976,25976
SDP,Padres,159,605,686,154,110,27,1,15,76,70,70,2,123,6,5,1,,20,3,0.254374,0.334486,0.379346,0.713832,0.31757,0.101636,0.17916,0.567295,0.124972,4.75688,0.293813,0.315699,,81.8633,0.635257,0.429628,1.64976,1.96546,3.55117,4.794662117958069,7.779627501964569,103.424,740.0,4.65408805,740.0,4.65408805,237.1999969482422,0.03832753,SS,/players/xander-bogaerts/12161/stats/batting,SS,29,29.0,NL,Xander Bogaerts,593428,12161,12161
PIT,Pirates,149,563,644,139,83,25,3,28,88,86,71,5,202,5,3,1,,38,8,0.245894,0.334284,0.447637,0.781921,0.33982,0.110818,0.312915,0.354149,0.201743,6.45199,0.328423,0.417403,,88.4272,12.1723,-0.835798,3.17182,3.58922,3.54592,12.424083709716797,1.46420156955719,111.39,846.0,5.677852348,846.0,5.677852348,92.93000030517578,0.04932735,SS/OF,/players/oneil-cruz/21711/stats/batting,SS/OF,27,27.0,NL,Oneil Cruz,665833,21711,21711
SDP,Padres,159,612,686,151,94,27,0,29,84,94,66,4,140,2,6,1,,8,3,0.246195,0.318904,0.433975,0.752879,0.327076,0.0959515,0.204262,0.469747,0.18778,3.19196,0.270933,-0.753303,,87.1315,5.90343,2.48671,-0.47817,-1.23147,3.4726,6.865904688835144,4.936708450317383,109.8,795.3,5.001886792,795.3,5.001886792,37.52000045776367,0.10410095,3B,/players/manny-machado/11493/stats/batting,3B,29,29.0,NL,Manny Machado,592518,11493,11493
WSN,Nationals,151,550,651,144,81,31,2,29,98,82,91,8,187,4,4,2,,18,6,0.261116,0.367991,0.48331,0.851301,0.367388,0.140188,0.287572,0.487489,0.222193,4.96477,0.33914,0.256839,,103.887,26.803,-1.13752,0.421939,0.678778,3.46817,25.009554028511047,-12.112522006034851,131.029,932.7,6.176821192,932.7,6.176821192,37.790000915527344,0.21666667,OF,/players/james-wood/29518/stats/batting,OF,24,24.0,NL,James Wood,695578,29518,29518
LAD,Dodgers,146,532,630,123,68,24,1,30,85,85,85,4,158,8,3,1,,3,1,0.230355,0.343844,0.448793,0.792636,0.346417,0.135607,0.250099,0.542212,0.218438,3.21339,0.266152,-0.783801,,89.8623,15.2651,-1.94015,-0.478091,-1.26189,3.4581,13.171147227287292,0.30985140800476074,119.02,796.0,5.452054794,796.0,5.452054794,234.3699951171875,0.00819672,1B/3B,/players/max-muncy/13301/stats/batting,1B/3B,22,22.0,NL,Max Muncy,571970,13301,13301
CHC,Cubs,159,596,686,155,92,31,3,28,93,92,80,3,170,5,4,1,,5,2,0.259224,0.348869,0.463072,0.81194,0.353075,0.116355,0.247862,0.469434,0.203848,3.88448,0.31381,-0.643859,,101.54,20.3121,1.34581,-0.851166,-1.49502,3.45461,19.430060863494873,-7.804193139076233,125.324,901.1,5.667295597,901.1,5.667295597,113.43000030517578,0.45360825,DH/OF,/players/seiya-suzuki/30116/stats/batting,DH/OF,17,17.0,NL,Seiya Suzuki,673548,30116,30116
BOS,Red Sox,157,596,679,152,102,34,2,15,82,74,54,1,82,20,5,5,,26,8,0.255042,0.334686,0.391059,0.725744,0.323025,0.079392,0.121404,0.653948,0.136017,5.49945,0.272956,0.376093,,84.0204,3.62116,3.20516,0.929537,1.30563,3.44422,4.134177565574646,5.630161285400391,103.582,755.2,4.810191082,755.2,4.810191082,219.8300018310547,0.0,3B,/players/caleb-durbin/29646/stats/batting,3B,3,3.0,AL,Caleb Durbin,702332,29646,29646
CHC,Cubs,160,631,693,174,131,31,2,9,76,69,45,1,62,10,5,1,,26,6,0.274781,0.330487,0.375626,0.706112,0.313626,0.0644741,0.0896342,0.719303,0.100844,5.29369,0.290454,0.871877,,80.491,-1.56592,7.07773,1.50964,2.38152,3.41789,1.4348836541175842,9.602734565734863,98.8659,726.9,4.543125,726.9,4.543125,101.93000030517578,0.0,2B/SS,/players/nico-hoerner/21479/stats/batting,2B/SS,17,17.0,NL,Nico Hoerner,663538,21479,21479
CHW,White Sox,157,591,679,152,112,27,1,13,80,63,71,0,126,9,4,3,,10,3,0.257754,0.344347,0.37088,0.715227,0.321679,0.10478,0.186035,0.563228,0.113126,3.71076,0.305597,-0.238942,,83.2823,2.88308,3.23346,-0.505556,-0.744498,3.41025,3.7722816467285156,5.658459424972534,105.719,717.0,4.56687898,717.0,4.56687898,646.8699951171875,0.0,2B/SS,/players/chase-meidroth/31580/stats/batting,2B/SS,4,4.0,AL,Chase Meidroth,805367,31580,31580
ATL,Braves,160,606,693,153,85,33,1,35,93,98,76,4,167,5,5,0,,2,0,0.252271,0.338195,0.4812,0.819395,0.353238,0.110161,0.241597,0.455969,0.22893,2.65223,0.288832,-0.802153,,102.667,20.6105,5.05823,-0.615111,-1.41726,3.38451,18.02653992176056,-7.316770076751709,123.294,928.0,5.8,928.0,5.8,48.0099983215332,0.0,1B,/players/matt-olson/14344/stats/batting,1B,16,16.0,NL,Matt Olson,621566,14344,14344
LAA,Angels,141,501,609,119,71,22,1,25,82,67,94,10,172,9,3,1,,7,1,0.236497,0.364409,0.431872,0.796281,0.348209,0.154333,0.281958,0.547362,0.195375,3.56077,0.304137,-0.735921,,87.7485,15.6379,-1.9717,-0.0975641,-0.833485,3.37543,16.566281974315643,-4.996695637702942,124.565,789.4,5.59858156,789.4,5.59858156,178.44000244140625,0.51481481,OF,/players/mike-trout/10155/stats/batting,OF,1,1.0,AL,Mike Trout,545361,10155,10155
BOS,Red Sox,159,587,686,151,95,31,5,19,94,71,88,1,173,5,4,2,,8,3,0.256251,0.356032,0.425568,0.781601,0.345324,0.127808,0.252651,0.505869,0.169317,4.87433,0.329147,0.559401,,97.2446,16.0165,2.8125,-0.711754,-0.152353,3.36375,15.06337907910347,-6.337502956390381,119.07,841.4,5.291823899,841.4,5.291823899,50.75,0.3046875,DH/OF,/players/roman-anthony/31812/stats/batting,DH/OF,3,3.0,AL,Roman Anthony,701350,31812,31812
BOS,Red Sox,160,610,693,151,86,35,3,27,86,89,73,4,157,3,5,1,,10,4,0.246718,0.328255,0.445283,0.773539,0.335762,0.105979,0.225976,0.468982,0.198566,4.32346,0.286323,-0.0927748,,92.8832,10.8263,6.27055,-0.616994,-0.709769,3.33069,9.307593524456024,-1.1544523239135742,112.428,843.8,5.27375,843.8,5.27375,199.89999389648438,0.03018868,OF,/players/wilyer-abreu/23772/stats/batting,OF,3,3.0,AL,Wilyer Abreu,677800,23772,23772
BOS,Red Sox,149,550,644,141,83,29,2,27,81,91,66,2,163,23,4,1,,5,2,0.256631,0.357963,0.465098,0.823062,0.360186,0.101851,0.253097,0.402418,0.208468,3.76519,0.313445,-0.822684,,99.0226,22.7677,1.01897,-0.920486,-1.74317,3.26981,20.272793292999268,-10.981027364730835,129.392,859.8,5.770469798,859.8,5.770469798,168.1999969482422,0.06415094,C,/players/willson-contreras/11609/stats/batting,C,3,3.0,AL,Willson Contreras,575929,11609,11609
KCR,Royals,143,555,616,149,103,31,4,10,75,66,54,0,93,2,4,2,,20,6,0.267688,0.331857,0.394325,0.726182,0.321216,0.0870748,0.150404,0.578938,0.126638,5.59944,0.303403,0.659776,,75.3242,2.38475,5.50632,0.371195,1.03097,3.25629,2.4449429512023926,7.706324815750122,101.974,675.3,4.722377622,675.3,4.722377622,63.150001525878906,0.02723735,3B,/players/maikel-garcia/22715/stats/batting,3B,7,7.0,AL,Maikel Garcia,672580,22715,22715
LAD,Dodgers,159,586,686,148,90,27,3,27,97,93,90,4,108,4,5,1,,17,3,0.253123,0.353676,0.450447,0.804122,0.351148,0.131357,0.157501,0.834007,0.197323,5.30731,0.265772,-0.0773651,,100.472,19.2439,-2.58129,1.27109,1.19372,3.24838,19.53162705898285,-9.931288003921509,122.193,897.9,5.647169811,897.9,5.647169811,13.130000114440918,0.06643357,OF,/players/kyle-tucker/18345/stats/batting,OF,22,22.0,NL,Kyle Tucker,663656,18345,18345
CHW,White Sox,146,500,576,120,84,20,1,16,72,64,64,0,158,7,4,2,,6,2,0.240953,0.332828,0.378342,0.71117,0.318578,0.11107,0.273747,0.405737,0.137389,3.78264,0.317217,-0.175246,,69.2058,1.00263,-1.70977,-0.458306,-0.633552,3.23207,1.7549526691436768,9.540233254432678,103.565,604.9,4.143150684,604.9,4.143150684,266.8800048828125,0.13043478,C,/players/kyle-teel/33549/stats/batting,C,4,4.0,AL,Kyle Teel,691019,33549,33549
NYY,Yankees,133,506,574,119,74,18,2,24,73,74,59,2,158,4,4,1,,36,9,0.235066,0.317204,0.425279,0.742484,0.324164,0.102177,0.274645,0.372033,0.190214,6.15704,0.288195,0.731551,,71.5559,3.58957,1.16679,2.48868,3.22023,3.21239,7.991833686828613,3.2167898416519165,107.147,681.8,5.126315789,681.8,5.126315789,19.520000457763672,0.00374532,2B/OF,/players/jazz-chisholm-jr/20454/stats/batting,2B/OF,9,9.0,AL,Jazz Chisholm Jr.,665862,20454,20454
CLE,Guardians,117,415,461,91,62,16,2,11,46,48,38,0,124,2,3,3,,3,0,0.220084,0.286676,0.347792,0.634468,0.28243,0.0819649,0.268881,0.304836,0.127708,3.81083,0.282992,-0.484602,,41.908,-12.6545,6.99641,-0.205059,-0.689661,3.15411,-12.22100979089737,15.996411323547363,78.4845,381.5,3.26068376,381.5,3.26068376,747.8900146484375,0.00416667,C,/players/patrick-bailey/27478/stats/batting,C,5,5.0,AL,Patrick Bailey,672275,27478,27478
NYM,Mets,152,604,658,167,117,30,2,18,77,81,45,1,113,3,5,1,,4,2,0.276682,0.327941,0.423898,0.751839,0.328947,0.0686565,0.17219,0.398725,0.147215,3.14138,0.311617,0.121829,,84.5696,6.65703,2.67662,-1.03352,-0.911695,3.14976,6.315527081489563,3.226619780063629,109.119,744.8,4.9,744.8,4.9,92.86000061035156,0.04248366,SS,/players/bo-bichette/19612/stats/batting,SS,25,25.0,NL,Bo Bichette,666182,19612,19612
TBR,Rays,126,432,500,113,83,17,1,12,56,58,52,1,64,11,4,1,,2,0,0.261289,0.351962,0.386553,0.738515,0.330075,0.103935,0.127854,0.812921,0.125264,3.02851,0.280591,-0.751302,,64.6923,5.51188,-3.41499,-0.495328,-1.24663,3.13127,4.935648322105408,6.035012245178223,110.635,561.4,4.455555555,561.4,4.455555555,748.5399780273438,0.24806202,C,/players/liam-hicks/29844/stats/batting,C,12,12.0,AL,Liam Hicks,689414,29844,29844
LAD,Dodgers,160,607,693,172,113,37,2,21,90,88,72,6,126,8,5,1,,7,2,0.283782,0.364483,0.454995,0.819478,0.356645,0.104168,0.18125,0.574718,0.171213,3.77268,0.324337,-0.833212,,104.575,22.5179,-0.366222,-0.212971,-1.04618,3.08981,20.556504368782043,-12.741222351789474,125.88,920.0,5.75,920.0,5.75,67.87999725341797,0.00334448,1B,/players/freddie-freeman/5361/stats/batting,1B,22,22.0,NL,Freddie Freeman,518692,5361,5361
CLE,Guardians,154,597,665,147,98,31,3,15,75,72,49,0,109,10,5,4,,19,7,0.245694,0.311605,0.381079,0.692684,0.306916,0.073483,0.164547,0.446577,0.135385,5.2591,0.276398,-0.228477,,73.6341,-5.10742,3.40523,-0.0471582,-0.275635,3.08864,-3.7621455788612366,10.530231952667236,95.4923,667.7,4.335714285,667.7,4.335714285,999.0,0.0,SS,/players/brayan-rocchio/23690/stats/batting,SS,5,5.0,AL,Brayan Rocchio,677587,23690,23690
SEA,Mariners,144,534,623,134,83,28,1,22,86,71,63,1,151,21,4,1,,23,7,0.25022,0.350138,0.428028,0.778166,0.344243,0.101877,0.242346,0.420377,0.177808,5.29078,0.306776,-0.443839,,87.7698,14.0015,-4.97844,0.676654,0.232815,3.07641,20.28992661833763,-12.153436183929443,127.68,786.2,5.459722222,786.2,5.459722222,89.37999725341797,0.02229299,OF,/players/randy-arozarena/19290/stats/batting,OF,11,11.0,AL,Randy Arozarena,668227,19290,19290
WSN,Nationals,154,596,665,151,91,31,4,26,90,87,49,3,143,14,5,1,,33,7,0.253263,0.322222,0.447324,0.769546,0.333811,0.074235,0.214591,0.345937,0.194061,6.60478,0.2898,0.720196,,88.0824,9.3409,-6.71916,2.68084,3.40104,3.02838,10.216511249542236,-2.0941624641418457,108.509,838.8,5.446753246,838.8,5.446753246,65.0,0.04,SS,/players/cj-abrams/25768/stats/batting,SS,24,24.0,NL,CJ Abrams,682928,25768,25768
PHI,Phillies,160,634,693,167,114,31,3,19,95,72,48,1,135,6,4,2,,25,5,0.264078,0.319101,0.412749,0.73185,0.320777,0.0686405,0.19478,0.3524,0.148672,6.09437,0.306362,1.45502,,84.4944,2.43748,-2.44075,2.09294,3.54796,3.0262,2.206269145011902,4.9842517375946045,98.3926,782.3,4.889375,782.3,4.889375,26.780000686645508,0.01013514,SS,/players/trea-turner/16252/stats/batting,SS,26,26.0,NL,Trea Turner,607208,16252,16252
TOR,Blue Jays,146,560,630,133,77,27,0,29,75,90,58,3,149,8,4,1,,2,1,0.238268,0.316659,0.443457,0.760116,0.330214,0.0927475,0.237002,0.391337,0.205189,1.98695,0.270987,-0.494361,,81.6161,7.01888,-1.37728,-0.880285,-1.37465,2.99646,7.280419111251831,-0.17727673053741455,111.812,734.7,5.03219178,734.7,5.03219178,999.0,0.01875,3B,/players/kazuma-okamoto/37123/stats/batting,3B,14,14.0,AL,Kazuma Okamoto,672960,37123,37123
PHI,Phillies,151,578,651,148,101,29,5,13,75,69,62,1,107,4,4,3,,26,4,0.255378,0.329958,0.390882,0.72084,0.319405,0.0958154,0.164722,0.581681,0.135504,6.01692,0.290923,0.603351,,78.6518,1.56808,3.71268,2.56848,3.17183,2.89092,1.1897780895233154,6.037684202194214,97.4723,721.8,4.78013245,721.8,4.78013245,181.44000244140625,0.0,2B,/players/bryson-stott/26294/stats/batting,2B,26,26.0,NL,Bryson Stott,681082,26294,26294
CHW,White Sox,159,571,686,125,68,19,1,38,93,94,103,8,232,7,4,1,,6,4,0.219024,0.343754,0.452924,0.796678,0.345951,0.150799,0.338347,0.445691,0.2339,3.25127,0.286716,-0.0455815,,97.5921,16.364,-0.42416,-1.22501,-1.27059,2.8897,16.74399423599243,-12.674160420894623,122.578,877.2,5.516981132,877.2,5.516981132,999.0,0.048,1B,/players/munetaka-murakami/37120/stats/batting,1B,4,4.0,AL,Munetaka Murakami,808959,37120,37120
CLE,Guardians,146,546,630,129,82,27,4,16,77,68,70,1,152,9,5,1,,18,6,0.236282,0.329463,0.388964,0.718427,0.319611,0.110519,0.24143,0.457769,0.152683,5.78911,0.295323,0.3645,,76.2192,1.62203,1.10242,0.324526,0.689026,2.88405,3.846651017665863,2.15241801738739,104.309,682.3,4.673287671,682.3,4.673287671,999.0,0.08870968,2B,/players/travis-bazzana/34967/stats/batting,2B,5,5.0,AL,Travis Bazzana,683953,34967,34967
TOR,Blue Jays,138,541,595,134,94,26,2,12,61,65,30,2,106,17,4,3,,22,5,0.248376,0.305493,0.370467,0.67596,0.298621,0.0498735,0.178096,0.280036,0.122091,5.22523,0.285992,-0.0797203,,61.8957,-8.55722,6.26421,1.57389,1.49417,2.87203,-5.517754793167114,12.63920783996582,89.8678,577.8,4.186956521,577.8,4.186956521,412.2200012207031,0.0,2B/SS,/players/andres-gimenez/19950/stats/batting,2B/SS,14,14.0,AL,Andrés Giménez,665926,19950,19950
CLE,Guardians,149,571,644,158,102,34,3,19,78,79,66,1,100,2,4,1,,10,3,0.276023,0.350864,0.445003,0.795867,0.3486,0.102603,0.154586,0.663729,0.168981,4.37059,0.303575,-0.0745899,,92.9951,16.7402,0.444211,-0.243162,-0.317752,2.86709,17.992128938436508,-12.655789375305176,124.445,822.7,5.52147651,822.7,5.52147651,999.0,0.46875,DH/OF,/players/chase-delauter/32127/stats/batting,DH/OF,5,5.0,AL,Chase DeLauter,800050,32127,32127
PIT,Pirates,147,577,637,152,106,27,5,14,89,70,39,0,157,14,4,3,,36,9,0.26342,0.32382,0.399522,0.723342,0.319202,0.0616384,0.245855,0.25071,0.136101,7.20452,0.336558,0.537118,,76.8561,1.43006,0.217455,2.34775,2.88487,2.8526,1.013805866241455,6.292455300688744,97.5614,714.8,4.862585034,714.8,4.862585034,999.0,0.05,SS,/players/konnor-griffin/35376/stats/batting,SS,27,27.0,NL,Konnor Griffin,804606,35376,35376
TBR,Rays,160,614,693,178,125,30,1,22,91,81,64,4,102,8,5,2,,3,1,0.289476,0.361935,0.448885,0.81082,0.354175,0.0927945,0.146871,0.631808,0.159409,3.03725,0.315021,-0.860385,,103.192,21.1347,-0.00788108,-0.944775,-1.80516,2.81379,20.259126663208008,-17.182880317792296,127.374,901.2,5.6325,901.2,5.6325,138.63999938964844,0.87868852,1B/3B/DH,/players/yandy-diaz/16578/stats/batting,1B/3B/DH,12,12.0,AL,Yandy Díaz,650490,16578,16578
TBR,Rays,159,598,686,158,107,28,0,22,84,86,70,3,171,11,5,1,,1,1,0.264676,0.350259,0.42566,0.775919,0.341342,0.102475,0.248778,0.411911,0.160984,1.88119,0.331004,-1.57605,,95.0375,13.8094,3.22782,-1.21948,-2.79553,2.75653,11.93405795097351,-9.17217755317688,118.461,816.9,5.137735849,816.9,5.137735849,195.60000610351562,0.06225681,1B,/players/jonathan-aranda/21837/stats/batting,1B,12,12.0,AL,Jonathan Aranda,666018,21837,21837
ARI,Diamondbacks,143,556,616,140,89,26,1,23,71,82,48,3,106,7,4,1,,4,1,0.252005,0.318249,0.428438,0.746688,0.325397,0.0784098,0.172636,0.454192,0.176434,3.20776,0.271916,-0.387685,,77.405,4.46547,2.45838,-0.471429,-0.859114,2.73876,2.4125245809555054,4.458383798599243,104.409,695.1,4.86083916,695.1,4.86083916,638.0599975585938,0.04247104,3B,/players/nolan-arenado/9777/stats/batting,3B,15,15.0,NL,Nolan Arenado,571448,9777,9777
MIN,Twins,134,503,581,138,96,28,3,11,76,58,55,1,89,17,5,2,,22,6,0.27371,0.360801,0.407589,0.76839,0.341946,0.0940702,0.15277,0.615764,0.133879,5.94069,0.310406,0.578545,,80.7747,11.9796,-2.64628,0.801245,1.37979,2.72731,14.267438769340515,-8.071284294128418,119.071,712.5,5.317164179,712.5,5.317164179,114.8499984741211,0.03883495,2B/OF,/players/luke-keaschall/33321/stats/batting,2B/OF,8,8.0,AL,Luke Keaschall,807712,33321,33321
MIN,Twins,126,442,508,109,66,24,2,17,60,63,54,2,100,9,3,1,,2,1,0.246081,0.337241,0.423323,0.760564,0.334604,0.105692,0.19723,0.535881,0.177242,3.11462,0.279562,-0.523894,,67.6391,7.46402,-3.41184,-0.634096,-1.15799,2.72538,7.100332021713257,1.8381643295288086,113.971,599.2,4.755555555,599.2,4.755555555,298.05999755859375,0.17647059,C,/players/ryan-jeffers/24618/stats/batting,C,8,8.0,AL,Ryan Jeffers,680777,24618,24618
ATL,Braves,159,597,672,162,107,27,1,27,88,85,62,2,133,8,4,2,,2,1,0.270677,0.34473,0.454101,0.79883,0.348944,0.0916303,0.198511,0.461589,0.183424,2.90071,0.305996,-0.396719,,97.1674,17.6444,-0.523072,-0.831934,-1.22865,2.68642,15.285068273544312,-10.47307163476944,120.414,859.0,5.402515723,859.0,5.402515723,78.62999725341797,0.28185328,C/DH,/players/drake-baldwin/31539/stats/batting,C/DH,16,16.0,NL,Drake Baldwin,686948,31539,31539
SEA,Mariners,149,549,644,129,91,23,1,15,74,56,80,1,124,7,4,4,,4,2,0.234502,0.337426,0.35727,0.694696,0.313872,0.124352,0.193135,0.643859,0.122768,2.98944,0.275841,-0.111211,,74.9272,-1.32766,-7.32122,-0.9094,-1.02061,2.67914,3.9114937782287598,-0.4212150573730469,106.585,649.8,4.361073825,649.8,4.361073825,748.5399780273438,0.00362319,SS,/players/jp-crawford/15491/stats/batting,SS,11,11.0,AL,J.P. Crawford,641487,15491,15491
STL,Cardinals,134,522,581,128,90,25,2,10,65,57,46,0,115,6,5,2,,11,4,0.244779,0.311074,0.359254,0.670328,0.298838,0.0794562,0.198736,0.399808,0.114474,4.9215,0.293605,0.740043,,60.541,-8.25419,8.47861,-0.0590374,0.681005,2.676,-7.3110626339912415,14.703612804412842,88.5797,538.4,4.017910447,538.4,4.017910447,364.7799987792969,0.0,SS,/players/masyn-winn/27479/stats/batting,SS,28,28.0,NL,Masyn Winn,691026,27479,27479
CHC,Cubs,160,597,693,147,89,29,3,27,87,89,80,3,166,11,5,1,,4,1,0.246324,0.343536,0.437321,0.780856,0.342428,0.115203,0.239563,0.480888,0.190996,3.6579,0.294584,-0.840478,,96.6154,14.5585,2.49141,-0.714249,-1.55473,2.67484,13.62308418750763,-9.883587837219238,118.183,859.0,5.36875,859.0,5.36875,106.45999908447266,0.00638978,1B,/players/michael-busch/26319/stats/batting,1B,17,17.0,NL,Michael Busch,683737,26319,26319
TEX,Rangers,149,588,644,148,97,31,3,17,72,75,42,0,152,7,5,2,,15,5,0.251918,0.30691,0.400078,0.706988,0.310266,0.0657822,0.235785,0.278992,0.14816,5.03458,0.30973,-0.210047,,73.0515,-3.20345,1.15394,0.13218,-0.0778677,2.6588,-0.4634545296430588,3.7539435625076294,99.4852,669.1,4.490604026,669.1,4.490604026,999.0,0.00986842,3B,/players/ezequiel-duran/23733/stats/batting,3B,13,13.0,AL,Ezequiel Duran,677649,23733,23733
KCR,Royals,130,467,529,112,65,25,2,20,68,63,54,1,143,3,4,2,,4,1,0.240452,0.320381,0.432774,0.753156,0.328769,0.101812,0.26985,0.377293,0.192323,4.4612,0.299514,0.0477281,,67.9654,5.28005,0.458481,-0.226124,-0.178396,2.60056,4.267352893948555,1.7584812641143799,107.22,607.9,4.676153846,607.9,4.676153846,999.0,0.30538922,C/DH,/players/carter-jensen/29478/stats/batting,C/DH,7,7.0,AL,Carter Jensen,695600,29478,29478
MIL,Brewers,138,520,595,127,81,28,4,14,75,66,64,2,187,6,3,3,,19,8,0.245362,0.332893,0.396088,0.72898,0.32251,0.106801,0.314722,0.339352,0.150725,6.10061,0.353462,0.539489,,73.3785,2.92556,0.901796,-0.187544,0.351945,2.58664,3.0328182876110077,3.026796340942383,103.741,650.5,4.713768115,650.5,4.713768115,691.1699829101562,0.01785714,OF,/players/garrett-mitchell/27555/stats/batting,OF,23,23.0,NL,Garrett Mitchell,669003,27555,27555
DET,Tigers,130,492,560,122,84,21,5,12,70,58,57,1,113,5,3,2,,12,2,0.247522,0.329865,0.382865,0.71273,0.316761,0.101835,0.201083,0.506434,0.135343,5.69655,0.295658,0.0405,,66.4612,0.152561,1.71864,0.528701,0.569201,2.5379,1.361417531967163,3.7186429500579834,101.216,596.6,4.589230769,596.6,4.589230769,999.0,0.0,OF,/players/maxwell-clark/33381/stats/batting,OF,6,6.0,AL,Max Clark,703601,33381,33381
PHI,Phillies,160,573,693,129,65,20,1,43,102,98,105,6,206,8,5,2,,5,2,0.224483,0.35003,0.487492,0.837521,0.361565,0.151945,0.296767,0.512,0.263009,3.37709,0.260325,-1.44858,,107.329,25.2724,0.0,-0.635699,-2.08428,2.50628,19.408966541290283,-17.325000762939453,125.749,960.2,6.00125,960.2,6.00125,24.690000534057617,0.94357367,DH/OF,/players/kyle-schwarber/16478/stats/batting,DH/OF,26,26.0,NL,Kyle Schwarber,656941,16478,16478
SEA,Mariners,156,609,672,162,114,29,0,20,74,83,53,5,92,6,4,1,,25,6,0.266365,0.328653,0.410408,0.73906,0.323346,0.0783349,0.137285,0.570602,0.144042,4.29478,0.284725,-1.0408,,83.3282,3.75782,1.77672,1.47496,0.434152,2.47578,10.723904818296432,-10.223283529281616,113.165,778.0,4.987179487,778.0,4.987179487,67.45999908447266,0.06644518,1B,/players/josh-naylor/18839/stats/batting,1B,11,11.0,AL,Josh Naylor,647304,18839,18839
ATL,Braves,123,425,486,90,53,19,0,18,53,56,48,1,135,9,3,1,,1,0,0.211865,0.303132,0.385639,0.688772,0.305464,0.0981977,0.276735,0.354844,0.173775,2.18018,0.261238,-0.169383,,53.2872,-4.30654,2.79782,-0.564245,-0.733628,2.44541,-5.859059691429138,12.29782223701477,91.2516,476.2,3.871544715,476.2,3.871544715,746.0599975585938,0.06896552,C,/players/sean-murphy/19352/stats/batting,C,16,16.0,NL,Sean Murphy,669221,19352,19352
MIN,Twins,125,488,539,121,85,19,2,15,63,60,36,0,113,11,4,1,,11,3,0.248026,0.310912,0.387419,0.69833,0.308894,0.0661612,0.209569,0.3157,0.139393,5.17596,0.292135,0.081,,60.5433,-3.27871,1.07814,0.350304,0.431304,2.43851,-2.0049602687358856,6.853141903877258,96.1139,550.6,4.4048,550.6,4.4048,999.0,0.0,SS,/players/kaelen-culpepper/35111/stats/batting,SS,8,8.0,AL,Kaelen Culpepper,701785,35111,35111
ATL,Braves,160,623,693,151,94,28,2,27,82,86,54,1,199,9,5,1,,7,2,0.242303,0.310307,0.42288,0.733187,0.320271,0.0783393,0.287139,0.272827,0.180577,4.15756,0.309128,-0.115649,,84.2109,2.15394,-1.53518,-0.440428,-0.556076,2.43369,0.43115293979644775,0.9398196935653687,101.183,765.7,4.785625,765.7,4.785625,59.36000061035156,0.0,3B,/players/austin-riley/18360/stats/batting,3B,16,16.0,NL,Austin Riley,663586,18360,18360
KCR,Royals,136,535,588,143,88,28,2,26,75,82,41,2,139,8,3,0,,6,2,0.267814,0.327587,0.471174,0.798761,0.345381,0.0701592,0.236579,0.296557,0.203359,3.98478,0.31477,0.296446,,83.3792,13.7552,-3.11489,-0.328595,-0.0321497,2.43036,12.796378694474697,-9.76488971710205,118.758,755.6,5.555882352,755.6,5.555882352,164.58999633789062,0.08837209,OF,/players/jac-caglianone/35041/stats/batting,OF,7,7.0,AL,Jac Caglianone,695506,35041,35041
TEX,Rangers,152,584,658,148,96,30,3,19,77,72,60,1,147,9,4,1,,8,2,0.253199,0.329956,0.412415,0.742371,0.326893,0.090842,0.223766,0.405969,0.159216,4.39109,0.305388,-0.0515615,,83.4781,5.56547,-0.234627,-0.0853128,-0.136874,2.42755,8.307721078395844,-7.784626796841621,111.034,744.1,4.895394736,744.1,4.895394736,145.4600067138672,0.04126984,OF,/players/brandon-nimmo/12927/stats/batting,OF,13,13.0,AL,Brandon Nimmo,607043,12927,12927
PIT,Pirates,134,519,581,128,75,24,1,27,76,76,52,1,159,4,4,1,,3,1,0.245725,0.316971,0.450845,0.767816,0.333285,0.0895643,0.273493,0.327484,0.20512,3.21632,0.29844,-0.262124,,76.7092,7.91402,0.657865,-0.510646,-0.772769,2.41848,4.130345463752747,0.7328647375106812,107.006,697.8,5.207462686,697.8,5.207462686,187.57000732421875,0.07092199,2B,/players/brandon-lowe/18882/stats/batting,2B,27,27.0,NL,Brandon Lowe,664040,18882,18882
STL,Cardinals,154,602,665,165,108,31,2,25,80,94,52,2,108,5,4,1,,5,1,0.274778,0.33587,0.453903,0.789773,0.343234,0.078569,0.161687,0.485932,0.179126,3.33967,0.296916,-0.683744,,93.1449,14.4035,0.383253,-0.417126,-1.10087,2.40614,13.602599620819092,-11.591747403144836,118.357,836.0,5.428571428,836.0,5.428571428,175.19000244140625,0.08143322,1B/OF,/players/alec-burleson/27615/stats/batting,1B/OF,28,28.0,NL,Alec Burleson,676475,27615,27615
HOU,Astros,159,620,686,160,108,29,2,21,84,76,55,2,127,6,4,1,,10,4,0.258021,0.321654,0.412617,0.734271,0.321648,0.0797347,0.185235,0.430453,0.154596,4.02808,0.291543,-0.390941,,84.1236,2.89559,-7.22406,-0.599348,-0.99029,2.40011,4.235267400741577,-4.974055767059326,106.549,759.7,4.777987421,759.7,4.777987421,116.5199966430664,0.18791946,2B,/players/jose-altuve/5417/stats/batting,2B,21,21.0,AL,Jose Altuve,514888,5417,5417
CHW,White Sox,136,524,588,108,60,20,1,27,67,80,49,2,192,10,3,1,,2,1,0.206391,0.285685,0.401977,0.687661,0.300722,0.0836185,0.327362,0.255432,0.195586,3.10508,0.264418,-0.229594,,62.1655,-7.45857,3.26788,-0.672382,-0.901976,2.3734,-6.945801138877869,9.417881965637207,91.1627,576.3,4.2375,576.3,4.2375,254.75,0.02822581,SS,/players/colson-montgomery/29712/stats/batting,SS,4,4.0,AL,Colson Montgomery,695657,29712,29712
MIA,Marlins,138,506,595,118,78,21,6,13,71,57,71,0,124,10,3,4,,29,11,0.232363,0.336478,0.373169,0.709647,0.318792,0.119629,0.207994,0.575154,0.140806,6.4687,0.281127,0.64156,,71.5915,1.13858,1.01316,0.471051,1.11261,2.33881,0.4873502254486084,3.1381590366363525,99.1276,639.4,4.633333333,639.4,4.633333333,137.0800018310547,0.00930233,OF,/players/jakob-marsee/31370/stats/batting,OF,20,20.0,NL,Jakob Marsee,805300,31370,31370
HOU,Astros,113,423,448,115,77,20,1,16,50,58,18,0,75,3,3,1,,1,1,0.271868,0.30463,0.4423,0.74693,0.323221,0.0408353,0.167805,0.24335,0.170433,2.71597,0.29475,-0.0525928,,55.507,2.46011,-1.8025,-0.736724,-0.789316,2.33242,3.1924046874046326,6.947502374649048,107.641,497.2,4.4,497.2,4.4,113.04000091552734,0.1440678,C,/players/yainer-diaz/23003/stats/batting,C,21,21.0,AL,Yainer Diaz,673237,23003,23003
MIL,Brewers,130,504,560,128,88,24,4,12,65,60,44,0,103,4,4,4,,13,5,0.253453,0.315459,0.387431,0.70289,0.310287,0.0785493,0.183684,0.427634,0.133977,5.46975,0.29498,0.254888,,63.5325,-2.77615,4.61198,-0.227876,0.0270116,2.3153,-2.979431191459298,7.511977195739746,95.5428,572.7,4.405384615,572.7,4.405384615,743.4400024414062,0.0,3B/SS,/players/joey-ortiz/25493/stats/batting,3B/SS,23,23.0,NL,Joey Ortiz,687401,25493,25493
TOR,Blue Jays,131,512,567,139,102,24,1,12,64,61,41,1,85,6,4,4,,4,2,0.271744,0.330631,0.394852,0.725483,0.320659,0.0714613,0.150644,0.474372,0.123108,3.12439,0.303781,-0.00116467,,69.0774,1.93992,5.6632,-0.988311,-0.989475,2.31179,2.423016309738159,0.18819856643676758,105.175,597.5,4.561068702,597.5,4.561068702,999.0,0.00332226,OF,/players/nathan-lukes/18123/stats/batting,OF,14,14.0,AL,Nathan Lukes,664770,18123,18123
SEA,Mariners,138,531,595,129,89,22,4,14,66,65,49,0,102,9,4,2,,6,4,0.243127,0.315508,0.379135,0.694643,0.308526,0.0815378,0.17159,0.475191,0.136008,4.32326,0.274455,0.0912671,,66.6569,-3.79597,-1.90108,-1.03542,-0.944148,2.30654,1.0433680415153503,0.5239195823669434,102.872,583.8,4.230434782,583.8,4.230434782,704.2899780273438,0.0,2B,/players/cole-young/31680/stats/batting,2B,11,11.0,AL,Cole Young,702284,31680,31680
ATH,Athletics,139,540,602,130,79,25,2,25,80,77,50,0,168,6,3,2,,20,5,0.241648,0.311592,0.432072,0.743664,0.325046,0.0834759,0.278838,0.299371,0.190424,5.51964,0.301726,0.460728,,75.475,4.19328,1.59435,1.2105,1.67123,2.27144,1.330062448978424,-0.35565006732940674,99.5127,698.9,5.028057553,698.9,5.028057553,999.0,0.01265823,2B,/players/zack-gelof/29766/stats/batting,2B,10,10.0,AL,Zack Gelof,680869,29766,29766
MIN,Twins,120,472,518,110,62,20,5,22,63,70,36,1,118,6,3,1,,8,2,0.232894,0.293146,0.440595,0.733741,0.317037,0.0691903,0.228261,0.303119,0.207701,5.80998,0.26158,0.267339,,61.592,0.256582,0.840294,0.111512,0.378852,2.25962,1.4450545012950897,2.390294373035431,101.77,572.9,4.774166666,572.9,4.774166666,700.7000122070312,0.00311526,1B/2B,/players/kody-clemens/20572/stats/batting,1B/2B,8,8.0,AL,Kody Clemens,665019,20572,20572
ATH,Athletics,123,473,532,122,84,21,4,13,66,56,42,0,165,11,3,2,,25,7,0.257376,0.33139,0.401892,0.733282,0.32491,0.0797888,0.310569,0.256912,0.144516,6.51812,0.364213,0.324,,66.6407,3.64751,1.95507,1.54604,1.87004,2.25211,1.5103616118431091,1.7550677359104156,99.4187,603.0,4.902439024,603.0,4.902439024,999.0,0.00769231,OF,/players/henry-bolte/31448/stats/batting,OF,10,10.0,AL,Henry Bolte,703607,31448,31448
MIA,Marlins,120,430,474,99,64,17,1,17,54,61,33,0,123,5,3,2,,2,1,0.229148,0.289328,0.391517,0.680845,0.298815,0.0701763,0.260631,0.269255,0.162369,3.31074,0.278253,0.0,,49.3413,-6.73686,2.11533,-0.360118,-0.360118,2.24948,-8.500934541225433,11.36533498764038,85.7292,454.2,3.785,454.2,3.785,999.0,0.0,C,/players/joe-mack/29780/stats/batting,C,20,20.0,NL,Joe Mack,691788,29780,29780
MIA,Marlins,122,464,525,130,103,18,5,4,58,46,52,2,73,2,4,3,,21,5,0.279782,0.352059,0.366941,0.719,0.320829,0.0991203,0.138953,0.713338,0.0871582,5.88274,0.321084,0.634897,,64.0326,1.86828,0.988746,1.11682,1.75172,2.23964,2.063675969839096,2.8637461066246033,100.493,570.2,4.673770491,570.2,4.673770491,182.42999267578125,0.01079137,2B/SS,/players/xavier-edwards/22266/stats/batting,2B/SS,20,20.0,NL,Xavier Edwards,669364,22266,22266
CHC,Cubs,141,521,609,121,70,28,2,21,77,72,78,3,159,6,3,1,,6,2,0.231948,0.335776,0.41481,0.750586,0.330844,0.127572,0.260933,0.48891,0.182862,3.8711,0.289016,-0.311864,,79.2052,7.09458,2.07534,-0.504455,-0.816319,2.23725,6.822481632232666,-4.649659872055054,110.414,704.4,4.99574468,704.4,4.99574468,184.86000061035156,0.0295082,OF,/players/ian-happ/17919/stats/batting,OF,17,17.0,NL,Ian Happ,664023,17919,17919
DET,Tigers,128,478,553,122,87,21,1,13,69,55,67,2,100,4,3,2,,3,1,0.255879,0.349337,0.3862,0.735537,0.328459,0.120507,0.180755,0.666687,0.130322,2.88843,0.295911,-0.856902,,70.8565,5.37676,-2.5624,-0.840676,-1.69758,2.21161,4.310842037200928,-2.1873998641967773,109.342,609.9,4.76484375,609.9,4.76484375,261.510009765625,0.12133891,2B,/players/gleyber-torres/16997/stats/batting,2B,6,6.0,AL,Gleyber Torres,650402,16997,16997
CIN,Reds,157,608,679,160,101,30,0,29,88,97,59,3,143,6,6,1,,15,5,0.262328,0.330113,0.453921,0.784034,0.34004,0.0865932,0.210694,0.410991,0.191593,3.86394,0.295777,-0.542376,,93.3537,12.9545,1.71695,-0.104939,-0.647315,2.20409,9.679191410541534,-10.108052611351013,112.626,857.1,5.459235668,857.1,5.459235668,161.8699951171875,0.05555556,1B/3B,/players/sal-stewart/31505/stats/batting,1B/3B,18,18.0,NL,Sal Stewart,701398,31505,31505
NYM,Mets,141,546,609,143,98,23,4,17,77,70,51,1,130,8,3,1,,17,5,0.262097,0.33214,0.415016,0.747156,0.328616,0.0837544,0.213758,0.391819,0.152918,5.53862,0.313022,0.324,,78.1092,5.99859,0.576792,0.47981,0.80381,2.19745,7.330130457878113,-5.548207700252533,108.897,699.4,4.960283687,699.4,4.960283687,999.0,0.00606061,OF,/players/carson-benge/35177/stats/batting,OF,25,25.0,NL,Carson Benge,701807,35177,35177
SDP,Padres,159,611,686,160,107,30,1,21,75,83,46,1,137,22,6,1,,2,1,0.261389,0.332963,0.4175,0.750463,0.330432,0.0675892,0.200149,0.337694,0.15611,2.62131,0.302652,-0.49286,,88.9914,7.76336,2.87037,-0.933715,-1.42658,2.1845,8.530733942985535,-9.379628419876099,112.051,780.1,4.906289308,780.1,4.906289308,999.0,0.03041825,1B,/players/ty-france/17982/stats/batting,1B,29,29.0,NL,Ty France,664034,17982,17982
MIL,Brewers,133,482,574,115,67,22,2,25,77,78,83,3,162,5,4,1,,13,4,0.238842,0.354137,0.445964,0.800101,0.350511,0.14481,0.282291,0.512984,0.207122,4.77138,0.302186,-0.385525,,83.7729,15.8065,-2.16875,-0.0914003,-0.476925,2.1725,15.093570530414581,-12.418750762939453,122.521,749.7,5.636842105,749.7,5.636842105,999.0,0.04032258,1B/OF,/players/jake-bauers/15194/stats/batting,1B/OF,23,23.0,NL,Jake Bauers,641343,15194,15194
MIA,Marlins,139,558,602,153,102,33,6,11,65,70,35,1,54,2,4,3,,14,7,0.273492,0.317359,0.414335,0.731693,0.318899,0.058672,0.0903774,0.649188,0.140843,5.17553,0.284903,0.253488,,72.4859,1.20414,2.37223,-0.926353,-0.672864,2.16787,-1.2533132433891296,2.972230315208435,99.1995,650.1,4.676978417,650.1,4.676978417,999.0,0.0,3B,/players/javier-sanoja/28253/stats/batting,3B,20,20.0,NL,Javier Sanoja,691594,28253,28253
SEA,Mariners,128,500,553,127,77,25,2,23,66,75,44,2,121,4,4,1,,4,1,0.252981,0.31684,0.446747,0.763587,0.330976,0.0796351,0.218062,0.365194,0.193766,3.67968,0.288375,-0.394085,,71.9808,6.50108,-0.537179,-0.619127,-1.01321,2.14823,10.863100528717041,-9.36217874288559,118.465,660.1,5.15703125,660.1,5.15703125,477.1600036621094,0.47247706,DH/OF,/players/dominic-canzone/26438/stats/batting,DH/OF,11,11.0,AL,Dominic Canzone,686527,26438,26438
MIN,Twins,146,581,630,145,96,26,3,20,70,75,39,1,104,4,4,1,,7,3,0.248638,0.298923,0.407085,0.706007,0.308201,0.0623089,0.165482,0.376529,0.158447,4.17644,0.269699,-0.326252,,70.4124,-4.18474,0.600527,-0.693278,-1.01953,2.14405,-4.219597697257996,2.95052707195282,95.6328,645.4,4.420547945,645.4,4.420547945,542.5700073242188,0.00316456,3B/SS,/players/brooks-lee/31595/stats/batting,3B/SS,8,8.0,AL,Brooks Lee,686797,31595,31595
BAL,Orioles,141,566,609,140,81,30,2,26,70,88,29,1,163,9,4,1,,3,2,0.246854,0.291656,0.445061,0.736717,0.318078,0.0474807,0.267551,0.177464,0.198208,3.17835,0.298262,-0.0721913,,72.9246,0.813948,-1.39362,-0.984705,-1.0569,2.11047,2.513973116874695,-3.3686152696609497,105.041,674.9,4.786524822,674.9,4.786524822,999.0,0.04395604,1B/3B,/players/christian-encarnacion-strand/30011/stats/batting,1B/3B,2,2.0,AL,Christian Encarnacion-Strand,687952,30011,30011
NYY,Yankees,47,164,203,45,24,8,0,13,34,34,35,6,53,2,1,0,,3,1,0.274769,0.405818,0.570495,0.976313,0.409432,0.173296,0.262057,0.661294,0.295726,3.86108,0.320237,-0.324438,,39.2898,15.2529,0.576454,-0.117232,-0.44167,2.07957,15.229256302118301,-1.99854576587677,166.371,347.3,7.389361702,347.3,7.389361702,1.850000023841858,0.29032258,OF,/players/aaron-judge/15640/stats/batting,OF,9,9.0,AL,Aaron Judge,592450,15640,15640
TOR,Blue Jays,133,501,574,127,101,19,2,5,68,41,62,0,127,4,3,4,,15,4,0.253638,0.338029,0.330849,0.668878,0.304475,0.107664,0.221544,0.485971,0.0772102,4.96012,0.327848,0.162,,62.4257,-5.54061,1.68026,0.408884,0.570884,2.06623,-3.4789734482765198,3.430264949798584,93.9339,539.0,4.052631578,539.0,4.052631578,999.0,0.0,OF,/players/brett-bateman/33312/stats/batting,OF,14,14.0,AL,Brett Bateman,703520,33312,33312
MIN,Twins,133,509,574,124,81,25,4,15,67,63,53,0,120,7,3,2,,14,4,0.243933,0.321883,0.393304,0.715188,0.317004,0.0918136,0.209833,0.437556,0.149371,5.30596,0.290053,-0.0053136,,68.2353,0.268954,-3.20203,0.251422,0.246108,2.05696,1.4122099429368973,-1.5520280599594116,101.747,617.1,4.639849624,617.1,4.639849624,999.0,0.03846154,OF,/players/walker-jenkins/33571/stats/batting,OF,8,8.0,AL,Walker Jenkins,805805,33571,33571
STL,Cardinals,141,514,600,132,90,23,1,18,78,66,63,3,117,18,4,1,,8,2,0.257557,0.356295,0.409889,0.766184,0.340155,0.105462,0.194843,0.54127,0.152332,4.1232,0.299179,-0.111834,,82.5478,11.5029,-0.278803,-0.113258,-0.225093,2.03247,11.54848137497902,-11.003803610801697,116.291,719.4,5.102127659,719.4,5.102127659,178.42999267578125,0.73507463,C/DH,/players/ivan-herrera/20599/stats/batting,C/DH,28,28.0,NL,Iván Herrera,671056,20599,20599
CHW,White Sox,128,473,553,124,90,23,4,7,74,53,48,1,88,25,3,4,,21,6,0.26247,0.35837,0.374517,0.732887,0.330659,0.0865863,0.159605,0.542502,0.112047,6.53962,0.307179,0.359944,,71.8395,6.35979,-3.11646,0.774163,1.13411,1.9835,8.824432492256165,-8.941455841064453,111.956,618.8,4.834375,618.8,4.834375,999.0,0.01910828,OF,/players/sam-antonacci/35101/stats/batting,OF,4,4.0,AL,Sam Antonacci,803011,35101,35101
LAD,Dodgers,139,544,602,132,89,24,3,16,75,69,40,0,116,12,4,3,,12,3,0.243451,0.306894,0.387541,0.694434,0.306906,0.0660461,0.192915,0.342359,0.14409,5.42675,0.280145,0.172668,,66.6531,-4.62867,2.45584,0.540075,0.712743,1.98215,-4.710972845554352,4.605842351913452,92.5201,602.7,4.335971223,602.7,4.335971223,730.1199951171875,0.01005025,2B,/players/tommy-edman/19470/stats/batting,2B,22,22.0,NL,Tommy Edman,669242,19470,19470
TOR,Blue Jays,141,573,609,153,109,32,2,10,65,61,25,1,59,4,5,3,,7,2,0.267641,0.299923,0.385026,0.684949,0.299566,0.0404003,0.0967647,0.417511,0.117385,4.21441,0.28126,0.438054,,63.817,-8.29367,1.20098,-0.314417,0.123637,1.93151,-6.58838177472353,3.975976347923279,90.5241,576.7,4.090070921,576.7,4.090070921,337.67999267578125,0.0,2B/3B,/players/ernie-clement/20352/stats/batting,2B/3B,14,14.0,AL,Ernie Clement,676391,20352,20352
COL,Rockies,133,492,538,121,64,24,3,31,71,83,37,1,150,5,4,0,,4,2,0.246381,0.303702,0.492768,0.796469,0.340716,0.0689656,0.279389,0.246844,0.246386,4.1034,0.287251,-0.293832,,74.2617,10.5581,-3.35227,-0.777014,-1.07085,1.90953,0.5542421340942383,0.29773378372192383,102.508,691.7,5.200751879,691.7,5.200751879,67.36000061035156,0.27758007,C,/players/hunter-goodman/29715/stats/batting,C,19,19.0,NL,Hunter Goodman,696100,29715,29715
COL,Rockies,134,512,581,132,88,27,3,13,70,62,57,2,127,7,4,1,,6,1,0.258742,0.339641,0.402177,0.741818,0.327587,0.0986042,0.218353,0.451581,0.143435,4.63144,0.317797,0.020449,,74.0347,5.23955,2.31889,-0.150659,-0.13021,1.9087,-4.537627220153809,4.393891334533691,93.702,645.4,4.81641791,645.4,4.81641791,999.0,0.00581395,3B,/players/kyle-karros/33252/stats/batting,3B,19,19.0,NL,Kyle Karros,691720,33252,33252
CHW,White Sox,128,495,553,120,78,26,4,12,62,58,45,1,107,7,3,2,,9,4,0.243247,0.313333,0.384058,0.69739,0.30848,0.0813855,0.194172,0.419142,0.140811,4.80421,0.285998,-0.0538471,,61.9312,-3.54859,0.704935,-0.641954,-0.695801,1.90033,-2.9138598442077637,1.9799352884292603,96.5515,549.9,4.29609375,549.9,4.29609375,999.0,0.0,OF,/players/tristan-peters/30063/stats/batting,OF,4,4.0,AL,Tristan Peters,671976,30063,30063
CIN,Reds,141,536,609,119,74,24,2,19,74,65,59,1,168,7,4,3,,21,5,0.222119,0.306183,0.380258,0.686441,0.304691,0.0972931,0.275755,0.352825,0.158139,5.48626,0.283573,0.0893517,,66.3383,-5.77228,3.11139,1.3292,1.41855,1.89136,-6.710832238197327,5.486385822296143,88.9176,613.9,4.353900709,613.9,4.353900709,144.3000030517578,0.01056338,2B,/players/matt-mclain/29695/stats/batting,2B,18,18.0,NL,Matt McLain,680574,29695,29695
TEX,Rangers,113,426,490,94,61,18,4,12,57,50,51,1,118,7,3,3,,19,5,0.221682,0.312943,0.36443,0.677373,0.302817,0.104165,0.240809,0.432561,0.142748,6.50402,0.276608,0.369537,,52.634,-5.38601,1.16056,1.132,1.50154,1.88723,-1.7404478788375854,2.91056489944458,94.3115,484.3,4.285840707,484.3,4.285840707,280.4800109863281,0.00990099,OF,/players/evan-carter/27790/stats/batting,OF,13,13.0,AL,Evan Carter,694497,27790,27790
BAL,Orioles,107,405,462,92,59,17,1,16,53,52,48,1,143,5,3,1,,12,4,0.227919,0.314865,0.392799,0.707664,0.3135,0.103161,0.31052,0.33222,0.16488,4.49204,0.306287,0.219296,,53.6136,-1.091,-0.125791,0.272544,0.49184,1.88255,1.4923001527786255,0.6242092400789261,101.862,486.2,4.543925233,486.2,4.543925233,251.72000122070312,0.01327434,OF,/players/colton-cowser/29591/stats/batting,OF,2,2.0,AL,Colton Cowser,681297,29591,29591
ATL,Braves,160,628,693,156,102,30,2,21,82,80,51,1,105,7,7,1,,8,3,0.248097,0.308503,0.403478,0.711981,0.311803,0.0730455,0.15196,0.48069,0.155381,3.93408,0.26487,0.196128,,79.4701,-2.58685,-2.43014,-0.578283,-0.382155,1.8776,-4.135718405246735,0.04486227035522461,95.5032,722.2,4.51375,722.2,4.51375,150.5,0.01253918,2B,/players/ozzie-albies/16556/stats/batting,2B,16,16.0,NL,Ozzie Albies,645277,16556,16556
NYY,Yankees,92,340,399,75,43,14,1,17,53,47,52,0,88,3,3,1,,6,2,0.219412,0.325351,0.415514,0.740865,0.327527,0.130236,0.220615,0.590328,0.196102,4.43938,0.243152,-0.227855,,50.8239,3.57897,-1.32799,-0.12422,-0.352075,1.86181,4.048552989959717,0.09701013565063477,109.483,456.9,4.966304347,456.9,4.966304347,253.82000732421875,0.00384615,OF,/players/trent-grisham/18564/stats/batting,OF,9,9.0,AL,Trent Grisham,663757,18564,18564
WSN,Nationals,133,515,574,129,95,23,3,8,66,53,41,0,99,9,4,6,,25,8,0.250041,0.314323,0.35286,0.667183,0.298392,0.0708213,0.172959,0.409469,0.102819,5.93267,0.293754,0.853571,,59.6047,-8.36162,6.13304,1.0658,1.91937,1.85546,-8.62208640575409,8.183043718338013,84.7531,541.5,4.071428571,541.5,4.071428571,746.0700073242188,0.00401606,OF,/players/jacob-young/29931/stats/batting,OF,24,24.0,NL,Jacob Young,696285,29931,29931
CHC,Cubs,97,340,384,83,58,14,1,11,44,46,36,0,71,5,2,1,,1,0,0.243167,0.322652,0.382791,0.705443,0.31437,0.0940258,0.184663,0.509174,0.139624,2.56682,0.275736,-0.691089,,44.8319,-0.636894,1.14599,-0.496346,-1.18744,1.85409,-1.4811785817146301,8.645992994308472,99.3649,399.4,4.117525773,399.4,4.117525773,591.9099731445312,0.03982301,C,/players/carson-kelly/13620/stats/batting,C,17,17.0,NL,Carson Kelly,608348,13620,13620
TBR,Rays,130,509,560,124,79,22,4,20,65,68,43,0,116,3,3,2,,13,5,0.242849,0.303708,0.414379,0.718088,0.314132,0.0759026,0.206773,0.367081,0.171531,5.15259,0.275974,0.18703,,65.272,-1.03659,4.56587,-0.245244,-0.0582133,1.83967,-0.34365198761224747,-1.4341273307800293,99.5618,608.7,4.682307692,608.7,4.682307692,999.0,0.0,OF,/players/victor-mesa-jr/25999/stats/batting,OF,12,12.0,AL,Victor Mesa Jr.,683748,25999,25999
KCR,Royals,146,559,630,143,87,29,2,25,72,87,60,4,95,6,5,0,,3,1,0.255186,0.331404,0.446926,0.77833,0.33775,0.0957171,0.151524,0.631694,0.19174,3.30133,0.265898,-1.12288,,85.4511,10.8539,-1.02898,-0.373717,-1.4966,1.83907,8.364439964294434,-12.628982901573181,113.458,773.2,5.29589041,773.2,5.29589041,77.0999984741211,0.13970588,1B,/players/vinnie-pasquantino/27676/stats/batting,1B,7,7.0,AL,Vinnie Pasquantino,686469,27676,27676
BOS,Red Sox,154,618,665,150,97,33,1,19,72,80,36,2,192,6,4,1,,19,3,0.242777,0.288129,0.392785,0.680915,0.296568,0.0535505,0.289024,0.18528,0.150009,5.10958,0.318365,0.252104,,68.0746,-10.6669,-3.50557,1.95131,2.20342,1.82732,-9.239773035049438,3.6194281578063965,85.2052,655.7,4.257792207,655.7,4.257792207,111.33000183105469,0.00909091,SS,/players/trevor-story/12564/stats/batting,SS,3,3.0,AL,Trevor Story,596115,12564,12564
NYM,Mets,109,388,438,89,54,15,1,19,49,56,42,1,123,5,3,1,,1,0,0.230543,0.310982,0.42109,0.732072,0.320606,0.0947784,0.281134,0.33713,0.190547,2.31878,0.283055,-0.229238,,53.3914,1.48126,-2.17041,-0.489166,-0.718404,1.80901,1.1427575945854187,1.4045932292938232,103.525,481.1,4.413761467,481.1,4.413761467,165.25,0.13368984,C,/players/francisco-alvarez/26121/stats/batting,C,25,25.0,NL,Francisco Alvarez,682626,26121,26121
MIN,Twins,123,450,532,98,59,19,4,15,65,57,72,0,179,5,3,1,,10,4,0.218002,0.330275,0.384013,0.714289,0.319685,0.135382,0.335839,0.403116,0.166012,5.71106,0.318664,0.0,,64.3947,1.40155,1.75202,-0.335078,-0.335078,1.80256,1.897973746061325,-3.047983765602112,103.609,556.5,4.524390243,556.5,4.524390243,748.52001953125,0.0,OF,/players/emmanuel-rodriguez/28084/stats/batting,OF,8,8.0,AL,Emmanuel Rodriguez,691181,28084,28084
NYY,Yankees,146,556,630,121,77,27,3,14,72,67,59,0,174,9,4,1,,17,6,0.217906,0.300663,0.353998,0.654661,0.292934,0.0932518,0.276213,0.337608,0.136092,5.56717,0.287336,-0.0828409,,62.6421,-11.9551,-0.718967,0.0608394,-0.0220015,1.79995,-10.679765976965427,6.031033456325531,85.4552,568.1,3.89109589,568.1,3.89109589,999.0,0.0,SS,/players/george-lombard/33433/stats/batting,SS,9,9.0,AL,George Lombard Jr.,806146,33433,33433
HOU,Astros,159,614,686,139,81,27,1,30,79,92,57,2,169,10,4,1,,2,1,0.227358,0.302152,0.424544,0.726696,0.31677,0.0835298,0.246534,0.338816,0.197186,2.6815,0.260774,-0.64127,,81.4203,0.192235,4.44464,-0.72167,-1.36294,1.79866,1.1592655181884766,-7.805356979370117,103.161,732.4,4.606289308,732.4,4.606289308,212.94000244140625,0.01290323,1B,/players/christian-walker/13419/stats/batting,1B,21,21.0,AL,Christian Walker,572233,13419,13419
MIL,Brewers,130,494,560,117,85,19,4,9,64,57,51,1,111,6,5,3,,24,5,0.236273,0.312657,0.341809,0.654465,0.293644,0.0914147,0.199085,0.459174,0.105536,6.19976,0.28503,0.1296,,56.0031,-10.3055,1.67443,1.93776,2.06736,1.77298,-8.46840214729309,7.674431204795837,84.3803,526.3,4.048461538,526.3,4.048461538,999.0,0.0,SS,/players/cooper-pratt/33530/stats/batting,SS,23,23.0,NL,Cooper Pratt,806198,33530,33530
PIT,Pirates,139,548,602,152,109,31,3,9,67,63,40,0,111,10,3,1,,6,3,0.277294,0.335833,0.393934,0.729767,0.323419,0.0666662,0.184539,0.361258,0.11664,3.96415,0.331656,0.259099,,74.6837,3.40196,-0.930428,-0.992633,-0.733534,1.76563,-0.45131397247314453,-1.7804282903671265,100.389,647.8,4.660431654,647.8,4.660431654,999.0,0.03461538,2B/3B,/players/nick-gonzales/27490/stats/batting,2B/3B,27,27.0,NL,Nick Gonzales,693304,27490,27490
PHI,Phillies,154,546,608,129,84,26,2,16,66,67,45,1,139,11,5,1,,6,2,0.235599,0.303433,0.380142,0.683575,0.302143,0.0732621,0.228707,0.320332,0.144543,4.13669,0.283849,-0.208442,,64.9779,-7.01436,0.512557,-0.153061,-0.361503,1.76404,-10.691499561071396,12.387556612491608,85.8945,587.4,3.814285714,587.4,3.814285714,212.27000427246094,0.00390625,C,/players/jt-realmuto/11739/stats/batting,C,26,26.0,NL,J.T. Realmuto,592663,11739,11739
NYM,Mets,136,526,588,133,95,25,4,9,70,56,52,1,139,4,4,2,,32,9,0.252583,0.321782,0.367362,0.689144,0.306135,0.0881779,0.236102,0.373474,0.114779,6.62186,0.324085,0.081,,64.7366,-4.88743,-1.66988,2.05143,2.13243,1.76168,-2.2454657554626465,0.43012213706970215,93.8187,602.3,4.42867647,602.3,4.42867647,999.0,0.00793651,OF,/players/aj-ewing/33656/stats/batting,OF,25,25.0,NL,A.J. Ewing,805999,33656,33656
STL,Cardinals,123,449,492,107,75,19,1,13,51,55,36,0,108,3,3,1,,7,3,0.238268,0.296585,0.370382,0.666968,0.294877,0.0726004,0.219119,0.331329,0.132115,3.70229,0.283898,-0.043049,,49.7333,-8.57089,1.66959,-0.590838,-0.633887,1.74818,-8.982625246047974,8.419593811035156,85.9235,455.1,3.7,455.1,3.7,999.0,0.17241379,C,/players/leo-bernal/29016/stats/batting,C,28,28.0,NL,Leo Bernal,699024,29016,29016
NYM,Mets,78,280,307,67,43,14,1,9,33,36,20,0,67,3,2,2,,1,1,0.238945,0.296325,0.387312,0.683637,0.300959,0.0662497,0.216602,0.30586,0.148367,3.08535,0.281489,-0.064514,,32.5372,-3.83785,3.15805,-0.337109,-0.401623,1.7454,-3.9732681810855865,9.158046245574951,90.3475,294.2,3.771794871,294.2,3.771794871,999.0,0.01648352,C,/players/luis-torrens/15905/stats/batting,C,25,25.0,NL,Luis Torrens,620443,15905,15905
SDP,Padres,149,559,644,129,88,25,3,14,72,64,66,1,134,12,4,3,,8,3,0.231366,0.323599,0.359697,0.683295,0.307269,0.102383,0.208439,0.49119,0.12833,4.42968,0.27852,-0.0109532,,71.4921,-4.76285,-2.91507,-0.4286,-0.439553,1.71875,-3.142772674560547,-0.9150655269622803,96.5151,625.4,4.197315436,625.4,4.197315436,738.2999877929688,0.01550388,1B/2B,/players/jake-cronenworth/18036/stats/batting,1B/2B,29,29.0,NL,Jake Cronenworth,630105,18036,18036
COL,Rockies,143,561,616,155,106,26,10,13,81,66,37,1,101,10,4,4,,31,7,0.277321,0.331086,0.428948,0.760035,0.331997,0.0602888,0.164174,0.367225,0.151627,7.88626,0.316542,1.10845,,80.6897,7.7502,0.456083,2.53294,3.64139,1.69503,1.1634762287139893,-4.543916553258896,96.6604,741.9,5.188111888,741.9,5.188111888,506.760009765625,0.0483871,OF,/players/jake-mccarthy/21622/stats/batting,OF,19,19.0,NL,Jake McCarthy,664983,21622,21622
LAD,Dodgers,146,573,630,149,94,27,2,26,79,90,46,2,170,6,4,1,,6,2,0.260066,0.319495,0.450443,0.769938,0.333942,0.0731954,0.269678,0.271418,0.190377,3.95364,0.322232,-0.628062,,83.5131,8.91594,-4.23503,-0.371316,-0.999378,1.68842,7.084542095661163,-10.98503303527832,110.653,757.3,5.186986301,757.3,5.186986301,125.41999816894531,0.01538462,OF,/players/teoscar-hernandez/13066/stats/batting,OF,22,22.0,NL,Teoscar Hernández,606192,13066,13066
TOR,Blue Jays,131,501,567,127,82,23,2,20,73,69,56,1,107,5,3,1,,12,3,0.25298,0.333066,0.42507,0.758136,0.333454,0.0995662,0.188824,0.527297,0.172089,4.85202,0.283091,0.207737,,74.9384,7.8009,-0.00995567,0.556416,0.764154,1.68477,10.037620663642883,-13.58495547901839,114.062,673.7,5.142748091,673.7,5.142748091,94.37999725341797,0.74349442,OF,/players/george-springer/12856/stats/batting,OF,14,14.0,AL,George Springer,543807,12856,12856
TEX,Rangers,151,592,651,140,82,26,1,31,76,93,47,0,169,8,4,1,,3,2,0.236598,0.298709,0.440125,0.738834,0.320923,0.0714978,0.25891,0.276149,0.203527,2.74471,0.275117,-0.168585,,79.4501,2.36632,0.998979,-0.77488,-0.943465,1.68168,4.2713528871536255,-10.826020896434784,106.887,729.6,4.831788079,729.6,4.831788079,236.72000122070312,0.04296875,1B/3B,/players/jake-burger/22275/stats/batting,1B/3B,13,13.0,AL,Jake Burger,669394,22275,22275
KCR,Royals,118,477,511,123,82,26,1,14,53,58,25,0,90,3,4,2,,4,1,0.257562,0.296534,0.406316,0.702851,0.306492,0.0481906,0.175391,0.274762,0.148754,3.38599,0.287897,-0.113002,,56.4069,-4.09972,2.34574,-0.370965,-0.483968,1.65874,-5.388997465372086,3.5707350969314575,91.7472,513.3,4.35,513.3,4.35,999.0,0.02369668,2B,/players/michael-massey/27684/stats/batting,2B,7,7.0,AL,Michael Massey,686681,27684,27684
TBR,Rays,146,587,630,172,147,19,6,1,71,50,32,1,58,1,5,6,,52,14,0.293675,0.328184,0.350637,0.678821,0.30146,0.0500694,0.0925552,0.540967,0.0569627,6.96587,0.321857,1.14641,,66.9816,-7.61563,2.60281,3.65059,4.797,1.65008,-1.973587989807129,-4.147187948226929,90.7601,633.5,4.339041095,633.5,4.339041095,180.19000244140625,0.01132075,OF,/players/chandler-simpson/31912/stats/batting,OF,12,12.0,AL,Chandler Simpson,802415,31912,31912
ATL,Braves,157,631,679,168,122,32,3,12,73,71,37,0,82,4,4,2,,9,3,0.265426,0.308302,0.378831,0.687133,0.302885,0.0540943,0.121168,0.446439,0.113405,4.23443,0.287954,-0.0938817,,72.9727,-7.42653,0.78116,-0.305738,-0.39962,1.62535,-8.969296336174011,2.85615998506546,89.5218,664.2,4.230573248,664.2,4.230573248,743.3800048828125,0.002849,OF,/players/mauricio-dubon/16530/stats/batting,OF,16,16.0,NL,Mauricio Dubón,643289,16530,16530
NYY,Yankees,102,413,441,110,67,20,2,20,55,64,24,0,75,1,3,0,,8,3,0.265535,0.305458,0.469455,0.774913,0.333561,0.0539547,0.169169,0.318939,0.20392,4.6757,0.279703,-0.161776,,58.3235,6.10548,1.40356,-0.212252,-0.374029,1.6084,6.639606535434723,-6.471439719200134,113.674,542.2,5.315686274,542.2,5.315686274,261.8500061035156,0.04727273,2B,/players/luis-garcia-jr/20391/stats/batting,2B,9,9.0,AL,Luis García Jr.,671277,20391,20391
DET,Tigers,99,378,412,97,60,19,1,17,51,58,27,1,92,5,2,1,,0,0,0.256734,0.311687,0.449235,0.760922,0.329749,0.0643206,0.222856,0.288619,0.192501,2.44553,0.293919,-0.211212,,53.2195,4.43532,-0.401606,-0.49708,-0.708291,1.60695,4.197633385658264,-3.3266066014766693,110.238,481.8,4.866666666,481.8,4.866666666,999.0,0.48717949,C/DH,/players/eduardo-valencia/24574/stats/batting,C/DH,6,6.0,AL,Eduardo Valencia,680664,24574,24574
PIT,Pirates,152,576,658,146,93,32,3,18,80,75,69,2,157,9,4,0,,6,2,0.254392,0.341131,0.414049,0.75518,0.333097,0.104365,0.238516,0.437558,0.159658,4.22997,0.317176,0.0742421,,86.7756,8.86301,-2.22494,-0.314177,-0.239935,1.60179,5.213129952549934,-10.874943256378174,106.88,760.5,5.003289473,760.5,5.003289473,204.72000122070312,0.19701493,OF,/players/bryan-reynolds/19326/stats/batting,OF,27,27.0,NL,Bryan Reynolds,668804,19326,19326
NYY,Yankees,109,424,469,100,57,20,2,21,60,66,38,1,172,3,3,1,,15,5,0.235196,0.301981,0.439966,0.741947,0.321721,0.0819685,0.366615,0.223582,0.204769,5.54817,0.336722,0.0547897,,57.5405,2.007,-3.48023,0.530247,0.585037,1.59586,3.5578538179397583,-4.505228042602539,105.45,540.3,4.956880733,540.3,4.956880733,999.0,0.05376344,OF,/players/spencer-jones/31532/stats/batting,OF,9,9.0,AL,Spencer Jones,682987,31532,31532
TBR,Rays,117,438,504,102,70,19,2,10,58,53,56,1,94,5,3,2,,20,6,0.232679,0.324779,0.355823,0.680602,0.306091,0.110727,0.185901,0.595621,0.123144,5.54811,0.27258,0.0386894,,55.4706,-4.20713,-1.17342,0.666328,0.705017,1.59467,-2.8260836005210876,0.6265754699707031,93.9763,497.9,4.255555555,497.9,4.255555555,999.0,0.03597122,2B/OF,/players/richie-palacios/24589/stats/batting,2B/OF,12,12.0,AL,Richie Palacios,680700,24589,24589
BAL,Orioles,115,446,497,103,57,22,3,22,61,67,42,1,142,6,3,1,,4,1,0.231451,0.30389,0.441386,0.745276,0.323902,0.0841283,0.28521,0.29497,0.209935,4.3294,0.28415,0.17876,,61.8517,3.0028,0.25646,-0.322959,-0.144199,1.57343,5.1085055321455,-7.268539220094681,109.087,567.3,4.933043478,567.3,4.933043478,459.1600036621094,0.21495327,1B/3B,/players/coby-mayo/28312/stats/batting,1B/3B,2,2.0,AL,Coby Mayo,691723,28312,28312
NYM,Mets,134,520,581,120,82,20,2,17,67,63,52,0,102,4,4,1,,9,3,0.230815,0.303025,0.373944,0.676968,0.300207,0.0895097,0.176223,0.507935,0.143128,4.48283,0.254136,0.243585,,61.1837,-7.61153,1.08965,0.0156592,0.259244,1.54824,-6.848818421363831,3.1646469831466675,89.8429,557.9,4.163432835,557.9,4.163432835,266.25,0.0,2B/SS,/players/marcus-semien/12533/stats/batting,2B/SS,25,25.0,NL,Marcus Semien,543760,12533,12533
LAA,Angels,131,502,567,136,104,23,3,6,62,50,56,1,112,4,3,2,,10,3,0.270835,0.346613,0.364598,0.711211,0.318984,0.0990189,0.197728,0.500784,0.0937622,4.5746,0.335491,0.0405,,68.3103,1.17281,-2.12869,-0.0281543,0.0123457,1.53908,2.825495676137507,-7.80368971824646,104.266,590.4,4.506870229,590.4,4.506870229,999.0,0.01869159,OF,/players/wade-meckler/31490/stats/batting,OF,1,1.0,AL,Wade Meckler,685133,31490,31490
BAL,Orioles,126,477,546,114,73,24,2,16,67,59,60,1,133,3,3,3,,13,5,0.239392,0.326559,0.3969,0.723458,0.320274,0.109611,0.244156,0.44894,0.157507,4.92767,0.297205,0.15311,,66.3493,1.69843,-1.84949,-0.264534,-0.111423,1.52821,4.058726437389851,-8.399492263793945,106.567,592.5,4.702380952,592.5,4.702380952,505.0400085449219,0.08965517,OF,/players/dylan-beavers/31695/stats/batting,OF,2,2.0,AL,Dylan Beavers,687637,31695,31695
COL,Rockies,149,584,644,149,97,28,8,17,83,75,44,2,156,8,5,4,,29,10,0.255771,0.314217,0.416112,0.730329,0.318347,0.0678715,0.241603,0.280921,0.160341,7.10648,0.318729,0.3645,,77.2558,1.00094,-0.593373,1.0432,1.4077,1.52327,-8.284395098686218,2.30662739276886,87.5053,720.1,4.832885906,720.1,4.832885906,999.0,0.0,OF,/players/cole-carrigg/33253/stats/batting,OF,19,19.0,NL,Cole Carrigg,694249,33253,33253
TBR,Rays,117,447,504,98,63,18,3,15,58,55,46,0,107,5,4,3,,22,7,0.219552,0.297382,0.372768,0.670149,0.29738,0.090716,0.212836,0.426226,0.153216,6.06453,0.25301,-0.3043,,51.9239,-7.75384,1.56291,0.976741,0.672442,1.50884,-6.4053614139556885,3.3629133701324463,87.926,487.3,4.164957264,487.3,4.164957264,321.5,0.01132075,OF,/players/cedric-mullins/17929/stats/batting,OF,12,12.0,AL,Cedric Mullins,656775,17929,17929
MIA,Marlins,136,517,588,124,68,27,4,25,71,77,57,4,175,9,3,1,,3,1,0.239338,0.324106,0.450501,0.774607,0.33548,0.0974742,0.297318,0.327844,0.211163,3.99939,0.307945,0.263512,,78.6762,9.05219,-0.28261,-0.659298,-0.395785,1.50166,6.9133245050907135,-11.28261011838913,110.32,714.4,5.252941176,714.4,5.252941176,164.42999267578125,0.10447761,OF,/players/kyle-stowers/26151/stats/batting,OF,20,20.0,NL,Kyle Stowers,669065,26151,26151
HOU,Astros,146,565,630,129,80,23,5,20,72,69,51,0,164,8,5,1,,11,3,0.227615,0.298486,0.392808,0.691294,0.304221,0.0811221,0.25967,0.312405,0.165193,5.68978,0.281679,0.622599,,68.3869,-6.21031,1.92944,0.243064,0.865663,1.45616,-3.204881727695465,-4.8205589056015015,94.4449,630.1,4.315753424,630.1,4.315753424,341.8699951171875,0.00343643,OF,/players/cam-smith/35108/stats/batting,OF,21,21.0,AL,Cam Smith,701358,35108,35108
ARI,Diamondbacks,126,466,546,114,74,23,2,15,70,56,72,3,112,3,3,2,,5,2,0.245667,0.34756,0.403308,0.750868,0.332397,0.13171,0.204993,0.642513,0.157641,4.02161,0.289848,0.3475,,71.6965,7.04562,0.779263,-0.739251,-0.391751,1.45367,5.595692873001099,-9.07073700428009,109.104,620.4,4.923809523,620.4,4.923809523,745.989990234375,0.08016878,OF,/players/lars-nootbaar/21454/stats/batting,OF,15,15.0,NL,Lars Nootbaar,663457,21454,21454
MIA,Marlins,130,488,560,113,73,24,3,13,71,57,49,0,145,16,4,3,,56,14,0.231148,0.319195,0.369884,0.68908,0.308676,0.0867583,0.25907,0.334884,0.138736,7.44067,0.30026,0.111759,,62.8034,-3.50519,1.08151,4.74369,4.85545,1.44368,-0.3098182678222656,-3.7184855937957764,92.3423,615.9,4.737692307,615.9,4.737692307,748.530029296875,0.0,OF,/players/esteury-ruiz/21780/stats/batting,OF,20,20.0,NL,Esteury Ruiz,665923,21780,21780
DET,Tigers,138,516,595,118,65,26,1,26,70,77,66,2,169,8,4,1,,2,1,0.227791,0.322113,0.430459,0.752572,0.32953,0.111176,0.284509,0.390764,0.202668,2.64778,0.282888,-0.0157908,,76.7529,6.29996,-2.71081,-0.670189,-0.68598,1.42997,6.2936094999313354,-13.335808992385864,110.085,693.3,5.023913043,693.3,5.023913043,188.35000610351562,0.03525641,1B,/players/spencer-torkelson/27465/stats/batting,1B,6,6.0,AL,Spencer Torkelson,679529,27465,27465
ARI,Diamondbacks,109,421,469,98,61,21,3,13,57,53,35,1,131,8,3,2,,17,4,0.233092,0.302152,0.390624,0.692776,0.30505,0.073969,0.27847,0.265626,0.157532,6.46153,0.303819,0.256222,,51.2241,-4.30932,0.980439,1.04757,1.30379,1.42439,-3.9144686460494995,2.6554393768310547,90.7627,478.1,4.386238532,478.1,4.386238532,261.6499938964844,0.08108108,OF,/players/jordan-lawlar/29976/stats/batting,OF,15,15.0,NL,Jordan Lawlar,691783,29976,29976
ATH,Athletics,139,535,602,129,80,25,2,21,75,74,60,1,155,2,4,2,,16,6,0.240346,0.316919,0.415222,0.73214,0.321514,0.0991352,0.256875,0.385928,0.174876,5.09669,0.295774,0.406433,,73.7572,2.47546,0.37261,0.0584161,0.464849,1.41152,-1.5941363275051117,-5.877390116453171,97.0594,668.3,4.807913669,668.3,4.807913669,157.22000122070312,0.00628931,OF,/players/lawrence-butler/22542/stats/batting,OF,10,10.0,AL,Lawrence Butler,671732,22542,22542
ATH,Athletics,122,476,525,121,68,25,1,28,68,79,41,2,120,5,3,1,,4,1,0.254979,0.318213,0.486284,0.804497,0.346139,0.0779721,0.228888,0.340657,0.231305,3.17208,0.281963,-0.0548946,,74.7675,12.6032,0.0,-0.365217,-0.420112,1.39586,8.228606313467026,-13.125,114.164,685.8,5.621311475,685.8,5.621311475,54.04999923706055,0.21551724,C,/players/shea-langeliers/25816/stats/batting,C,10,10.0,AL,Shea Langeliers,669127,25816,25816
SDP,Padres,76,270,306,67,45,12,0,10,34,36,31,0,63,3,2,1,,1,0,0.248386,0.329028,0.406813,0.73584,0.325691,0.100274,0.206406,0.485809,0.158427,2.16898,0.287438,0.0180092,,38.4735,2.28794,-0.758965,-0.375002,-0.356993,1.38965,2.9083131551742554,2.71603524684906,108.871,337.9,4.446052631,337.9,4.446052631,999.0,0.28205128,C,/players/luis-campusano/22217/stats/batting,C,29,29.0,NL,Luis Campusano,669134,22217,22217
SEA,Mariners,112,403,483,82,62,12,2,6,54,39,65,0,129,6,4,5,,17,4,0.204088,0.322225,0.288145,0.61037,0.284648,0.135563,0.266341,0.508983,0.084057,5.59007,0.28079,0.0305722,,44.7925,-12.3987,1.22553,1.08402,1.1146,1.38254,-6.589230895042419,3.0505346059799194,86.2867,392.9,3.508035714,392.9,3.508035714,999.0,0.05940594,2B/SS,/players/leo-rivas/21009/stats/batting,2B/SS,11,11.0,AL,Leo Rivas,660844,21009,21009
ATH,Athletics,126,500,546,124,86,27,2,10,59,50,32,0,111,6,4,4,,4,2,0.24891,0.300253,0.369434,0.669688,0.296017,0.0587366,0.202619,0.289888,0.120525,4.10296,0.299733,-0.139253,,55.6499,-9.00098,2.24469,-0.69057,-0.829823,1.37467,-13.94344574213028,8.094686508178711,79.3503,494.1,3.921428571,494.1,3.921428571,999.0,0.0,SS,/players/alika-williams/27604/stats/batting,SS,10,10.0,AL,Alika Williams,675961,27604,27604
COL,Rockies,112,433,483,114,73,26,1,14,61,57,39,0,125,7,3,1,,10,3,0.262462,0.331594,0.423392,0.754986,0.331995,0.0817089,0.258519,0.316066,0.16093,4.52528,0.335624,-0.202859,,63.2672,6.07604,-1.22618,0.00572329,-0.197136,1.37065,-2.140866756439209,-0.10117554664611816,96.659,566.7,5.059821428,566.7,5.059821428,728.1400146484375,0.08762887,3B,/players/connor-norby/29592/stats/batting,3B,19,19.0,NL,Connor Norby,681393,29592,29592
CIN,Reds,138,516,595,117,66,24,2,26,73,74,72,1,135,3,4,1,,6,3,0.226289,0.321739,0.427746,0.749485,0.328544,0.120345,0.22615,0.532146,0.201457,3.60375,0.253619,-0.194214,,76.2791,5.82622,-1.59472,-0.955334,-1.14955,1.31848,2.3737568855285645,-8.769717454910278,104.916,692.6,5.018840579,692.6,5.018840579,748.5800170898438,0.02966102,OF,/players/jj-bleday/26368/stats/batting,OF,18,18.0,NL,JJ Bleday,668709,26368,26368
WSN,Nationals,147,583,637,150,96,28,9,17,77,77,41,2,119,7,5,1,,16,7,0.25731,0.310858,0.425347,0.736204,0.319639,0.0640906,0.187289,0.342203,0.168037,6.43557,0.294498,0.912532,,77.0808,1.65473,0.0930962,-0.280708,0.631824,1.30801,-0.13253456354141235,-7.731904082000256,99.0038,704.1,4.789795918,704.1,4.789795918,206.50999450683594,0.15057915,OF,/players/daylen-lile/29995/stats/batting,OF,24,24.0,NL,Daylen Lile,695734,29995,29995
MIA,Marlins,134,514,581,123,77,20,1,24,69,74,57,0,180,7,3,1,,4,1,0.238411,0.320105,0.422033,0.742138,0.326545,0.0973619,0.310128,0.313941,0.183622,3.46483,0.315127,-0.243423,,73.546,4.75084,0.716651,-0.530198,-0.773621,1.30701,2.254886746406555,-8.308348655700684,104.328,660.9,4.932089552,660.9,4.932089552,999.0,0.15447154,OF,/players/griffin-conine/21626/stats/batting,OF,20,20.0,NL,Griffin Conine,665052,21626,21626
STL,Cardinals,154,604,665,152,97,31,1,23,78,86,50,1,175,6,4,1,,17,5,0.25111,0.312472,0.421958,0.73443,0.321003,0.0751201,0.263069,0.285553,0.170849,4.528,0.312712,0.208322,,81.2015,2.45998,-4.64725,0.188797,0.397119,1.30391,3.1571145057678223,-11.972251415252686,103.446,745.3,4.839610389,745.3,4.839610389,511.7200012207031,0.03018868,OF,/players/jordan-walker/27475/stats/batting,OF,28,28.0,NL,Jordan Walker,691023,27475,27475
COL,Rockies,141,537,609,148,101,29,2,16,70,71,60,1,99,9,4,0,,2,1,0.276566,0.356139,0.426909,0.783048,0.345851,0.0978609,0.163202,0.599631,0.150342,2.86105,0.31203,-0.796054,,86.5884,14.4778,1.58485,-0.949225,-1.74528,1.30134,2.620587468147278,-9.64014732837677,105.952,745.7,5.288652482,745.7,5.288652482,999.0,0.07333333,1B,/players/tj-rumfield/29805/stats/batting,1B,19,19.0,NL,TJ Rumfield,681198,29805,29805
PHI,Phillies,118,466,511,128,96,22,4,6,63,50,33,0,97,3,4,5,,23,6,0.274272,0.324423,0.377551,0.701975,0.310676,0.0652966,0.190228,0.343254,0.103279,6.49075,0.332497,0.07101,,58.1341,-2.37247,-2.1768,1.28577,1.35678,1.26866,-3.802354335784912,-0.3518040180206299,91.618,528.7,4.480508474,528.7,4.480508474,999.0,0.00680272,OF,/players/justin-crawford/31791/stats/batting,OF,26,26.0,NL,Justin Crawford,702222,31791,31791
COL,Rockies,138,551,595,135,85,31,2,17,68,65,32,0,148,3,5,3,,9,3,0.245674,0.288762,0.403086,0.691848,0.301292,0.0542285,0.249292,0.21753,0.157412,4.76431,0.302644,0.468961,,63.1794,-7.27348,3.58069,-0.176768,0.292193,1.26665,-16.860717594623566,9.955690622329712,76.0661,579.8,4.201449275,579.8,4.201449275,209.22999572753906,0.0,SS,/players/ezequiel-tovar/24064/stats/batting,SS,19,19.0,NL,Ezequiel Tovar,678662,24064,24064
MIN,Twins,134,529,581,126,78,27,1,21,64,73,43,1,135,3,4,1,,14,2,0.238171,0.297828,0.410044,0.707872,0.308742,0.074842,0.233179,0.320963,0.171873,4.38638,0.278733,-0.0681385,,65.1897,-3.60551,0.41569,1.09809,1.02995,1.26394,-1.667468547821045,-6.509310036897659,96.0083,617.0,4.604477611,617.0,4.604477611,193.64999389648438,0.02868852,3B,/players/royce-lewis/20437/stats/batting,3B,8,8.0,AL,Royce Lewis,668904,20437,20437
SFG,Giants,104,396,448,93,60,18,3,12,51,46,39,1,84,8,3,2,,4,3,0.234333,0.314409,0.386078,0.700487,0.309931,0.0877079,0.186715,0.469743,0.151745,4.56093,0.266428,0.164984,,50.6972,-2.34965,-0.180947,-0.795209,-0.630225,1.25985,-2.2113346457481384,0.01905311644077301,97.0699,447.1,4.299038461,447.1,4.299038461,999.0,0.0,OF,/players/drew-gilbert/31545/stats/batting,OF,30,30.0,NL,Drew Gilbert,687551,31545,31545
PIT,Pirates,96,346,384,86,56,17,1,12,40,44,32,1,107,2,2,1,,1,0,0.248638,0.31533,0.411135,0.726465,0.318757,0.0842504,0.279094,0.301871,0.162497,2.71703,0.321493,-0.0925414,,46.1446,0.723173,-4.26603,-0.314042,-0.406583,1.25797,-1.6713366508483887,0.5589694976806641,97.2627,407.3,4.242708333,407.3,4.242708333,999.0,0.0,C/1B,/players/rafael-flores/31991/stats/batting,C/1B,27,27.0,NL,Rafael Flores Jr.,804668,31991,31991
PIT,Pirates,120,448,518,116,78,25,1,12,60,56,59,1,90,7,4,1,,2,1,0.260048,0.351656,0.402675,0.754331,0.335604,0.113072,0.173501,0.651709,0.142627,2.7435,0.298348,-0.471268,,69.3618,8.02632,0.321529,-0.726595,-1.19786,1.21748,4.144028902053833,-9.02847146987915,108.562,591.6,4.93,591.6,4.93,738.1500244140625,0.01869159,1B,/players/spencer-horwitz/26477/stats/batting,1B,27,27.0,NL,Spencer Horwitz,687462,26477,26477
CIN,Reds,109,386,438,91,57,19,0,14,46,51,45,1,121,4,3,1,,1,1,0.235915,0.319581,0.397849,0.71743,0.316861,0.102005,0.277085,0.368137,0.161934,1.81453,0.303661,-0.274811,,52.0652,0.155062,-0.942435,-0.779558,-1.05437,1.19891,-2.5961118936538696,2.6325653791427612,97.0803,456.4,4.187155963,456.4,4.187155963,294.75,0.13084112,C,/players/tyler-stephenson/17988/stats/batting,C,18,18.0,NL,Tyler Stephenson,663886,17988,17988
CLE,Guardians,151,593,651,140,84,27,1,28,74,94,40,1,166,13,4,1,,6,2,0.236584,0.297606,0.428158,0.725763,0.315949,0.0618275,0.25536,0.242119,0.191574,3.67007,0.278397,-0.089434,,76.8343,-0.249478,-3.28812,-0.483881,-0.573315,1.19862,0.7639923095703125,-12.063119649887085,101.766,703.0,4.655629139,703.0,4.655629139,120.33000183105469,0.06060606,OF,/players/jo-adell/20220/stats/batting,OF,5,5.0,AL,Jo Adell,666176,20220,20220
CLE,Guardians,113,431,490,108,72,20,1,15,52,62,51,1,117,3,4,1,,1,0,0.250665,0.330906,0.408378,0.739284,0.325668,0.103356,0.23963,0.431315,0.157713,2.08714,0.306086,-0.52333,,61.6795,3.65943,-0.371332,-0.747222,-1.27055,1.19405,3.5832306146621704,-9.221332371234894,108.517,542.4,4.8,542.4,4.8,999.0,0.19475655,1B,/players/nathaniel-lowe/19566/stats/batting,1B,5,5.0,AL,Nathaniel Lowe,663993,19566,19566
BAL,Orioles,102,357,403,74,48,15,0,10,39,37,35,0,117,6,3,3,,3,1,0.206123,0.284584,0.333262,0.617846,0.277267,0.0856764,0.290046,0.295389,0.127139,2.8249,0.273212,-0.340659,,34.9878,-12.7544,0.784998,-0.286666,-0.627324,1.18,-11.556443572044373,8.65999847650528,76.6951,320.8,3.145098039,320.8,3.145098039,443.010009765625,0.01435407,C,/players/carlos-narvaez/19722/stats/batting,C,2,2.0,AL,Carlos Narváez,665966,19722,19722
PHI,Phillies,120,466,518,120,81,22,2,15,61,59,44,3,138,2,4,2,,11,3,0.258178,0.323038,0.412936,0.735974,0.321362,0.0850064,0.265989,0.319585,0.154758,4.83583,0.332264,0.329384,,63.402,2.06655,0.515787,0.140745,0.470129,1.17289,-0.2881568968296051,-5.034212827682495,98.7847,572.7,4.7725,572.7,4.7725,609.72998046875,0.0,OF,/players/brandon-marsh/20202/stats/batting,OF,26,26.0,NL,Brandon Marsh,669016,20202,20202
CIN,Reds,131,499,567,112,60,21,0,31,68,85,53,1,180,10,4,0,,2,1,0.224611,0.310301,0.454918,0.765219,0.332309,0.0942376,0.31676,0.297505,0.230307,2.52679,0.27715,-0.999234,,74.4138,7.27635,-0.308477,-0.643246,-1.64248,1.16998,3.439328193664551,-10.38347715139389,107.441,670.5,5.11832061,670.5,5.11832061,97.91999816894531,0.27368421,3B,/players/eugenio-suarez/12552/stats/batting,3B,18,18.0,NL,Eugenio Suárez,553993,12552,12552
LAA,Angels,118,462,511,109,68,22,2,17,56,56,41,2,147,3,3,2,,18,3,0.235093,0.298948,0.398269,0.697218,0.304493,0.0792754,0.287494,0.275746,0.163177,5.40373,0.304844,-0.230369,,55.5817,-4.92495,0.712783,1.76252,1.53215,1.14372,-1.9144617319107056,-4.962217092514038,94.201,541.2,4.586440677,541.2,4.586440677,297.0899963378906,0.01793722,OF,/players/josh-lowe/19953/stats/batting,OF,1,1.0,AL,Josh Lowe,666139,19953,19953
MIL,Brewers,109,421,469,110,81,20,2,7,53,48,38,1,59,4,3,2,,12,4,0.262067,0.327658,0.370845,0.698503,0.310509,0.0817158,0.125856,0.64928,0.108778,4.79647,0.288099,0.444012,,53.2924,-2.24108,2.86668,0.103558,0.547569,1.14077,-1.8863783478736877,-2.158317804336548,95.6914,467.8,4.291743119,467.8,4.291743119,216.39999389648438,0.00769231,OF,/players/sal-frelick/29622/stats/batting,OF,23,23.0,NL,Sal Frelick,686217,29622,29622
DET,Tigers,91,353,392,87,57,17,3,10,46,44,31,1,86,4,3,1,,6,2,0.245658,0.312579,0.394406,0.706985,0.311022,0.0800738,0.21962,0.364601,0.148748,5.28758,0.295466,-0.162,,44.7055,-1.71058,-0.394775,-0.093294,-0.255294,1.1179,-1.5181145370006561,-1.394775390625,97.2303,405.4,4.454945054,405.4,4.454945054,999.0,0.03333333,2B/3B,/players/hao-yu-lee/30080/stats/batting,2B/3B,6,6.0,AL,Hao-Yu Lee,701678,30080,30080
NYY,Yankees,87,333,378,71,44,14,0,12,40,42,39,1,118,2,2,1,,3,2,0.212249,0.297816,0.36902,0.666836,0.296119,0.103737,0.311076,0.333478,0.156771,2.83983,0.283455,0.0180627,,38.5579,-6.20039,2.23248,-0.614278,-0.596215,1.11597,-6.01819235086441,3.582475781440735,87.6676,341.1,3.920689655,341.1,3.920689655,732.8599853515625,0.00358423,3B,/players/ryan-mcmahon/15112/stats/batting,3B,9,9.0,AL,Ryan McMahon,641857,15112,15112
BOS,Red Sox,128,498,553,119,71,25,7,16,66,63,43,2,139,6,4,2,,20,4,0.238688,0.304596,0.413829,0.718425,0.312888,0.0769456,0.251611,0.305811,0.175141,7.11267,0.29637,1.46732,,63.9004,-1.57933,1.29088,1.42499,2.89231,1.11303,0.6674447059631348,-9.334120273590088,96.5409,605.0,4.7265625,605.0,4.7265625,64.04000091552734,0.02786378,OF,/players/jarren-duran/24617/stats/batting,OF,3,3.0,AL,Jarren Duran,680776,24617,24617
CLE,Guardians,122,485,525,118,72,27,2,16,59,63,27,0,113,7,3,4,,11,4,0.243632,0.290641,0.408469,0.69911,0.304937,0.0508593,0.214674,0.236914,0.164837,5.04815,0.284454,0.432778,,57.2928,-4.87155,1.13896,-0.0686366,0.364142,1.10901,-3.227741152048111,-4.486039042472839,94.1177,527.6,4.324590163,527.6,4.324590163,748.5800170898438,0.0,OF,/players/angel-martinez/26540/stats/batting,OF,5,5.0,AL,Angel Martínez,682657,26540,26540
PHI,Phillies,159,624,686,167,115,33,2,17,74,87,49,2,102,8,5,1,,3,1,0.267545,0.326114,0.410559,0.736672,0.323277,0.0713076,0.148312,0.480794,0.143014,2.85263,0.293229,-0.31412,,85.0261,3.79808,-1.61067,-0.751431,-1.06555,1.1083,-1.0084635242819786,-10.410674929618835,100.069,752.0,4.729559748,752.0,4.729559748,239.8699951171875,0.0,3B,/players/alec-bohm/21618/stats/batting,3B,26,26.0,NL,Alec Bohm,664761,21618,21618
CHW,White Sox,146,563,630,133,84,30,5,14,70,68,55,1,162,7,4,2,,7,4,0.236749,0.310103,0.380872,0.690975,0.305766,0.0870316,0.256494,0.339312,0.144124,4.64715,0.305184,0.0,,69.173,-5.42423,0.158983,-1.02591,-1.02591,1.09982,-4.9343403577804565,-6.591017484664917,94.6661,617.0,4.226027397,617.0,4.226027397,999.0,0.0,OF,/players/braden-montgomery/35423/stats/batting,OF,4,4.0,AL,Braden Montgomery,695731,35423,35423
KCR,Royals,121,449,525,103,67,24,4,8,58,48,63,0,115,7,3,3,,13,5,0.229653,0.331968,0.355754,0.687722,0.310452,0.120866,0.21953,0.550566,0.126102,5.39994,0.288451,0.00885937,,59.6315,-2.53282,1.3647,-0.297861,-0.289002,1.09927,-3.6491867303848267,-4.160298824310303,94.4972,516.1,4.265289256,516.1,4.265289256,666.1699829101562,0.01503759,OF,/players/isaac-collins/25477/stats/batting,OF,7,7.0,AL,Isaac Collins,686555,25477,25477
BAL,Orioles,58,228,252,55,35,10,0,10,30,33,20,1,66,2,2,0,,9,3,0.241249,0.305493,0.420794,0.726287,0.316274,0.0777723,0.262473,0.296306,0.179545,4.69435,0.292246,-0.246212,,29.8084,-0.0304699,1.2149,0.279778,0.0335657,1.09856,1.143891029059887,0.7148955464363098,103.788,277.7,4.787931034,277.7,4.787931034,105.63999938964844,0.02994012,OF,/players/luis-robert-jr/20043/stats/batting,OF,2,2.0,AL,Luis Robert Jr.,673357,20043,20043
ATH,Athletics,97,371,420,90,62,17,1,10,47,43,38,1,70,7,2,2,,4,2,0.243257,0.322141,0.376703,0.698844,0.311165,0.0895021,0.16569,0.540177,0.133447,3.73478,0.273544,-0.122768,,47.9472,-1.78429,-0.765831,-0.623521,-0.746289,1.09705,-5.694145143032074,1.584168553352356,89.8714,419.0,4.319587628,419.0,4.319587628,999.0,0.07368421,2B,/players/donovan-walton/19314/stats/batting,2B,10,10.0,AL,Donovan Walton,622268,19314,19314
NYM,Mets,104,401,448,98,64,18,1,14,52,54,40,0,113,3,3,1,,5,1,0.243374,0.314345,0.40114,0.715485,0.315419,0.0888261,0.251559,0.353103,0.157766,3.71216,0.299816,0.01218,,52.6834,-0.363449,1.03231,-0.190974,-0.178794,1.09395,-0.15402666851878166,-3.6676862239837646,100.046,473.0,4.548076923,473.0,4.548076923,292.9200134277344,0.04666667,3B,/players/brett-baty/26123/stats/batting,3B,25,25.0,NL,Brett Baty,683146,26123,26123
MIN,Twins,128,490,553,123,80,23,1,19,63,71,54,1,106,4,4,0,,1,1,0.251561,0.329528,0.417897,0.747425,0.328997,0.0984171,0.191117,0.514958,0.166336,2.36825,0.282769,-1.0606,,71.0971,5.61732,-0.0221345,-0.919729,-1.98033,1.08461,4.501314759254456,-13.447134664282203,110.077,622.9,4.86640625,622.9,4.86640625,636.3300170898438,0.81071429,1B/DH,/players/josh-bell/13145/stats/batting,1B/DH,8,8.0,AL,Josh Bell,605137,13145,13145
ATH,Athletics,125,485,539,130,91,26,2,11,58,58,40,2,63,9,4,2,,6,2,0.268232,0.33183,0.399126,0.730956,0.322284,0.0733051,0.117698,0.622822,0.130894,4.01138,0.28695,-0.929528,,66.3739,2.55188,0.0166544,-0.220918,-1.15045,1.07777,-2.658478617668152,-5.858345579355955,97.5945,586.0,4.688,586.0,4.688,440.5199890136719,0.04713805,2B/OF,/players/jeff-mcneil/15362/stats/batting,2B/OF,10,10.0,AL,Jeff McNeil,643446,15362,15362
PHI,Phillies,91,364,392,90,59,18,3,12,45,51,14,0,86,9,3,2,,5,1,0.248605,0.290943,0.40785,0.698793,0.304603,0.0368623,0.220125,0.16746,0.159245,5.19689,0.29291,0.373371,,42.6727,-3.74329,2.28084,0.100303,0.473674,1.07608,-5.407324552536011,3.2308417558670044,87.5446,397.8,4.371428571,397.8,4.371428571,999.0,0.01142857,3B/SS,/players/edmundo-sosa/17022/stats/batting,3B/SS,26,26.0,NL,Edmundo Sosa,624641,17022,17022
PIT,Pirates,133,512,574,136,92,25,1,19,67,73,51,2,115,6,4,1,,2,1,0.265386,0.336996,0.426439,0.763435,0.33443,0.0884469,0.200663,0.440774,0.161053,2.90756,0.306793,-0.767673,,76.3162,8.34987,-0.31869,-0.65393,-1.4216,1.07394,3.9536293745040894,-12.068689703941345,107.775,678.4,5.100751879,678.4,5.100751879,285.44000244140625,0.28252788,1B/DH,/players/ryan-ohearn/16442/stats/batting,1B/DH,27,27.0,NL,Ryan O'Hearn,656811,16442,16442
ARI,Diamondbacks,104,393,448,93,63,19,3,7,53,45,42,0,116,9,3,2,,11,4,0.235804,0.32033,0.354325,0.674655,0.30307,0.0933685,0.259091,0.36037,0.118521,5.50773,0.312762,0.1215,,48.2141,-4.83282,4.41087,-0.0510021,0.0704979,1.07379,-5.630564793944359,1.6108739376068115,89.435,428.5,4.120192307,428.5,4.120192307,999.0,0.01923077,OF,/players/ryan-waldschmidt/35061/stats/batting,OF,15,15.0,NL,Ryan Waldschmidt,814439,35061,35061
SFG,Giants,141,561,609,133,96,25,1,12,66,55,29,0,143,8,3,7,,12,4,0.237769,0.282732,0.348555,0.631286,0.279578,0.0471997,0.235389,0.200518,0.110786,4.78556,0.297474,0.136336,,53.983,-18.1276,0.782782,0.26992,0.406256,1.06215,-16.67662039399147,7.307782053947449,76.7117,497.4,3.527659574,497.4,3.527659574,999.0,0.02797203,2B/SS,/players/christian-koss/27653/stats/batting,2B/SS,30,30.0,NL,Christian Koss,683766,27653,27653
MIA,Marlins,130,493,560,113,67,21,2,23,65,72,57,1,155,5,3,1,,11,4,0.229192,0.314617,0.420453,0.73507,0.322556,0.102534,0.277611,0.369345,0.191262,4.62229,0.283431,-0.31273,,69.0829,2.77427,-0.247736,-0.134656,-0.447386,1.06161,0.6668055355548859,-8.447735488414764,101.652,624.0,4.8,624.0,4.8,999.0,0.17592593,OF,/players/heriberto-hernandez/24878/stats/batting,OF,20,20.0,NL,Heriberto Hernández,681715,24878,24878
WSN,Nationals,126,494,546,115,75,21,3,16,65,60,39,0,128,9,3,1,,18,5,0.232166,0.298856,0.382979,0.681835,0.30118,0.0713911,0.233873,0.305256,0.150812,5.77774,0.279443,0.387812,,57.927,-6.72388,4.00075,1.04971,1.43752,1.04294,-7.359868049621582,-0.14925384521484375,86.6231,542.6,4.306349206,542.6,4.306349206,282.2200012207031,0.02262443,OF,/players/dylan-crews/33541/stats/batting,OF,24,24.0,NL,Dylan Crews,686611,33541,33541
SFG,Giants,126,497,546,119,87,16,8,7,67,49,33,0,152,5,3,7,,38,10,0.238574,0.291122,0.348313,0.639435,0.283198,0.060659,0.278532,0.217781,0.109739,8.45642,0.326064,0.081,,49.9955,-14.6554,1.46342,2.6896,2.7706,1.04033,-10.94818115234375,3.413423180580139,79.1399,485.4,3.852380952,485.4,3.852380952,999.0,0.0,2B/OF,/players/jonah-cox/33270/stats/batting,2B/OF,30,30.0,NL,Jonah Cox,813841,33270,33270
STL,Cardinals,97,384,420,93,65,17,1,9,46,43,27,0,109,5,3,1,,6,3,0.243443,0.298694,0.369693,0.668387,0.29562,0.063528,0.259799,0.244527,0.12625,4.3852,0.312803,0.0507711,,42.6729,-7.05861,1.5659,-0.345742,-0.294971,1.03929,-7.1640945971012115,3.7159016132354736,86.4217,375.4,3.870103092,375.4,3.870103092,999.0,0.02,2B/SS,/players/thomas-saggese/27883/stats/batting,2B/SS,28,28.0,NL,Thomas Saggese,695336,27883,27883
PIT,Pirates,81,281,320,60,38,11,0,10,35,36,27,0,76,7,2,2,,4,1,0.212553,0.296488,0.36379,0.660278,0.294305,0.0854766,0.236881,0.360843,0.151237,4.05801,0.251606,-0.171651,,32.1728,-5.71784,0.688793,-0.171542,-0.343194,1.02743,-7.7193626165390015,6.938792943954468,80.863,287.7,3.551851851,287.7,3.551851851,999.0,0.00561798,C,/players/henry-davis/29617/stats/batting,C,27,27.0,NL,Henry Davis,680779,29617,29617
CHC,Cubs,65,225,256,52,34,11,0,7,28,29,20,0,60,7,2,2,,0,0,0.230864,0.311366,0.370632,0.681998,0.304696,0.0779568,0.235111,0.331575,0.139768,2.6513,0.283497,-0.271022,,27.8872,-2.4253,-0.6556,-0.322202,-0.593223,1.02515,-2.789760410785675,4.344400405883789,92.8765,244.9,3.767692307,244.9,3.767692307,745.969970703125,0.10091743,C,/players/miguel-amaya/21693/stats/batting,C,17,17.0,NL,Miguel Amaya,665804,21693,21693
MIN,Twins,66,251,287,65,45,13,1,6,33,32,27,1,47,6,2,1,,4,1,0.260238,0.343037,0.389862,0.732899,0.326285,0.0939222,0.164807,0.569891,0.129624,4.2193,0.297408,0.0375386,,36.2695,2.28634,0.507572,-0.109237,-0.0716982,1.02499,2.6632112860679626,-2.767427444458008,108.193,316.6,4.796969696,316.6,4.796969696,999.0,0.01136364,OF,/players/alan-roden/31564/stats/batting,OF,8,8.0,AL,Alan Roden,702176,31564,31564
MIN,Twins,68,239,272,57,42,9,0,6,25,29,23,0,53,7,3,0,,0,0,0.237816,0.319772,0.355579,0.675351,0.303088,0.0836649,0.193155,0.433148,0.117763,1.7752,0.276201,-0.523456,,29.3198,-2.93462,-0.956842,-0.347516,-0.870972,1.02267,-3.3798381686210632,2.5931578874588013,92.0813,252.7,3.71617647,252.7,3.71617647,681.02001953125,0.16243655,C,/players/victor-caratini/14968/stats/batting,C,8,8.0,AL,Victor Caratini,605170,14968,14968
TOR,Blue Jays,71,256,285,55,36,11,0,8,28,30,25,0,74,2,2,1,,2,1,0.214605,0.286638,0.354777,0.641415,0.284942,0.0875517,0.261141,0.335266,0.140172,2.89129,0.267187,-0.0444628,,26.4608,-7.23821,1.24245,-0.229707,-0.27417,1.01058,-6.773243725299835,5.242449879646301,80.3664,241.1,3.395774647,241.1,3.395774647,999.0,0.02197802,C,/players/brandon-valenzuela/23813/stats/batting,C,14,14.0,AL,Brandon Valenzuela,678218,23813,23813
WSN,Nationals,113,454,490,113,76,22,1,14,54,60,27,0,129,4,4,1,,4,2,0.248895,0.295234,0.397048,0.692281,0.302814,0.0555105,0.263191,0.210913,0.148153,3.83834,0.314212,0.0137733,,52.6327,-5.38733,-0.109783,-0.433278,-0.419505,1.00841,-7.667672485113144,1.6402169615030289,87.7192,474.9,4.202654867,474.9,4.202654867,710.1199951171875,0.06586826,3B,/players/brady-house/29993/stats/batting,3B,24,24.0,NL,Brady House,691781,29993,29993
DET,Tigers,102,406,441,98,70,17,2,8,51,47,26,0,118,4,3,1,,15,5,0.240478,0.290856,0.350922,0.641779,0.284544,0.0584197,0.267194,0.218642,0.110445,5.76264,0.316994,-0.081,,40.8604,-11.3576,0.131562,0.487979,0.406979,1.00683,-10.446937054395676,4.706561774015427,78.8393,383.2,3.756862745,383.2,3.756862745,999.0,0.0,SS,/players/john-peck/33500/stats/batting,SS,6,6.0,AL,John Peck,807726,33500,33500
CIN,Reds,92,357,399,89,64,14,1,10,45,42,34,0,99,4,3,1,,12,3,0.248188,0.320097,0.376449,0.696546,0.310288,0.0863447,0.247368,0.349054,0.128261,4.56218,0.312637,0.0171228,,45.2673,-1.97756,-1.75055,0.693785,0.710908,1.00151,-2.8109580874443054,-0.3255479335784912,92.6719,410.1,4.457608695,410.1,4.457608695,999.0,0.02702703,OF,/players/dane-myers/22054/stats/batting,OF,18,18.0,NL,Dane Myers,667472,22054,22054
ATL,Braves,96,360,413,82,49,18,1,14,51,46,46,1,98,4,3,1,,3,1,0.229398,0.320408,0.406151,0.726559,0.320155,0.110555,0.237971,0.464574,0.176754,3.85248,0.273715,0.0319937,,50.1477,1.24512,1.23991,-0.435875,-0.403881,0.996673,0.1459241509437561,-3.785092353820801,101.105,441.6,4.6,441.6,4.6,656.0999755859375,0.02730375,OF,/players/mike-yastrzemski/14854/stats/batting,OF,16,16.0,NL,Mike Yastrzemski,573262,14854,14854
CIN,Reds,75,275,294,64,46,11,1,7,28,31,14,0,47,2,2,2,,1,1,0.233645,0.272602,0.355638,0.62824,0.276316,0.046531,0.161303,0.288469,0.121992,2.61322,0.256593,-0.175337,,25.3205,-9.53889,2.35271,-0.428365,-0.603702,0.987169,-11.282049655914307,8.102709770202637,69.8866,233.9,3.118666666,233.9,3.118666666,999.0,0.00680272,C,/players/jose-trevino/16725/stats/batting,C,18,18.0,NL,Jose Trevino,624431,16725,16725
TOR,Blue Jays,87,329,378,78,53,15,1,9,44,36,37,1,76,7,3,2,,7,2,0.237041,0.325533,0.370013,0.695547,0.310757,0.098573,0.200368,0.49196,0.132973,4.58712,0.280323,0.0364153,,43.028,-1.7303,-1.60033,-0.0795819,-0.0431666,0.957506,-0.7917530909180641,-3.20032799243927,98.2973,381.3,4.38275862,381.3,4.38275862,428.9100036621094,0.05555556,3B/SS,/players/josh-smith/26396/stats/batting,3B/SS,14,14.0,AL,Josh Smith,669701,26396,26396
WSN,Nationals,99,363,390,94,64,20,0,11,40,46,19,1,43,4,3,1,,2,1,0.258194,0.300713,0.400122,0.700835,0.306272,0.0493783,0.109601,0.450527,0.141928,2.64666,0.266079,-0.714515,,43.0248,-3.20179,-3.2498,-0.421949,-1.13646,0.945426,-5.8208465576171875,4.375202894210815,90.0382,394.8,3.987878787,394.8,3.987878787,720.3499755859375,0.0,C,/players/keibert-ruiz/19610/stats/batting,C,24,24.0,NL,Keibert Ruiz,660688,19610,19610
KCR,Royals,109,427,469,101,70,18,4,9,51,43,28,0,97,5,3,7,,8,3,0.236759,0.288346,0.357549,0.645895,0.285519,0.0588197,0.207681,0.283221,0.120791,5.5468,0.285506,0.564743,,43.8244,-11.7091,2.83736,-0.00493284,0.55981,0.941331,-11.888394296169281,4.5123584270477295,77.1799,404.0,3.706422018,404.0,3.706422018,999.0,0.0,OF,/players/kyle-isbel/21614/stats/batting,OF,7,7.0,AL,Kyle Isbel,664728,21614,21614
SFG,Giants,126,495,546,124,86,18,5,14,61,59,43,2,136,3,4,1,,10,4,0.249512,0.31042,0.390848,0.701268,0.307801,0.0781586,0.24993,0.312722,0.141335,5.43445,0.314163,0.0,,60.8476,-3.80326,-0.462337,-0.222958,-0.222958,0.93168,-3.0895535200834274,-5.512337327003479,95.6412,557.5,4.424603174,557.5,4.424603174,999.0,0.16666667,OF,/players/chanteyon-davidson/33405/stats/batting,OF,30,30.0,NL,Bo Davidson,815589,33405,33405
PIT,Pirates,130,518,560,142,107,26,3,6,60,49,28,1,101,8,3,3,,25,8,0.273766,0.319235,0.368098,0.687333,0.304563,0.0500349,0.179775,0.278319,0.0943328,5.70061,0.328056,0.269594,,60.9427,-5.36592,3.6586,0.778977,1.04857,0.931299,-7.219428896903992,-1.841400146484375,87.7424,559.2,4.301538461,559.2,4.301538461,672.4199829101562,0.00332226,OF,/players/jake-mangum/26202/stats/batting,OF,27,27.0,NL,Jake Mangum,663968,26202,26202
TBR,Rays,130,488,560,104,72,22,3,7,65,47,59,0,135,3,4,6,,25,6,0.213245,0.299997,0.310451,0.610447,0.277762,0.10568,0.241263,0.438029,0.0972052,6.38271,0.278338,0.211215,,48.8179,-17.4907,-1.99879,1.80046,2.01168,0.928552,-14.727854490280151,4.001211524009705,74.2997,457.8,3.521538461,457.8,3.521538461,999.0,0.00446429,SS,/players/taylor-walls/22458/stats/batting,SS,12,12.0,AL,Taylor Walls,670764,22458,22458
PHI,Phillies,55,220,238,67,52,11,2,3,28,25,13,1,11,2,2,1,,3,1,0.304803,0.344277,0.407141,0.751418,0.328809,0.0532539,0.0448567,1.1872,0.102339,4.72696,0.307881,0.150462,,30.5625,2.38138,-0.658826,-0.129426,0.0210359,0.919793,1.104518124833703,0.19117408990859985,103.78,274.6,4.992727272,274.6,4.992727272,280.04998779296875,0.09646302,1B/2B,/players/luis-arraez/18568/stats/batting,1B/2B,26,26.0,NL,Luis Arraez,650333,18568,18568
WSN,Nationals,60,204,237,45,30,9,0,5,27,24,27,0,56,4,1,0,,4,2,0.221901,0.322218,0.346204,0.668423,0.302983,0.114837,0.238331,0.48184,0.124303,4.11449,0.279053,0.0,,25.4678,-2.57126,-0.367295,-0.178044,-0.178044,0.889039,-3.6485808342695236,4.257704943418503,87.8323,216.1,3.601666666,216.1,3.601666666,725.52001953125,0.04761905,C,/players/harry-ford/29958/stats/batting,C,24,24.0,NL,Harry Ford,695670,29958,29958
TEX,Rangers,86,331,371,78,47,18,1,12,43,43,31,0,74,5,2,1,,3,1,0.235677,0.309045,0.404973,0.714018,0.314461,0.0828957,0.199486,0.415548,0.169296,3.4797,0.267073,-0.00220154,,43.3414,-0.5881,0.0635112,-0.341023,-0.343225,0.888732,0.6920114159584045,-5.111488960683346,102.399,387.4,4.504651162,387.4,4.504651162,999.0,0.29,2B/DH,/players/justin-foscue/27501/stats/batting,2B/DH,13,13.0,AL,Justin Foscue,679822,27501,27501
BOS,Red Sox,96,360,413,87,61,19,1,6,46,36,44,0,86,3,3,3,,7,2,0.241158,0.327287,0.346496,0.673783,0.304059,0.107309,0.208925,0.513625,0.105338,4.34471,0.30012,-0.2214,,44.7772,-4.12544,-0.315233,-0.293962,-0.515362,0.888207,-5.1229076981544495,-0.7902330756187439,90.4081,393.1,4.094791666,393.1,4.094791666,999.0,0.00877193,1B/2B,/players/nick-sogard/25483/stats/batting,1B/2B,3,3.0,AL,Nick Sogard,686765,25483,25483
TEX,Rangers,75,255,294,54,31,12,1,11,31,33,30,1,70,6,2,2,,1,0,0.209954,0.306663,0.386359,0.693023,0.307719,0.103574,0.236299,0.438317,0.176405,2.6805,0.242865,-0.363168,,32.7891,-2.07031,-1.60747,-0.375849,-0.739017,0.884077,-1.5211553573608398,4.142531037330627,97.7158,301.2,4.016,301.2,4.016,999.0,0.03773585,C,/players/danny-jansen/16535/stats/batting,C,13,13.0,AL,Danny Jansen,643376,16535,16535
LAA,Angels,128,490,541,123,86,21,1,15,54,63,43,2,105,3,4,1,,2,1,0.251351,0.314071,0.3879,0.70197,0.308976,0.0798928,0.193843,0.412153,0.136548,2.61613,0.289927,-0.160332,,60.8039,-3.25498,-0.131146,-0.860982,-1.02131,0.873689,-2.7111644744873047,-7.856146335601807,97.3144,545.4,4.2609375,545.4,4.2609375,594.3599853515625,0.68032787,DH,/players/moises-ballesteros/28820/stats/batting,DH,1,1.0,AL,Moisés Ballesteros,694208,28820,28820
STL,Cardinals,105,417,455,105,77,17,2,9,50,47,27,0,71,5,4,2,,11,4,0.251719,0.303196,0.366831,0.670026,0.2963,0.0591415,0.15499,0.381583,0.115111,5.1266,0.281876,0.119674,,46.4787,-7.39706,-0.792456,-0.0615557,0.0581183,0.864685,-7.13366561755538,0.8325437307357788,86.8774,422.0,4.019047619,422.0,4.019047619,999.0,0.0,OF,/players/nathan-church/31357/stats/batting,OF,28,28.0,NL,Nathan Church,701675,31357,31357
TBR,Rays,70,277,301,67,43,15,1,8,33,35,18,0,63,3,2,1,,12,3,0.242331,0.293878,0.389566,0.683444,0.299727,0.0607616,0.207978,0.292154,0.147235,5.66961,0.28505,0.12571,,31.5809,-4.06002,1.20278,0.5287,0.65441,0.85967,-3.001867353916168,0.7777773439884186,89.5563,300.0,4.285714285,300.0,4.285714285,999.0,0.02173913,OF,/players/jonny-deluca/26365/stats/batting,OF,12,12.0,AL,Jonny DeLuca,676356,26365,26365
SFG,Giants,99,394,427,90,58,16,1,15,45,51,26,1,119,4,3,1,,10,3,0.227844,0.280256,0.385845,0.6661,0.29157,0.0599862,0.277816,0.21592,0.158,4.55013,0.284804,-0.0856546,,41.9868,-8.5735,1.30115,0.277695,0.192041,0.85633,-7.648941457271576,2.176147222518921,84.7547,403.7,4.077777777,403.7,4.077777777,999.0,0.05479452,3B,/players/shay-whitcomb/27789/stats/batting,3B,30,30.0,NL,Shay Whitcomb,694376,27789,27789
LAA,Angels,125,492,539,110,72,22,1,15,54,59,37,0,150,5,3,2,,7,3,0.224019,0.283421,0.365315,0.648736,0.286781,0.069458,0.279146,0.248823,0.141297,4.07787,0.288747,-0.0388905,,50.9147,-12.9073,-0.973083,-0.342776,-0.381666,0.847572,-11.729676127433777,0.9519166946411133,81.8985,465.4,3.7232,465.4,3.7232,999.0,0.0,3B,/players/denzer-guzman/28816/stats/batting,3B,1,1.0,AL,Denzer Guzman,694203,28816,28816
STL,Cardinals,86,324,371,79,55,18,0,6,40,38,36,0,47,5,3,2,,10,3,0.244231,0.326834,0.357807,0.684641,0.307067,0.0977799,0.126271,0.774367,0.113576,4.04482,0.26556,-0.00906972,,41.1252,-2.80423,-0.549652,0.242365,0.233296,0.8333,-2.4035511016845703,-1.4746519923210144,94.0993,360.6,4.193023255,360.6,4.193023255,999.0,0.01851852,2B/3B/OF,/players/jose-fermin/21746/stats/batting,2B/3B/OF,28,28.0,NL,José Fermín,665877,21746,21746
ATH,Athletics,66,266,287,73,55,15,1,2,28,27,14,0,33,4,2,1,,6,2,0.276153,0.320827,0.366476,0.687303,0.305179,0.0488237,0.116682,0.418433,0.0903223,4.17865,0.306162,0.0,,31.376,-2.60713,1.88397,-0.137473,-0.137473,0.832233,-4.906371623277664,2.9089709520339966,85.7137,270.6,4.1,270.6,4.1,999.0,0.0,2B/3B,/players/joshua-kuroda-grauer/35121/stats/batting,2B/3B,10,10.0,AL,Joshua Kuroda-Grauer,811965,35121,35121
KCR,Royals,141,540,583,132,84,24,1,23,57,78,27,4,116,11,4,0,,1,0,0.243704,0.29075,0.419253,0.710003,0.306637,0.0456323,0.199407,0.22884,0.175549,1.83132,0.268154,-2.03971,,64.3787,-4.6059,-1.14814,-0.610569,-2.65028,0.831821,-8.174322366714478,-2.5231356620788574,91.8479,606.6,4.302127659,606.6,4.302127659,91.13999938964844,0.38585209,C,/players/salvador-perez/7304/stats/batting,C,7,7.0,AL,Salvador Perez,521692,7304,7304
NYY,Yankees,81,315,350,77,49,14,2,13,42,42,27,1,89,5,2,0,,3,1,0.24574,0.314491,0.423961,0.738451,0.322401,0.0779979,0.255468,0.305314,0.17822,4.11342,0.29967,-0.0832382,,43.1331,1.69018,-2.40916,-0.331798,-0.415036,0.828862,1.995895802974701,-6.259155511856079,105.922,389.3,4.806172839,389.3,4.806172839,218.8000030517578,0.01486989,OF,/players/heliot-ramos/22515/stats/batting,OF,9,9.0,AL,Heliot Ramos,671218,22515,22515
CLE,Guardians,45,158,179,34,24,6,0,4,17,16,16,0,40,2,1,2,,1,1,0.215224,0.293313,0.331797,0.62511,0.281504,0.0914754,0.223387,0.409493,0.116573,2.63105,0.259208,-0.134497,,16.1635,-5.05527,1.11773,-0.235572,-0.370069,0.824287,-4.988549739122391,4.617726445198059,77.8413,140.5,3.122222222,140.5,3.122222222,999.0,0.00657895,C,/players/austin-hedges/12976/stats/batting,C,5,5.0,AL,Austin Hedges,595978,12976,12976
LAA,Angels,107,411,462,90,61,15,4,11,45,48,43,0,145,4,3,1,,8,4,0.218151,0.295092,0.34955,0.644642,0.287593,0.0922908,0.314331,0.293611,0.131399,5.09977,0.30611,-0.0461872,,43.9443,-10.7603,0.0878907,-0.528861,-0.575048,0.815802,-9.998770594596863,1.637890748679638,82.4627,407.7,3.810280373,407.7,3.810280373,748.3499755859375,0.04347826,2B,/players/christian-moore/34979/stats/batting,2B,1,1.0,AL,Christian Moore,695681,34979,34979
LAA,Angels,143,555,616,138,95,27,1,15,67,72,44,0,116,11,5,1,,6,1,0.248929,0.314365,0.382664,0.697028,0.309058,0.0711979,0.188279,0.378151,0.133734,3.45119,0.28689,0.240882,,69.2743,-3.66518,-1.38281,-0.306161,-0.0652793,0.809445,-1.9483538195490837,-11.932807564735413,97.3717,616.4,4.31048951,616.4,4.31048951,999.0,0.024,1B/2B,/players/vaughn-grissom/26031/stats/batting,1B/2B,1,1.0,AL,Vaughn Grissom,687093,26031,26031
SDP,Padres,115,445,497,109,77,18,5,10,61,51,39,1,104,6,4,2,,22,6,0.246076,0.31394,0.374263,0.688203,0.304599,0.0794586,0.208575,0.380959,0.128187,6.83528,0.297402,0.0477519,,54.1014,-4.74752,-0.840459,1.41755,1.4653,0.804465,-1.6927260160446167,-6.565459370613098,94.7246,500.1,4.348695652,500.1,4.348695652,999.0,0.03125,OF,/players/dustin-harris/25705/stats/batting,OF,29,29.0,NL,Dustin Harris,687957,25705,25705
LAA,Angels,65,227,256,48,37,7,1,3,24,20,16,0,46,6,1,6,,3,1,0.211916,0.280293,0.296182,0.576476,0.262072,0.0620327,0.18112,0.342496,0.0842665,4.53099,0.251019,-0.269779,,19.072,-11.2406,2.07144,-0.0935341,-0.363314,0.798286,-10.863255351781845,7.071441650390625,64.7361,164.9,2.536923076,164.9,2.536923076,999.0,0.00699301,C,/players/tyler-heineman/13897/stats/batting,C,1,1.0,AL,Tyler Heineman,623168,13897,13897
NYY,Yankees,44,171,189,39,24,9,1,5,21,21,15,0,45,1,1,1,,7,2,0.231193,0.297736,0.382836,0.680572,0.300188,0.0815351,0.23816,0.342354,0.151642,5.90172,0.283306,0.208762,,19.9003,-2.47885,1.43341,0.292859,0.501621,0.785868,-1.5880226492881775,2.6084060668945312,90.4941,181.9,4.134090909,181.9,4.134090909,641.989990234375,0.0,SS,/players/anthony-volpe/27647/stats/batting,SS,9,9.0,AL,Anthony Volpe,683011,27647,27647
MIL,Brewers,130,490,560,121,81,22,2,16,71,66,61,5,143,4,4,1,,14,3,0.246404,0.333003,0.398085,0.731087,0.321583,0.109187,0.255267,0.427736,0.151681,4.97094,0.312286,0.712859,,68.6427,2.33409,0.0,0.693287,1.40615,0.785783,3.5099408626556396,-14.0,103.119,626.4,4.818461538,626.4,4.818461538,127.22000122070312,0.92015209,OF,/players/christian-yelich/11477/stats/batting,OF,23,23.0,NL,Christian Yelich,592885,11477,11477
TEX,Rangers,86,342,371,84,58,16,1,10,40,40,22,1,57,2,2,2,,4,2,0.244554,0.292358,0.380217,0.672575,0.295155,0.0583084,0.153612,0.379583,0.135663,4.04773,0.266592,-0.0490343,,37.555,-6.3745,-0.882786,-0.398851,-0.447886,0.783115,-5.199045270681381,-0.2577860355377197,88.9895,348.5,4.052325581,348.5,4.052325581,999.0,0.04761905,2B/3B,/players/cody-freeman/25629/stats/batting,2B/3B,13,13.0,AL,Cody Freeman,683227,25629,25629
SFG,Giants,102,353,403,78,55,14,2,7,39,38,38,0,124,7,2,2,,3,1,0.220238,0.306786,0.330215,0.637001,0.288425,0.0948553,0.306842,0.309134,0.109977,3.89835,0.313937,-0.0436154,,38.6223,-9.11993,0.7299,-0.322643,-0.366258,0.770133,-8.794499099254608,8.604900002479553,82.6456,339.5,3.328431372,339.5,3.328431372,999.0,0.03703704,C,/players/drew-cavanaugh/33380/stats/batting,C,30,30.0,NL,Drew Cavanaugh,701852,33380,33380
SEA,Mariners,57,208,245,46,30,9,1,7,29,25,33,0,60,3,1,0,,2,1,0.222512,0.332598,0.369839,0.702437,0.315917,0.132702,0.244458,0.542841,0.147327,3.54295,0.276418,-0.324,,28.9099,-0.10016,-0.162666,-0.372765,-0.696765,0.731003,1.5845087766647339,-3.0876656770706177,108.006,256.2,4.494736842,256.2,4.494736842,148.42999267578125,0.12542373,OF,/players/taylor-ward/17548/stats/batting,OF,11,11.0,AL,Taylor Ward,621493,17548,17548
BAL,Orioles,92,375,399,88,56,18,1,14,41,50,17,0,92,3,3,1,,6,3,0.235823,0.272391,0.396189,0.66858,0.290287,0.0422398,0.230307,0.183407,0.160366,3.85125,0.274513,-0.0895401,,38.8203,-8.42456,-1.18786,-0.504697,-0.594237,0.709175,-7.212537467479706,0.03714299201965332,85.7388,370.3,4.025,370.3,4.025,999.0,0.03496503,2B/OF,/players/jeremiah-jackson/22239/stats/batting,2B/OF,2,2.0,AL,Jeremiah Jackson,669236,22239,22239
BAL,Orioles,52,196,205,51,35,10,0,6,21,25,6,0,26,1,2,0,,1,1,0.257999,0.281354,0.400742,0.682096,0.29609,0.0295899,0.128431,0.230394,0.142744,2.90018,0.270254,-0.124663,,20.8858,-3.36422,-1.37537,-0.205643,-0.330306,0.698483,-2.7673992812633514,2.624626636505127,89.7688,195.1,3.751923076,195.1,3.751923076,999.0,0.10344828,C,/players/yohel-pozo/18848/stats/batting,C,2,2.0,AL,Yohel Pozo,650968,18848,18848
SEA,Mariners,63,240,273,55,37,11,1,6,31,32,22,0,63,9,2,1,,4,2,0.228799,0.313221,0.363634,0.676855,0.303264,0.0787755,0.231011,0.341002,0.134835,4.92759,0.280903,-0.0405,,29.4231,-2.90232,-0.100435,-0.124628,-0.165128,0.696,-0.41384734213352203,-2.425434850156307,99.2167,257.0,4.079365079,257.0,4.079365079,999.0,0.14285714,2B,/players/michael-arroyo/30384/stats/batting,2B,11,11.0,AL,Michael Arroyo,703197,30384,30384
LAA,Angels,87,345,378,73,44,14,1,14,45,44,24,1,130,4,2,2,,11,3,0.211912,0.270602,0.380245,0.650847,0.284131,0.0645937,0.344576,0.187458,0.168333,5.61052,0.291052,0.0998957,,34.897,-9.86128,3.40094,0.617961,0.717856,0.681912,-8.049861133098602,1.3509445190429688,80.0576,338.2,3.887356321,338.2,3.887356321,999.0,0.0,OF,/players/jose-siri/17452/stats/batting,OF,1,1.0,AL,Jose Siri,642350,17452,17452
ATH,Athletics,104,376,412,84,55,17,0,13,41,46,30,0,76,2,3,1,,1,0,0.223752,0.28294,0.370378,0.653319,0.288135,0.0726849,0.18512,0.392637,0.146626,2.48207,0.246825,-0.40968,,39.3687,-9.4155,-0.94573,-0.327484,-0.737164,0.677573,-13.255971014499664,6.004269599914551,73.8755,363.8,3.498076923,363.8,3.498076923,999.0,0.20720721,C,/players/jonah-heim/16930/stats/batting,C,10,10.0,AL,Jonah Heim,641680,16930,16930
HOU,Astros,91,342,392,71,41,16,2,13,45,43,43,1,117,4,2,1,,9,3,0.208949,0.302483,0.381819,0.684303,0.303455,0.108554,0.299638,0.362286,0.172871,5.23053,0.272974,-0.057293,,42.3092,-4.10684,-0.801604,-0.112592,-0.169885,0.635909,-2.945310667157173,-4.70160436630249,93.9127,385.3,4.234065934,385.3,4.234065934,999.0,0.01204819,OF,/players/taylor-trammell/19960/stats/batting,OF,21,21.0,AL,Taylor Trammell,666211,19960,19960
STL,Cardinals,92,346,399,91,71,13,2,5,43,36,44,0,73,3,3,4,,10,4,0.262101,0.346555,0.35274,0.699295,0.316095,0.109335,0.182117,0.600358,0.0906395,4.78941,0.316596,-0.090234,,47.1391,-0.105792,-1.81471,-0.0503158,-0.14055,0.622805,-0.06633134186267853,-6.789708137512207,100.154,408.5,4.440217391,408.5,4.440217391,999.0,0.109375,OF,/players/bryan-torres/21464/stats/batting,OF,28,28.0,NL,Bryan Torres,663494,21464,21464
WSN,Nationals,83,319,357,77,45,17,0,14,43,47,31,0,84,4,2,0,,1,0,0.241341,0.315641,0.43293,0.748571,0.327106,0.0873296,0.234847,0.371857,0.191589,2.63387,0.280745,-0.156637,,45.3526,3.08091,0.742207,-0.312842,-0.469479,0.619071,1.255672663450241,-6.782793402671814,104.012,400.0,4.819277108,400.0,4.819277108,999.0,0.20689655,1B/DH,/players/andres-chaparro/21797/stats/batting,1B/DH,24,24.0,NL,Andrés Chaparro,665953,21797,21797
KCR,Royals,86,329,371,76,48,16,3,10,44,38,35,0,92,2,2,3,,12,3,0.232373,0.307866,0.385178,0.693044,0.306601,0.0937913,0.248566,0.377329,0.152805,6.10242,0.291432,0.0306148,,40.9856,-2.9439,-0.327033,0.614707,0.645321,0.596953,-2.883251905441284,-4.402033746242523,91.8227,379.5,4.412790697,379.5,4.412790697,999.0,0.01470588,OF,/players/john-rave/26284/stats/batting,OF,7,7.0,AL,John Rave,670231,26284,26284
KCR,Royals,62,239,266,57,41,10,2,3,34,23,17,0,65,3,2,4,,24,4,0.236534,0.294297,0.336676,0.630973,0.281863,0.0634305,0.24592,0.257931,0.100142,7.88265,0.308402,-0.0992694,,24.0698,-7.42681,0.917849,2.73601,2.63674,0.589072,-5.209274768829346,1.5678494572639465,74.6399,243.2,3.922580645,243.2,3.922580645,999.0,0.03496503,OF,/players/tyler-tolbert/25779/stats/batting,OF,7,7.0,AL,Tyler Tolbert,686475,25779,25779
SDP,Padres,92,332,367,71,48,16,2,6,34,32,29,0,78,3,2,1,,6,2,0.213652,0.279973,0.32378,0.603753,0.270051,0.0788814,0.213019,0.370301,0.110128,4.83689,0.26083,0.0,,29.7234,-13.7561,0.24127,-0.0588638,-0.0588638,0.585542,-12.640553649514914,6.166270241141319,71.5535,281.6,3.060869565,281.6,3.060869565,999.0,0.33333333,C/DH,/players/ethan-salas/32051/stats/batting,C/DH,29,29.0,NL,Ethan Salas,806956,32051,32051
MIL,Brewers,66,257,287,58,40,10,2,6,34,27,24,0,70,2,2,3,,23,5,0.224614,0.293342,0.344511,0.637853,0.284909,0.0835748,0.242728,0.344315,0.119897,7.19807,0.283645,0.210962,,26.6763,-7.3069,0.315243,2.06342,2.27438,0.572321,-5.15054988861084,1.4402433037757874,78.5215,272.3,4.125757575,272.3,4.125757575,743.3300170898438,0.01818182,2B/3B/SS,/players/david-hamilton/27531/stats/batting,2B/3B/SS,23,23.0,NL,David Hamilton,666152,27531,27531
NYM,Mets,104,409,448,98,59,18,1,20,51,64,30,0,114,4,3,0,,1,0,0.240109,0.297662,0.438968,0.73663,0.319812,0.0680434,0.254984,0.266854,0.198859,2.35068,0.280381,-0.458343,,54.2732,1.22631,-1.36238,-0.458638,-0.916981,0.560127,0.6975499391555786,-9.762383222579956,102.992,489.6,4.707692307,489.6,4.707692307,652.5700073242188,0.28571429,3B/DH,/players/mark-vientos/22184/stats/batting,3B/DH,25,25.0,NL,Mark Vientos,668901,22184,22184
DET,Tigers,52,201,224,48,31,10,2,6,27,27,18,0,61,4,1,0,,4,2,0.240172,0.311994,0.390518,0.702512,0.310251,0.0806304,0.273141,0.295197,0.150345,5.44859,0.313634,-0.000244528,,25.4065,-1.11693,0.92873,-0.122568,-0.122813,0.558301,-0.9838842228055,-1.471270203590393,96.695,232.6,4.473076923,232.6,4.473076923,999.0,0.01538462,OF,/players/ben-malgeri/29577/stats/batting,OF,6,6.0,AL,Ben Malgeri,701162,29577,29577
TEX,Rangers,105,406,455,98,80,14,3,2,41,33,33,1,72,7,3,6,,8,4,0.2412,0.306901,0.302558,0.609459,0.276463,0.0724541,0.158426,0.457338,0.0613586,4.6908,0.28664,0.43774,,39.1874,-14.6883,0.420911,-0.688464,-0.250724,0.557247,-12.948187917470932,2.2959105372428894,76.0068,343.3,3.269523809,343.3,3.269523809,999.0,0.0,2B/SS,/players/nicky-lopez/19339/stats/batting,2B/SS,13,13.0,AL,Nicky Lopez,670032,19339,19339
ATL,Braves,65,244,280,55,40,9,1,5,30,26,30,1,55,2,2,1,,9,2,0.223392,0.312899,0.328449,0.641347,0.29038,0.108097,0.194945,0.5545,0.105057,5.0851,0.266763,0.005832,,27.2633,-5.89102,-0.519471,0.46383,0.469662,0.554043,-5.892761409282684,2.230529010295868,81.135,250.3,3.85076923,250.3,3.85076923,748.3800048828125,0.0,SS,/players/ha-seong-kim/27506/stats/batting,SS,16,16.0,NL,Ha-Seong Kim,673490,27506,27506
BAL,Orioles,68,267,294,63,43,11,3,6,33,30,23,0,67,1,2,2,,10,3,0.235389,0.295234,0.367183,0.662417,0.292844,0.0766458,0.228365,0.335628,0.131794,6.34968,0.289469,0.0861128,,29.2116,-5.60046,0.832281,0.499556,0.585669,0.551623,-3.6838600635528564,-1.3177189230918884,87.5142,273.8,4.026470588,273.8,4.026470588,999.0,0.0,OF,/players/leody-taveras/18900/stats/batting,OF,2,2.0,AL,Leody Taveras,665750,18900,18900
CHW,White Sox,45,181,196,40,27,7,1,6,22,19,12,0,58,1,1,1,,8,2,0.223468,0.273521,0.366244,0.639765,0.28128,0.0611737,0.29357,0.208378,0.142776,6.0394,0.29182,0.0574492,,17.6433,-5.56471,2.20441,0.593426,0.650875,0.550663,-4.442250669002533,2.9044124484062195,77.6586,174.0,3.866666666,174.0,3.866666666,166.25,0.02283105,OF,/players/brenton-doyle/25479/stats/batting,OF,4,4.0,AL,Brenton Doyle,686668,25479,25479
KCR,Royals,57,215,245,52,34,12,1,5,26,25,24,0,40,3,2,1,,3,1,0.241103,0.323445,0.375469,0.698915,0.311805,0.0974301,0.162889,0.59814,0.134367,4.39796,0.272809,0.0345106,,28.0959,-0.914127,0.117531,-0.137335,-0.102825,0.541897,-1.4030564203858376,-1.9574690237641335,95.4371,247.6,4.343859649,247.6,4.343859649,999.0,0.0097561,2B/3B,/players/nick-loftin/27630/stats/batting,2B/3B,7,7.0,AL,Nick Loftin,679845,27630,27630
TOR,Blue Jays,94,365,406,87,64,18,2,3,46,33,33,0,68,2,3,4,,12,2,0.23856,0.301766,0.325586,0.627351,0.281694,0.0801194,0.168438,0.47566,0.0870251,5.67469,0.282476,0.341679,,36.6828,-11.391,2.92376,0.808361,1.15004,0.537185,-9.186484098434448,0.07375812530517578,78.1107,336.2,3.576595744,336.2,3.576595744,999.0,0.00653595,OF,/players/myles-straw/17620/stats/batting,OF,14,14.0,AL,Myles Straw,664702,17620,17620
TBR,Rays,37,134,147,32,23,6,0,3,15,15,8,0,23,3,1,1,,1,0,0.239872,0.294185,0.362088,0.656273,0.291191,0.0525777,0.156555,0.335843,0.122216,2.48317,0.265275,0.0119145,,14.4291,-3.00055,-0.57683,-0.178061,-0.166146,0.534805,-2.9692534059286118,2.298170328140259,83.6275,125.7,3.397297297,125.7,3.397297297,999.0,0.02475248,C,/players/nick-fortes/21538/stats/batting,C,12,12.0,AL,Nick Fortes,663743,21538,21538
BAL,Orioles,29,112,126,28,20,5,1,3,14,13,10,0,35,3,1,1,,3,1,0.249217,0.322157,0.376551,0.698708,0.310855,0.077913,0.2747,0.283629,0.127334,5.14858,0.334339,0.0874051,,14.3526,-0.566804,0.201201,-0.082587,0.00481812,0.531991,0.008412143914029002,0.7512007057666779,100.025,135.1,4.658620689,135.1,4.658620689,745.9099731445312,0.00534759,3B,/players/blaze-alexander/23789/stats/batting,3B,2,2.0,AL,Blaze Alexander,677942,23789,23789
TEX,Rangers,83,314,357,79,58,15,1,6,41,36,31,1,66,8,2,2,,10,4,0.25239,0.333403,0.361466,0.694868,0.311949,0.0876452,0.186212,0.470675,0.109076,4.89286,0.30174,0.0901077,,40.9813,-1.29042,-0.636824,-0.166999,-0.0768911,0.527929,0.1947709023952484,-7.661823987960815,100.654,358.8,4.322891566,358.8,4.322891566,999.0,0.08917197,OF,/players/alejandro-osuna/27915/stats/batting,OF,13,13.0,AL,Alejandro Osuna,696030,27915,27915
SEA,Mariners,32,114,128,28,21,5,0,2,12,11,12,0,29,1,1,1,,0,0,0.244607,0.319497,0.336485,0.655982,0.295767,0.0940434,0.226938,0.414401,0.0918784,2.53297,0.310257,-0.0898546,,13.0203,-2.13596,-0.530611,-0.135581,-0.225436,0.526795,-1.1172146648168564,1.9693889617919922,94.01,115.1,3.596875,115.1,3.596875,999.0,0.0,C,/players/jhonny-pereda/19802/stats/batting,C,11,11.0,AL,Jhonny Pereda,640902,19802,19802
SFG,Giants,104,413,448,100,70,19,2,9,45,44,25,0,78,5,3,2,,7,3,0.241278,0.290082,0.360383,0.650465,0.287482,0.0549442,0.174074,0.315636,0.119104,4.55845,0.276487,0.0405,,42.5725,-10.4744,-1.13422,-0.443659,-0.403159,0.526694,-10.108991771936417,0.7157771587371826,82.0134,393.0,3.778846153,393.0,3.778846153,999.0,0.01851852,2B/SS,/players/osleivis-basabe/23985/stats/batting,2B/SS,30,30.0,NL,Osleivis Basabe,678545,23985,23985
TBR,Rays,42,166,182,42,31,8,1,2,19,18,13,0,36,2,1,1,,4,1,0.255547,0.314344,0.354305,0.668649,0.298128,0.0705142,0.197653,0.356758,0.0987586,5.07788,0.31285,-0.00653968,,18.8603,-2.69,0.391736,0.129125,0.122585,0.526239,-2.3232907205820084,1.0417357385158539,88.4456,166.7,3.969047619,166.7,3.969047619,999.0,0.00546448,2B/3B,/players/ben-williamson/33197/stats/batting,2B/3B,12,12.0,AL,Ben Williamson,810938,33197,33197
CHW,White Sox,50,201,217,50,29,12,1,9,27,29,12,1,47,2,2,0,,0,0,0.250846,0.2966,0.447669,0.744269,0.319794,0.0555718,0.216039,0.25723,0.196822,3.33462,0.284276,0.048198,,26.2855,0.590877,-0.101961,-0.268083,-0.219885,0.525029,0.8931011259555817,-3.4269614219665527,104.41,246.1,4.922,246.1,4.922,999.0,0.44019139,OF,/players/randal-grichuk/10243/stats/batting,OF,4,4.0,AL,Randal Grichuk,545341,10243,10243
ATH,Athletics,39,147,168,40,31,7,0,2,17,16,16,0,21,4,1,0,,2,1,0.273159,0.35789,0.355295,0.713185,0.323451,0.0972709,0.12424,0.782927,0.0821367,2.91583,0.306906,-0.041634,,20.8463,0.953752,0.684516,-0.405364,-0.446998,0.522292,-0.7586735188961029,-0.06548380851745605,98.4049,177.1,4.541025641,177.1,4.541025641,999.0,0.07692308,2B,/players/michael-stefanic/25353/stats/batting,2B,10,10.0,AL,Michael Stefanic,683021,25353,25353
DET,Tigers,47,176,203,39,24,9,1,6,23,23,24,0,50,1,1,0,,1,1,0.224088,0.318632,0.384723,0.703354,0.312698,0.117702,0.246259,0.477961,0.160634,3.25761,0.27424,0.00126121,,23.4259,-0.610956,0.504146,-0.290259,-0.288998,0.519812,-0.6680790781974792,-1.4208544492721558,98.3945,204.7,4.355319148,204.7,4.355319148,999.0,0.12,3B,/players/jace-jung/31437/stats/batting,3B,6,6.0,AL,Jace Jung,690291,31437,31437
WSN,Nationals,71,268,308,63,46,12,1,4,31,27,31,0,44,6,2,1,,4,2,0.234781,0.324924,0.328984,0.653908,0.297231,0.100487,0.143571,0.699911,0.0942024,4.01815,0.26674,0.073872,,31.6942,-4.77556,0.427171,-0.372677,-0.298805,0.518994,-6.244036912918091,1.3271713852882385,83.9745,275.9,3.885915492,275.9,3.885915492,999.0,0.02702703,2B/3B,/players/jorbit-vivas/23917/stats/batting,2B/3B,24,24.0,NL,Jorbit Vivas,678391,23917,23917
MIL,Brewers,65,251,280,65,42,13,1,9,29,37,23,0,53,4,2,0,,0,0,0.258737,0.327822,0.420651,0.748473,0.328771,0.0824775,0.187916,0.438906,0.161914,2.14913,0.29428,-0.391531,,35.9474,2.79306,-0.860919,-0.386138,-0.777669,0.513476,1.9002429246902466,-5.9609187841415405,107.94,322.0,4.953846153,322.0,4.953846153,272.2699890136719,0.10144928,1B/OF,/players/andrew-vaughn/26197/stats/batting,1B/OF,23,23.0,NL,Andrew Vaughn,683734,26197,26197
TOR,Blue Jays,55,217,238,51,33,10,1,7,26,27,17,0,66,2,2,1,,6,2,0.234044,0.29408,0.382147,0.676227,0.297875,0.0727186,0.278469,0.261137,0.148103,5.28567,0.30283,0.0,,24.6149,-3.5663,-0.0246393,0.31546,0.31546,0.496597,-2.63272425532341,-0.9246393050998449,89.3497,231.9,4.216363636,231.9,4.216363636,999.0,0.0,1B/2B,/players/charles-mcadoo/33323/stats/batting,1B/2B,14,14.0,AL,Charles McAdoo,807727,33323,33323
PIT,Pirates,49,186,210,45,33,8,1,3,22,19,20,0,45,2,1,1,,6,1,0.24269,0.321054,0.343163,0.664217,0.299021,0.0952454,0.21528,0.442426,0.100473,5.09323,0.303381,-0.0170877,,21.9133,-2.95238,0.889878,0.397669,0.380581,0.494588,-3.6600802838802338,1.6898784041404724,84.0255,197.7,4.034693877,197.7,4.034693877,735.5399780273438,0.01181102,3B/SS,/players/jared-triolo/25807/stats/batting,3B/SS,27,27.0,NL,Jared Triolo,669707,25807,25807
HOU,Astros,49,175,192,38,27,6,0,4,18,18,13,0,39,1,1,2,,1,0,0.217339,0.273752,0.326927,0.60068,0.267328,0.0670424,0.201367,0.332936,0.109588,2.52535,0.253499,-0.333201,,15.1192,-7.61516,0.506492,-0.202656,-0.535857,0.492851,-7.498896479606628,4.256492495536804,68.8197,136.7,2.789795918,136.7,2.789795918,999.0,0.02702703,C,/players/christian-vazquez/9774/stats/batting,C,21,21.0,AL,Christian Vázquez,543877,9774,9774
CIN,Reds,97,385,420,87,63,14,2,8,41,38,28,1,83,3,2,1,,7,2,0.225891,0.282461,0.334371,0.616832,0.274537,0.0666772,0.198016,0.336727,0.10848,4.65276,0.266058,0.124313,,35.5192,-14.2123,5.33193,0.0484005,0.172713,0.491018,-15.665150433778763,6.831933498382568,68.6931,330.1,3.403092783,330.1,3.403092783,999.0,0.0,3B,/players/kebryan-hayes/18577/stats/batting,3B,18,18.0,NL,Ke'Bryan Hayes,663647,18577,18577
MIA,Marlins,81,315,350,70,42,16,2,10,38,41,28,0,78,3,2,2,,5,2,0.221367,0.289661,0.376661,0.666321,0.29381,0.0796355,0.22276,0.357495,0.155293,4.58328,0.260369,-0.0695544,,35.0489,-6.39399,0.944286,-0.130548,-0.200102,0.47268,-7.631638064980507,0.8942862749099731,82.372,325.7,4.020987654,325.7,4.020987654,999.0,0.0,3B,/players/graham-pauley/31363/stats/batting,3B,20,20.0,NL,Graham Pauley,688363,31363,31363
LAA,Angels,73,287,315,63,44,10,1,8,31,29,19,0,87,6,2,1,,11,3,0.218229,0.27904,0.340488,0.619528,0.276223,0.060829,0.275291,0.220963,0.122259,5.35501,0.282193,0.0911973,,27.0685,-10.2301,0.621121,0.674174,0.765371,0.469006,-8.553403735160828,1.9961212277412415,74.565,263.2,3.605479452,263.2,3.605479452,999.0,0.02521008,2B/3B,/players/oswald-peraza/22823/stats/batting,2B/3B,1,1.0,AL,Oswald Peraza,672724,22823,22823
ARI,Diamondbacks,57,208,224,51,34,10,0,7,24,28,11,0,58,3,2,1,,1,0,0.247426,0.291986,0.395732,0.687718,0.30116,0.0487609,0.258511,0.188622,0.148306,2.61783,0.308547,-0.308088,,23.7614,-2.76207,-0.950058,-0.190966,-0.499054,0.467383,-3.695245146751404,3.4249422550201416,88.1538,216.3,3.794736842,216.3,3.794736842,999.0,0.0,C,/players/james-mccann/12859/stats/batting,C,15,15.0,NL,James McCann,543510,12859,12859
NYY,Yankees,45,184,196,47,34,8,1,5,21,23,9,0,39,1,2,0,,3,1,0.255827,0.293336,0.386266,0.679601,0.297502,0.0463369,0.196772,0.235485,0.130438,4.7851,0.297866,0.301245,,20.212,-2.996,-0.827123,0.0391013,0.340346,0.465005,-2.2520275712013245,-0.12712323665618896,88.6283,188.0,4.177777777,188.0,4.177777777,999.0,0.05839416,SS,/players/amed-rosario/15518/stats/batting,SS,9,9.0,AL,Amed Rosario,642708,15518,15518
CHW,White Sox,113,441,490,108,71,21,2,15,55,63,42,2,100,2,4,1,,2,1,0.246117,0.312774,0.404124,0.716898,0.313987,0.0862717,0.203241,0.424479,0.158007,3.29423,0.282911,-0.31752,,57.0557,-0.964368,0.0,-0.460199,-0.777719,0.463533,-0.563132032752037,-12.25,100.377,510.1,4.514159292,510.1,4.514159292,735.8099975585938,0.67346939,OF,/players/andrew-benintendi/17901/stats/batting,OF,4,4.0,AL,Andrew Benintendi,643217,17901,17901
NYY,Yankees,40,157,175,40,26,8,0,6,21,21,15,1,40,1,1,0,,1,0,0.255326,0.322045,0.427286,0.749331,0.326223,0.0844916,0.2269,0.372373,0.17196,3.45702,0.301116,-0.238863,,22.1068,1.38538,0.155389,-0.0960332,-0.334897,0.462577,1.4108569025993347,-3.069610446691513,108.577,196.5,4.9125,196.5,4.9125,748.3599853515625,0.07264957,1B,/players/paul-goldschmidt/9218/stats/batting,1B,9,9.0,AL,Paul Goldschmidt,502671,9218,9218
ATH,Athletics,65,250,280,55,36,11,2,6,31,29,22,0,92,4,2,2,,9,2,0.218604,0.291431,0.348542,0.639973,0.285664,0.078737,0.328307,0.239827,0.129938,6.624,0.317363,0.054361,,26.1966,-6.95773,1.94954,0.664495,0.718856,0.460707,-8.347921788692474,2.94954252243042,72.1594,247.2,3.803076923,247.2,3.803076923,728.3300170898438,0.0,OF,/players/denzel-clarke/29858/stats/batting,OF,10,10.0,AL,Denzel Clarke,672016,29858,29858
SEA,Mariners,94,361,406,74,41,13,2,18,45,53,38,2,141,3,3,1,,2,1,0.206175,0.286184,0.401742,0.687926,0.299964,0.093819,0.347683,0.269841,0.195567,3.87607,0.276792,-0.0405,,42.6752,-5.39858,-0.0657348,-0.457939,-0.498439,0.460453,-1.9506456553936005,-7.915734745562077,96.9247,395.7,4.209574468,395.7,4.209574468,999.0,0.35294118,DH/OF,/players/lazaro-montes/30361/stats/batting,DH/OF,11,11.0,AL,Lazaro Montes,703155,30361,30361
BOS,Red Sox,52,200,224,49,33,12,1,4,25,23,19,0,47,2,2,1,,5,2,0.245721,0.316714,0.371152,0.687865,0.306109,0.0862549,0.210273,0.410204,0.12543,4.3116,0.299489,-0.00186475,,24.6568,-1.8666,-1.55513,-0.257236,-0.2591,0.457795,-2.3871843814849854,-1.0551254749298096,91.8318,219.4,4.219230769,219.4,4.219230769,999.0,0.06818182,2B/3B/SS,/players/andruw-monasterio/19455/stats/batting,2B/3B/SS,3,3.0,AL,Andruw Monasterio,655316,19455,19455
BAL,Orioles,83,310,357,71,51,12,2,6,39,31,38,0,90,5,2,2,,10,4,0.22938,0.320589,0.336279,0.656868,0.297925,0.105213,0.252734,0.416301,0.106899,5.29946,0.302281,-0.00493254,,36.9367,-5.33507,-1.27454,-0.0896514,-0.0945839,0.451975,-3.8135272935032845,-4.399535298347473,91.0436,327.0,3.939759036,327.0,3.939759036,999.0,0.04761905,OF,/players/christian-franklin/29896/stats/batting,OF,2,2.0,AL,Christian Franklin,681047,29896,29896
BOS,Red Sox,24,93,105,24,15,5,0,3,13,13,9,0,20,2,1,0,,2,1,0.254788,0.331633,0.421117,0.75275,0.331818,0.0853499,0.195141,0.437377,0.166328,4.37901,0.293676,0.00246654,,13.7387,1.30584,-0.272828,-0.0688475,-0.0663809,0.441906,1.1168908476829529,-0.4978276491165161,109.689,118.1,4.920833333,118.1,4.920833333,999.0,0.05113636,1B/3B,/players/curtis-mead/23986/stats/batting,1B/3B,3,3.0,AL,Curtis Mead,678554,23986,23986
STL,Cardinals,78,296,336,62,37,10,0,14,36,41,36,1,110,1,2,0,,2,1,0.207856,0.293185,0.383838,0.677024,0.298001,0.106239,0.327463,0.324432,0.175982,2.81181,0.274052,-0.551158,,34.7844,-5.00073,0.0933107,-0.394285,-0.945442,0.440188,-5.7945879101753235,-0.8066893443465233,88.0183,323.8,4.151282051,323.8,4.151282051,653.1400146484375,0.19487179,2B/3B,/players/nolan-gorman/22263/stats/batting,2B/3B,28,28.0,NL,Nolan Gorman,669357,22263,22263
SFG,Giants,55,195,218,45,32,9,0,4,22,20,16,0,42,5,1,1,,1,1,0.233074,0.304926,0.346052,0.650978,0.291965,0.0716813,0.191672,0.373979,0.112978,2.60047,0.273923,-0.0922321,,21.466,-4.29961,-2.22167,-0.350907,-0.443139,0.43809,-4.369459718465805,2.0283279418945312,85.0197,182.8,3.323636363,182.8,3.323636363,999.0,0.01666667,C,/players/andrew-knizner/19514/stats/batting,C,30,30.0,NL,Andrew Knizner,668800,19514,19514
MIA,Marlins,66,250,277,60,37,14,1,9,34,33,22,1,59,3,2,1,,7,2,0.241089,0.307338,0.408499,0.715837,0.313269,0.0790169,0.211619,0.373391,0.16741,5.04627,0.2787,-0.183262,,32.0701,-0.705314,-1.60701,0.267631,0.0843689,0.425897,-1.4414995461702347,-3.482011556625366,95.4234,299.6,4.539393939,299.6,4.539393939,86.8499984741211,0.5,C/DH,/players/agustin-ramirez/26546/stats/batting,C/DH,20,20.0,NL,Agustín Ramírez,682663,26546,26546
LAA,Angels,62,221,243,45,27,11,1,7,23,23,16,0,70,4,1,1,,0,0,0.20444,0.268023,0.347689,0.615713,0.273155,0.0643022,0.288853,0.222612,0.143249,2.49505,0.264161,-0.302524,,20.296,-8.50093,-0.013904,-0.247408,-0.549931,0.42214,-8.347275495529175,4.736096046864986,72.4345,194.4,3.13548387,194.4,3.13548387,999.0,0.04444444,C,/players/travis-darnaud/7739/stats/batting,C,1,1.0,AL,Travis d'Arnaud,518595,7739,7739
CLE,Guardians,39,154,168,38,26,8,1,3,18,16,12,0,31,1,1,0,,2,1,0.245992,0.303513,0.360531,0.664044,0.294825,0.0730135,0.18626,0.391999,0.114539,4.53343,0.29037,0.0162,,16.9612,-2.9314,-0.14836,-0.0651476,-0.0489476,0.410799,-2.570857547223568,0.6516403257846832,87.0937,155.9,3.997435897,155.9,3.997435897,999.0,0.0,2B/3B,/players/angel-genao/28811/stats/batting,2B/3B,5,5.0,AL,Angel Genao,694197,28811,28811
NYY,Yankees,32,124,140,28,19,5,0,3,16,14,12,0,35,3,1,1,,12,3,0.224917,0.303534,0.350044,0.653579,0.293168,0.0849202,0.247582,0.342998,0.125127,6.29852,0.282498,0.0530182,,13.947,-2.6302,0.132326,0.822674,0.875692,0.410087,-1.4662047624588013,0.5323256254196167,85.6179,134.9,4.215625,134.9,4.215625,200.02999877929688,0.0096463,SS,/players/jose-caballero/23401/stats/batting,SS,9,9.0,AL,José Caballero,676609,23401,23401
ATH,Athletics,105,410,455,99,63,21,2,14,47,53,38,0,88,3,3,1,,2,1,0.241786,0.308694,0.40002,0.708714,0.311889,0.0826724,0.192944,0.428478,0.158234,3.05475,0.27453,-0.267002,,52.2089,-1.66684,-0.188251,-0.598596,-0.865598,0.407517,-5.959642589092255,-6.163250654935837,90.3743,472.3,4.498095238,472.3,4.498095238,999.0,0.17391304,OF,/players/carlos-cortes/21842/stats/batting,OF,10,10.0,AL,Carlos Cortes,666126,21842,21842
COL,Rockies,78,296,336,73,50,13,1,8,38,37,33,0,54,3,2,2,,9,4,0.246178,0.32579,0.382989,0.708779,0.315179,0.0979996,0.160267,0.611479,0.136811,4.55542,0.273666,-0.185496,,39.4475,-0.337695,-0.871715,-0.294486,-0.479982,0.392632,-6.396647930145264,-0.6717153787612915,85.3805,345.3,4.426923076,345.3,4.426923076,999.0,0.08955224,2B,/players/adael-amador/27962/stats/batting,2B,19,19.0,NL,Adael Amador,691182,27962,27962
CHC,Cubs,28,105,119,26,16,5,1,4,15,14,11,0,23,1,1,1,,4,1,0.242874,0.321006,0.407406,0.728411,0.321107,0.0932124,0.190642,0.48894,0.164532,5.97152,0.276084,0.00702551,,14.5408,0.450254,0.169537,0.11229,0.119315,0.390928,0.6759100630879402,-0.7054630815982819,103.883,139.2,4.971428571,139.2,4.971428571,336.67999267578125,0.07843137,3B,/players/matt-shaw/33322/stats/batting,3B,17,17.0,NL,Matt Shaw,807713,33322,33322
MIN,Twins,47,179,203,37,24,8,1,5,22,20,19,0,57,2,1,1,,5,2,0.207683,0.292416,0.342694,0.63511,0.285055,0.0959442,0.27863,0.344342,0.13501,5.6284,0.273757,-0.0383993,,18.8927,-5.1442,0.438021,-0.110546,-0.148945,0.39011,-4.975865006446838,1.6130205988883972,79.5564,171.0,3.638297872,171.0,3.638297872,999.0,0.0,SS,/players/ryan-kreidler/25867/stats/batting,SS,8,8.0,AL,Ryan Kreidler,668952,25867,25867
SEA,Mariners,53,205,231,42,27,7,0,7,26,23,22,0,71,2,1,1,,6,2,0.202584,0.283026,0.344235,0.627261,0.280066,0.0954057,0.307122,0.310644,0.141652,4.87801,0.269077,-0.0472406,,20.5674,-6.7849,-0.796763,0.144926,0.097685,0.384159,-4.441867731511593,0.02823704481124878,83.104,194.1,3.66226415,194.1,3.66226415,999.0,0.03174603,3B/OF,/players/weston-wilson/19358/stats/batting,3B/OF,11,11.0,AL,Weston Wilson,642215,19358,19358
PHI,Phillies,50,199,217,47,31,7,1,7,27,25,13,0,65,2,1,2,,9,3,0.233836,0.286767,0.389543,0.67631,0.296549,0.061511,0.301226,0.204202,0.155708,6.59704,0.309464,0.0479353,,22.2105,-3.48408,0.488719,0.44101,0.488946,0.380863,-4.1785081923007965,0.8637187778949738,82.1428,209.7,4.194,209.7,4.194,999.0,0.02222222,OF,/players/derek-hill/16947/stats/batting,OF,26,26.0,NL,Derek Hill,656537,16947,16947
HOU,Astros,49,177,210,39,26,7,0,5,25,21,29,1,51,2,1,1,,1,0,0.219232,0.335234,0.35825,0.693484,0.31295,0.139154,0.244708,0.568652,0.139018,3.51113,0.274899,-0.35235,,24.2764,-0.589309,-0.676663,-0.150969,-0.503318,0.380427,-0.37937141954898834,-3.3266629576683044,100.507,203.6,4.15510204,203.6,4.15510204,999.0,0.02439024,1B/OF,/players/lamonte-wade-jr/18126/stats/batting,1B/OF,21,21.0,AL,LaMonte Wade Jr.,664774,18126,18126
TOR,Blue Jays,44,167,189,38,22,7,0,8,22,25,19,1,43,2,1,0,,1,0,0.22682,0.308804,0.424446,0.733249,0.320129,0.0989901,0.229452,0.43142,0.197626,2.74585,0.253341,-0.324,,22.945,0.565793,-0.36,-0.209612,-0.533612,0.370227,0.5230365991592407,-3.5849998891353607,104.807,206.2,4.686363636,206.2,4.686363636,748.4199829101562,0.54545455,OF,/players/anthony-santander/14551/stats/batting,OF,14,14.0,AL,Anthony Santander,623993,14551,14551
WSN,Nationals,92,350,399,77,64,9,2,3,44,31,40,0,86,2,2,4,,36,8,0.220912,0.302823,0.280673,0.583496,0.269011,0.100067,0.216706,0.461763,0.0597602,6.83555,0.283238,-0.0653427,,31.9621,-15.2828,0.83166,3.1687,3.10336,0.370104,-13.694675207138062,4.35666024684906,65.0474,318.9,3.466304347,318.9,3.466304347,583.0999755859375,0.00543478,2B/SS,/players/nasim-nunez/25979/stats/batting,2B/SS,24,24.0,NL,Nasim Nuñez,683083,25979,25979
STL,Cardinals,29,105,115,23,16,4,0,3,10,11,7,0,30,1,1,1,,1,0,0.222307,0.276978,0.345576,0.622554,0.275463,0.0632234,0.26381,0.239655,0.123269,3.08921,0.282678,-0.119677,,9.82859,-3.81204,0.81101,-0.0604947,-0.180172,0.35353,-3.9402365684509277,3.06100994348526,72.9021,89.5,3.086206896,89.5,3.086206896,748.2899780273438,0.00505051,C,/players/pedro-pages/25782/stats/batting,C,28,28.0,NL,Pedro Pagés,686780,25782,25782
CHW,White Sox,34,136,147,34,26,5,0,2,17,12,8,0,28,1,1,1,,9,3,0.249541,0.293955,0.334008,0.627964,0.27968,0.0548698,0.187267,0.293003,0.0844668,6.1809,0.29848,0.082777,,13.0425,-4.36353,0.21602,0.476447,0.559224,0.351276,-3.450617253780365,1.6910203099250793,76.5473,123.4,3.629411764,123.4,3.629411764,395.510009765625,0.0199005,2B/SS,/players/luisangel-acuna/26548/stats/batting,2B/SS,4,4.0,AL,Luisangel Acuña,682668,26548,26548
CIN,Reds,65,247,280,57,36,13,1,7,31,30,27,1,58,3,2,1,,3,2,0.229607,0.309265,0.375383,0.684648,0.30372,0.0947967,0.206485,0.459098,0.145775,3.89195,0.269318,-0.00234474,,30.2808,-2.8735,-0.306724,-0.467048,-0.469392,0.343174,-4.426619112491608,-1.306723952293396,88.2665,271.5,4.176923076,271.5,4.176923076,999.0,0.0,2B,/players/juan-brito/26693/stats/batting,2B,18,18.0,NL,Juan Brito,682877,26693,26693
CIN,Reds,118,478,511,118,78,18,4,18,61,62,25,1,102,3,3,1,,6,3,0.247405,0.288126,0.415699,0.703825,0.304933,0.0492807,0.199722,0.246747,0.168294,4.94103,0.277449,-0.122294,,55.7631,-4.74355,0.518551,-0.784166,-0.90646,0.328903,-7.627811133861542,-5.756448745727539,89.0798,514.0,4.355932203,514.0,4.355932203,999.0,0.05,OF,/players/hector-rodriguez/29189/stats/batting,OF,18,18.0,NL,Héctor Rodríguez,699302,29189,29189
CHC,Cubs,57,224,245,57,41,10,2,4,27,27,17,1,46,2,2,1,,8,3,0.254089,0.310075,0.3726,0.682675,0.300672,0.0676507,0.189395,0.357193,0.11851,5.59685,0.299971,0.0,,25.8924,-3.11758,0.819491,0.159308,0.159308,0.322863,-2.7393324077129364,-2.055508852005005,90.1775,237.0,4.157894736,237.0,4.157894736,999.0,0.15189873,2B,/players/pedro-ramirez/29218/stats/batting,2B,17,17.0,NL,Pedro Ramírez,699393,29218,29218
HOU,Astros,19,76,84,17,10,3,1,3,10,10,6,0,20,1,0,0,,1,0,0.226155,0.290242,0.409556,0.699798,0.30458,0.0770829,0.232558,0.331457,0.183401,5.41647,0.260663,0.00821523,,9.1426,-0.803688,0.223512,0.0458193,0.0540346,0.309125,-0.4643513076007366,0.5235115587711334,94.6941,84.7,4.457894736,84.7,4.457894736,192.2100067138672,0.00966184,OF,/players/daulton-varsho/19918/stats/batting,OF,21,21.0,AL,Daulton Varsho,662139,19918,19918
DET,Tigers,60,229,259,52,35,10,3,4,28,22,24,1,50,3,2,1,,6,2,0.226191,0.305941,0.35019,0.656131,0.292886,0.0932849,0.192394,0.484863,0.124,5.99639,0.269466,0.275103,,25.7429,-4.92486,0.977452,-0.0375045,0.237599,0.304438,-4.391421377658844,-1.7975481152534485,84.6336,232.7,3.878333333,232.7,3.878333333,510.30999755859375,0.00879765,3B/OF,/players/zach-mckinstry/19392/stats/batting,3B/OF,6,6.0,AL,Zach McKinstry,656716,19392,19392
SDP,Padres,66,264,287,65,40,13,2,9,35,34,18,1,74,2,2,0,,3,1,0.245944,0.29847,0.416215,0.714685,0.310235,0.0634143,0.258529,0.245288,0.170271,4.71744,0.30439,-0.0035467,,32.5483,-1.4349,-0.220242,-0.1487,-0.152247,0.302085,-0.6692731827497482,-5.695241808891296,98.5044,296.6,4.493939393,296.6,4.493939393,572.469970703125,0.39552239,OF,/players/austin-hays/19363/stats/batting,OF,29,29.0,NL,Austin Hays,669720,19363,19363
DET,Tigers,32,127,140,30,18,5,1,7,17,20,9,0,36,2,1,0,,0,0,0.239315,0.300115,0.448039,0.748154,0.323257,0.0677773,0.254903,0.265895,0.208724,3.74248,0.277734,-0.0538282,,17.35,0.772852,-0.370652,-0.204125,-0.257954,0.301964,0.6748117208480835,-2.6706521213054657,105.728,160.0,5.0,160.0,5.0,236.22000122070312,0.37864078,DH/OF,/players/kerry-carpenter/25961/stats/batting,DH/OF,6,6.0,AL,Kerry Carpenter,681481,25961,25961
TEX,Rangers,99,368,401,83,54,17,1,10,36,43,23,1,98,3,3,3,,0,0,0.223947,0.27335,0.358106,0.631455,0.277342,0.0577555,0.24536,0.235391,0.134159,1.91223,0.274151,-0.548084,,34.8386,-12.6668,-1.2968,-0.432522,-0.980606,0.29591,-11.891952574253082,0.9281998872756958,76.617,323.8,3.27070707,323.8,3.27070707,999.0,0.05263158,C,/players/elias-diaz/11680/stats/batting,C,13,13.0,AL,Elias Díaz,553869,11680,11680
STL,Cardinals,60,233,259,53,33,10,1,9,31,30,19,0,82,4,2,1,,4,1,0.228385,0.297226,0.396832,0.694058,0.305486,0.0744905,0.317459,0.234646,0.168448,4.63286,0.306351,-0.098982,,28.3792,-2.28853,-0.628192,-0.0346192,-0.133601,0.28637,-2.3052828907966614,-3.303191900253296,93.0387,256.9,4.281666666,256.9,4.281666666,999.0,0.08196721,OF,/players/everson-pereira/23695/stats/batting,OF,28,28.0,NL,Everson Pereira,677592,23695,23695
CHC,Cubs,81,303,350,68,40,15,1,12,39,40,38,2,90,5,3,1,,1,0,0.223625,0.318038,0.39716,0.715198,0.315404,0.109105,0.257507,0.423696,0.173536,2.71786,0.272499,-0.100743,,41.1547,-0.288189,-0.216216,-0.34026,-0.441003,0.284803,-0.41642442159354687,-8.166215807199478,100.058,370.7,4.576543209,370.7,4.576543209,999.0,0.22608696,OF,/players/michael-conforto/16376/stats/batting,OF,17,17.0,NL,Michael Conforto,624424,16376,16376
LAD,Dodgers,21,83,91,21,15,5,0,2,9,9,6,0,11,1,1,0,,1,0,0.25821,0.309823,0.374344,0.684167,0.301711,0.0639934,0.124728,0.513063,0.116134,3.32306,0.278698,-0.0384137,,9.69358,-1.08157,0.684614,-0.0307718,-0.0691855,0.27973,-1.2709365114569664,1.0596135258674622,89.0361,90.8,4.323809523,90.8,4.323809523,999.0,0.01395349,SS,/players/miguel-rojas/7802/stats/batting,SS,22,22.0,NL,Miguel Rojas,500743,7802,7802
WSN,Nationals,37,146,161,35,24,7,1,3,17,16,13,0,44,1,1,1,,4,2,0.242869,0.305894,0.3731,0.678994,0.300789,0.0779998,0.271123,0.287691,0.130231,5.28124,0.321716,0.0366007,,17.0302,-2.03354,-0.266467,-0.0429273,-0.0063266,0.279176,-2.651280806399882,0.1585327386856079,86.3609,148.2,4.005405405,148.2,4.005405405,999.0,0.37748344,3B/DH,/players/jose-tena/23691/stats/batting,3B/DH,24,24.0,NL,José Tena,677588,23691,23691
BAL,Orioles,49,193,210,44,25,10,1,8,24,27,13,0,70,2,2,0,,5,2,0.229725,0.282648,0.414481,0.697129,0.302165,0.060519,0.332302,0.182121,0.184756,5.72684,0.312324,0.0012694,,22.4467,-2.41901,-1.18516,0.0739695,0.0752389,0.27635,-1.3931061401963234,-3.3351552486419678,93.9884,212.2,4.330612244,212.2,4.330612244,999.0,0.02564103,OF,/players/rece-hinds/27493/stats/batting,OF,2,2.0,AL,Rece Hinds,677956,27493,27493
CHC,Cubs,31,122,133,30,18,7,1,4,16,16,7,0,28,2,1,1,,3,1,0.242541,0.294376,0.406169,0.700545,0.305568,0.0529575,0.209698,0.252542,0.163628,5.35952,0.282907,0.0984484,,14.5819,-1.16642,0.535813,0.0621012,0.16055,0.269621,-0.8870203047990799,-0.789186954498291,93.4608,139.5,4.5,139.5,4.5,999.0,0.02926829,OF,/players/tyrone-taylor/13675/stats/batting,OF,17,17.0,NL,Tyrone Taylor,621438,13675,13675
TBR,Rays,28,106,119,26,17,5,1,3,13,14,10,0,29,1,1,0,,2,1,0.240323,0.312426,0.391991,0.704417,0.310651,0.0854253,0.239924,0.356052,0.151668,4.8411,0.295375,0.0174468,,13.5356,-0.554947,0.240782,-0.119763,-0.102316,0.263247,-0.4976441487669945,-1.1342178583145142,97.1438,122.0,4.357142857,122.0,4.357142857,999.0,0.02941176,OF,/players/ryan-vilade/22165/stats/batting,OF,12,12.0,AL,Ryan Vilade,668723,22165,22165
BOS,Red Sox,32,128,140,33,25,5,0,1,14,13,9,0,22,2,1,1,,5,1,0.254358,0.307724,0.334139,0.641863,0.287675,0.0622855,0.157288,0.395997,0.0797809,5.21446,0.296206,0.121463,,13.3257,-3.25149,-0.0487951,0.210031,0.331494,0.262625,-3.083422690629959,0.701204851269722,79.0282,120.4,3.7625,120.4,3.7625,746.1500244140625,0.00469484,SS,/players/isiah-kiner-falefa/16512/stats/batting,SS,3,3.0,AL,Isiah Kiner-Falefa,643396,16512,16512
ARI,Diamondbacks,97,389,420,99,71,17,4,7,45,47,24,1,45,3,3,2,,3,1,0.253352,0.299437,0.367893,0.66733,0.293438,0.0563127,0.107339,0.524622,0.114541,4.63477,0.270159,0.124014,,41.9324,-7.79901,2.01829,-0.350609,-0.226595,0.252969,-8.839586108922958,-2.331709146499634,82.9746,387.2,3.991752577,387.2,3.991752577,999.0,0.06666667,2B/3B,/players/ildemaro-vargas/13324/stats/batting,2B/3B,15,15.0,NL,Ildemaro Vargas,545121,13324,13324
CHW,White Sox,16,56,64,11,7,2,0,2,7,7,6,0,19,1,1,0,,0,0,0.195145,0.278628,0.338859,0.617487,0.276368,0.0973484,0.298222,0.326429,0.143714,3.69205,0.254584,-0.020212,,5.50714,-2.07099,0.495911,-0.0486023,-0.0688143,0.252707,-1.9858177229762077,1.7459112107753754,74.2471,51.2,3.2,51.2,3.2,999.0,0.00943396,C,/players/jake-rogers/19452/stats/batting,C,4,4.0,AL,Jake Rogers,668670,19452,19452
STL,Cardinals,47,180,203,39,29,6,1,3,21,16,16,0,45,3,1,3,,13,3,0.217234,0.290438,0.306474,0.596911,0.270902,0.078226,0.22174,0.352782,0.0892398,6.60757,0.273141,0.110576,,16.5715,-7.46533,1.52918,1.10982,1.22039,0.244474,-6.15334951877594,1.9541752636432648,69.8432,163.0,3.468085106,163.0,3.468085106,391.1300048828125,0.00444444,OF,/players/victor-scott-ii/31349/stats/batting,OF,28,28.0,NL,Victor Scott II,687363,31349,31349
CIN,Reds,89,351,385,79,54,13,4,7,45,35,25,0,99,4,2,3,,14,4,0.224421,0.280858,0.347814,0.628672,0.278574,0.0644054,0.256412,0.25118,0.123393,7.14947,0.289449,0.0405,,33.8151,-11.7721,2.1713,0.886548,0.927048,0.237127,-12.335192024707794,2.1462965607643127,71.4011,320.1,3.596629213,320.1,3.596629213,999.0,0.0,OF,/players/carlos-jorge/29455/stats/batting,OF,18,18.0,NL,Carlos Jorge,699115,29455,29455
COL,Rockies,118,475,511,118,68,21,6,23,62,71,26,1,133,4,4,1,,6,3,0.248491,0.291352,0.46546,0.756812,0.324328,0.0512489,0.259763,0.197291,0.216969,5.55949,0.292992,0.0323521,,63.7696,3.26302,0.236246,-0.493265,-0.460913,0.233496,-5.682580888271332,-8.638753935694695,91.5164,590.1,5.000847457,590.1,5.000847457,245.8300018310547,0.20454545,OF,/players/mickey-moniak/19956/stats/batting,OF,19,19.0,NL,Mickey Moniak,666160,19956,19956
TOR,Blue Jays,15,53,63,11,6,2,0,2,7,7,9,0,19,1,0,0,,1,0,0.205078,0.327808,0.383029,0.710837,0.319068,0.142621,0.294152,0.484853,0.177952,3.97583,0.265825,-0.00644318,,7.5943,0.134583,0.119531,-0.0369191,-0.0433623,0.227262,0.25483930483460426,-0.25546903163194656,104.07,65.1,4.34,65.1,4.34,999.0,0.01973684,2B/OF,/players/davis-schneider/23565/stats/batting,2B/OF,14,14.0,AL,Davis Schneider,676914,23565,23565
TBR,Rays,37,149,161,32,20,7,1,4,20,15,9,0,45,1,1,1,,12,3,0.212425,0.260538,0.34201,0.602548,0.265645,0.0570784,0.281215,0.202971,0.129585,7.55966,0.277409,0.17853,,12.4592,-6.60449,-0.00454846,1.16468,1.34321,0.227154,-5.045318245887756,1.5704515920951962,65.884,138.2,3.735135135,138.2,3.735135135,999.0,0.1147541,SS,/players/jorge-mateo/17273/stats/batting,SS,12,12.0,AL,Jorge Mateo,622761,17273,17273
BOS,Red Sox,28,103,119,25,15,5,1,3,15,13,12,0,31,3,1,0,,2,1,0.238062,0.330732,0.410897,0.741629,0.327749,0.101009,0.261362,0.386471,0.172834,5.66473,0.304591,-0.00028102,,15.1793,1.08877,0.018104,-0.0863913,-0.0866723,0.226406,0.8631845936179161,-2.8568960074335337,106.863,131.4,4.692857142,131.4,4.692857142,999.0,0.71014493,DH/OF,/players/jahmai-jones/18872/stats/batting,DH/OF,3,3.0,AL,Jahmai Jones,663330,18872,18872
SDP,Padres,36,137,154,34,25,5,1,3,19,15,13,0,38,1,1,2,,7,2,0.247132,0.316576,0.364354,0.68093,0.303571,0.0859055,0.248942,0.345083,0.117222,6.62223,0.320576,-0.00116471,,16.6358,-1.59904,-0.272096,0.43279,0.431625,0.225027,-0.67489293217659,-2.1220957040786743,94.0347,151.5,4.208333333,151.5,4.208333333,999.0,0.03846154,OF,/players/samad-taylor/22274/stats/batting,OF,29,29.0,NL,Samad Taylor,669392,22274,22274
MIN,Twins,23,84,98,20,15,4,0,1,11,7,11,0,18,2,1,0,,4,1,0.242118,0.340835,0.330998,0.671833,0.307278,0.113278,0.178657,0.634054,0.08888,4.87606,0.293498,0.0103153,,10.88,-0.724056,0.138,-0.00585201,0.00446329,0.223457,-0.5664212359115481,-0.7119995653629303,94.9915,92.8,4.034782608,92.8,4.034782608,748.5599975585938,0.0,OF,/players/austin-martin/27462/stats/batting,OF,8,8.0,AL,Austin Martin,668885,27462,27462
HOU,Astros,120,459,518,94,59,21,3,12,55,53,45,0,158,8,3,2,,11,4,0.204855,0.285598,0.340007,0.625604,0.280228,0.0868326,0.304618,0.285054,0.135151,5.31856,0.280587,0.0,,46.1889,-15.1465,-4.46091,-0.170421,-0.170421,0.222942,-13.557597577571869,-2.61091411113739,77.7801,426.9,3.5575,426.9,3.5575,999.0,0.0,OF,/players/lucas-spence/35126/stats/batting,OF,21,21.0,AL,Lucas Spence,828599,35126,35126
MIL,Brewers,57,217,245,51,38,10,2,2,26,22,23,0,52,3,2,0,,8,3,0.235344,0.314611,0.324515,0.639125,0.289056,0.0927992,0.210715,0.440401,0.0891704,5.5299,0.296851,-0.0924456,,23.5934,-5.41665,1.14859,-0.0112273,-0.103673,0.210598,-5.6210784912109375,-0.27641189098358154,81.3034,212.6,3.729824561,212.6,3.729824561,999.0,0.0,OF,/players/luis-lara/30675/stats/batting,OF,23,23.0,NL,Luis Lara,800325,30675,30675
SDP,Padres,78,298,336,69,42,14,0,12,35,40,32,0,69,3,2,0,,2,1,0.230694,0.310374,0.399285,0.709659,0.313034,0.0954447,0.204387,0.46698,0.168591,2.70227,0.259758,-0.375824,,38.8651,-0.920081,0.0,-0.301545,-0.677369,0.203818,-0.5228628218173981,-8.399999618530273,100.382,347.8,4.458974358,347.8,4.458974358,684.8099975585938,0.36964981,DH/OF,/players/gavin-sheets/19901/stats/batting,DH/OF,29,29.0,NL,Gavin Sheets,657757,19901,19901
LAD,Dodgers,18,65,77,15,10,3,0,2,9,8,9,0,14,2,1,0,,1,0,0.234672,0.341809,0.35967,0.701479,0.317928,0.121325,0.186085,0.651988,0.124999,3.86561,0.275573,-0.0045738,,9.21099,0.0935562,0.320696,-0.100451,-0.105025,0.202215,-0.11316046863794327,-0.4043043255805969,99.9123,81.4,4.522222222,81.4,4.522222222,999.0,0.05978261,OF,/players/alex-call/19296/stats/batting,OF,22,22.0,NL,Alex Call,669743,19296,19296
TEX,Rangers,13,47,51,10,6,2,0,2,5,6,4,0,13,0,0,0,,0,0,0.222758,0.284229,0.390676,0.674905,0.296275,0.0739593,0.249016,0.297006,0.167918,3.00356,0.262768,-0.11184,,5.22912,-0.833381,-0.277794,-0.0507845,-0.162625,0.200048,-0.771976038813591,0.7222057282924652,89.7675,45.6,3.507692307,45.6,3.507692307,999.0,0.18120805,C,/players/kyle-higashioka/5517/stats/batting,C,13,13.0,AL,Kyle Higashioka,543309,5517,5517
CLE,Guardians,32,128,140,29,20,5,1,3,16,14,9,0,36,1,1,1,,4,1,0.225251,0.28096,0.350585,0.631544,0.279577,0.0665739,0.259894,0.256158,0.125334,6.15894,0.2893,0.03375,,12.4098,-4.16738,0.126678,0.166276,0.200026,0.199785,-3.626106783747673,0.6266778856515884,76.5029,117.6,3.675,117.6,3.675,999.0,0.0,OF,/players/petey-halpin/27931/stats/batting,OF,5,5.0,AL,Petey Halpin,690984,27931,27931
SEA,Mariners,15,56,63,14,10,2,0,1,7,6,4,0,13,1,0,1,,3,1,0.246846,0.313752,0.347037,0.660789,0.296456,0.0666629,0.203835,0.327042,0.100191,6.43482,0.304269,0.0013835,,6.44348,-1.01624,0.203806,0.2252,0.226584,0.191846,-0.1772860288619995,-0.17119351029396057,94.4883,55.5,3.7,55.5,3.7,727.5399780273438,0.01,OF,/players/victor-robles/18363/stats/batting,OF,11,11.0,AL,Victor Robles,645302,18363,18363
SDP,Padres,13,46,51,11,7,2,0,1,5,5,4,0,10,0,0,0,,0,0,0.229266,0.289514,0.343195,0.632709,0.281377,0.071307,0.204353,0.34894,0.113929,2.49506,0.272113,0.0034344,,4.6129,-1.4496,0.39085,-0.0719233,-0.0684889,0.179272,-1.3543429896235466,1.3908498287200928,79.1496,42.8,3.292307692,42.8,3.292307692,735.3099975585938,0.02955665,C,/players/freddy-fermin/21840/stats/batting,C,29,29.0,NL,Freddy Fermin,666023,21840,21840
BAL,Orioles,73,288,315,57,35,10,1,10,32,34,19,0,105,5,2,1,,8,2,0.197843,0.258752,0.346457,0.605209,0.267328,0.0601561,0.331847,0.181277,0.148614,5.36879,0.268036,-0.000347143,,24.8049,-12.4937,0.0301501,0.257823,0.257476,0.173971,-10.810208916664124,1.355150181800127,69.7915,241.5,3.308219178,241.5,3.308219178,999.0,0.0,SS,/players/jose-barrero/23378/stats/batting,SS,2,2.0,AL,José Barrero,676480,23378,23378
HOU,Astros,34,132,147,28,16,5,0,7,17,19,13,0,44,1,1,0,,2,1,0.212294,0.285632,0.403969,0.6896,0.301636,0.0866548,0.299145,0.289675,0.191675,3.72214,0.260498,0.0984592,,15.6499,-1.75612,-0.448215,-0.128877,-0.0304175,0.173012,-1.2872535977512598,-2.223215401172638,92.649,148.1,4.355882352,148.1,4.355882352,748.5599975585938,0.24390244,DH/OF,/players/nelson-velazquez/23359/stats/batting,DH/OF,21,21.0,AL,Nelson Velázquez,676369,23359,23359
TEX,Rangers,26,102,112,22,13,5,0,3,13,12,7,0,27,2,1,1,,3,1,0.211865,0.26916,0.357988,0.627148,0.276454,0.0587088,0.238566,0.246091,0.146123,5.60456,0.253208,-0.002592,,9.64528,-3.61645,0.282751,0.173632,0.17104,0.172753,-2.9553446918725967,0.6827514171600342,76.0002,93.8,3.607692307,93.8,3.607692307,999.0,0.0,OF,/players/michael-helman/24605/stats/batting,OF,13,13.0,AL,Michael Helman,680737,24605,24605
NYM,Mets,52,208,224,50,32,9,0,8,25,26,12,1,56,2,1,1,,6,2,0.23793,0.28308,0.398796,0.681876,0.29569,0.0529438,0.249124,0.21252,0.160866,4.83088,0.285048,-0.000710137,,22.7714,-3.75201,0.527643,0.213559,0.212849,0.169596,-3.3450526893138885,-2.272356867790222,86.8132,221.1,4.251923076,221.1,4.251923076,999.0,0.09090909,2B/3B,/players/ronny-mauricio/23698/stats/batting,2B/3B,25,25.0,NL,Ronny Mauricio,677595,23698,23698
MIL,Brewers,16,58,67,12,7,2,0,3,8,9,8,0,17,1,0,0,,0,0,0.213783,0.31701,0.407692,0.724702,0.320392,0.115614,0.250622,0.461308,0.193909,2.19006,0.2459,-0.0700307,,8.14817,0.214816,-0.208389,-0.087778,-0.157809,0.168142,0.02945445477962494,-0.4583888500928879,102.32,70.2,4.3875,70.2,4.3875,999.0,0.28301887,C,/players/gary-sanchez/11442/stats/batting,C,23,23.0,NL,Gary Sánchez,596142,11442,11442
WSN,Nationals,81,321,350,79,51,16,1,10,41,41,24,1,99,3,2,1,,3,1,0.245727,0.301642,0.402315,0.703958,0.307714,0.0679657,0.284077,0.239251,0.156588,4.18059,0.321063,0.0390326,,38.9801,-2.46274,0.734446,-0.313406,-0.274373,0.162708,-4.06628555059433,-5.715553641319275,91.0054,351.4,4.338271604,351.4,4.338271604,999.0,0.13333333,1B,/players/yohandy-morales/33361/stats/batting,1B,24,24.0,NL,Yohandy Morales,691002,33361,33361
SFG,Giants,122,464,525,105,73,20,1,10,54,52,45,0,113,11,3,3,,6,2,0.225656,0.306442,0.339298,0.64574,0.291255,0.0854874,0.215935,0.395895,0.113641,3.74993,0.275117,-0.145896,,51.4897,-10.6747,4.06571,-0.470574,-0.61647,0.159859,-10.39049482345581,-5.109285831451416,84.5436,455.5,3.733606557,455.5,3.733606557,999.0,0.0,3B,/players/brett-harris/29788/stats/batting,3B,30,30.0,NL,Brett Harris,695391,29788,29788
SFG,Giants,86,329,371,81,58,16,3,3,38,35,31,0,50,5,3,2,,12,4,0.24618,0.318098,0.342956,0.661054,0.296621,0.0838774,0.13448,0.623715,0.096776,5.72004,0.278962,0.0,,37.9943,-5.93512,0.0594178,0.0125913,0.0125913,0.158937,-5.2860828172415495,-5.2155823186039925,88.1427,335.9,3.905813953,335.9,3.905813953,999.0,0.05882353,OF,/players/turner-hill/32053/stats/batting,OF,30,30.0,NL,Turner Hill,806367,32053,32053
PIT,Pirates,58,230,252,53,35,12,1,6,25,28,16,0,46,3,2,1,,4,1,0.229597,0.28658,0.360196,0.646776,0.286305,0.0629106,0.182846,0.344064,0.130599,4.33078,0.262408,0.0405,,23.7072,-6.13164,-0.213217,-0.0351186,0.00538144,0.157622,-7.432191515341401,0.786783441901207,75.4967,225.5,3.887931034,225.5,3.887931034,999.0,0.0,1B/SS,/players/jacob-gonzalez/33225/stats/batting,1B/SS,27,27.0,NL,Jacob Gonzalez,694378,33225,33225
ATL,Braves,37,143,161,33,20,7,1,5,18,18,15,0,43,2,1,0,,5,2,0.230395,0.308519,0.392715,0.701234,0.309997,0.092741,0.265701,0.349043,0.16232,5.18441,0.290502,0.133946,,18.2279,-0.835806,-0.455924,0.0269902,0.160937,0.153527,-0.9459241330623627,-2.780924141407013,94.2923,169.7,4.586486486,169.7,4.586486486,726.6699829101562,0.04907975,OF,/players/lane-thomas/16939/stats/batting,OF,16,16.0,NL,Lane Thomas,657041,16939,16939
ARI,Diamondbacks,125,486,539,111,71,21,2,16,59,61,43,0,133,3,4,3,,12,5,0.227771,0.292343,0.379727,0.672071,0.296149,0.0789961,0.247155,0.319622,0.151956,4.5957,0.277015,-0.0417994,,54.9939,-8.8281,1.04939,-0.358009,-0.399808,0.145285,-10.272511005401611,-5.825611352920532,84.7931,505.1,4.0408,505.1,4.0408,748.489990234375,0.0245098,1B/OF,/players/tim-tawa/29571/stats/batting,1B/OF,15,15.0,NL,Tim Tawa,694374,29571,29571
CLE,Guardians,18,68,77,15,9,3,0,3,9,10,7,0,21,1,0,0,,0,0,0.2273,0.310841,0.415596,0.726437,0.31878,0.0970957,0.269211,0.360667,0.188295,2.87214,0.277155,-0.0237021,,9.264,0.146565,0.0201959,-0.0743975,-0.0980996,0.143585,0.23614931106567383,-1.554804190993309,103.732,76.9,4.272222222,76.9,4.272222222,253.4600067138672,0.41350211,1B/DH,/players/kyle-manzardo/29794/stats/batting,1B/DH,5,5.0,AL,Kyle Manzardo,700932,29794,29794
COL,Rockies,73,284,315,75,50,17,2,6,34,36,23,0,61,6,2,1,,7,3,0.265115,0.329303,0.403901,0.733205,0.323147,0.0718005,0.192082,0.3738,0.138786,4.99936,0.314643,-0.0697053,,39.0095,1.71088,0.22292,-0.141922,-0.211628,0.143438,-3.7310336381196976,-5.102079436182976,90.7242,345.0,4.726027397,345.0,4.726027397,748.4099731445312,0.16847826,OF,/players/troy-johnston/26143/stats/batting,OF,19,19.0,NL,Troy Johnston,687859,26143,26143
BAL,Orioles,8,29,32,7,4,1,0,1,3,4,2,0,8,0,0,0,,0,0,0.224914,0.287645,0.391257,0.678902,0.29672,0.0689539,0.234443,0.294118,0.166343,2.62442,0.258424,0.0,,3.2797,-0.509361,0.0,-0.0319682,-0.0319682,0.138735,-0.39646632224321365,0.625,90.2067,28.5,3.5625,28.5,3.5625,999.0,0.0,C/1B,/players/creed-willems/sa3017562/stats/batting,C/1B,2,,AL,Creed Willems,695735,sa3017562,sa3017562
COL,Rockies,13,50,56,12,8,2,0,1,7,6,4,0,15,1,0,1,,1,0,0.247597,0.317721,0.392741,0.710462,0.314342,0.0743684,0.267616,0.277892,0.145144,5.4616,0.324771,0.00108624,,6.53669,-0.0941718,0.201185,-0.0151735,-0.0140873,0.135808,-1.0380875682458282,0.5511845052242279,84.8188,49.3,3.792307692,49.3,3.792307692,999.0,0.0,2B/SS,/players/ryan-ritter/31500/stats/batting,2B/SS,19,19.0,NL,Ryan Ritter,690022,31500,31500
PIT,Pirates,40,157,175,40,29,8,1,3,21,17,14,0,33,1,1,1,,7,2,0.256111,0.320005,0.374222,0.694227,0.307897,0.0805917,0.190155,0.42382,0.118111,5.63206,0.305221,0.0010125,,19.516,-1.20541,-0.0761742,0.170431,0.171443,0.132146,-1.9408699721097946,-2.4511741995811462,89.9789,176.8,4.42,176.8,4.42,999.0,0.21276596,OF,/players/ronny-simon/25346/stats/batting,OF,27,27.0,NL,Ronny Simon,682927,25346,25346
KCR,Royals,18,69,77,16,11,4,0,1,8,7,7,0,15,0,1,0,,1,0,0.236058,0.305099,0.351474,0.656573,0.292814,0.0869684,0.199399,0.436153,0.115416,4.26873,0.283322,-0.0467672,,7.6488,-1.46864,-0.235273,0.0187568,-0.0280104,0.122244,-1.6179964151233435,0.08972732722759247,82.2464,64.5,3.583333333,64.5,3.583333333,999.0,0.04166667,3B,/players/josh-rojas/19734/stats/batting,3B,7,7.0,AL,Josh Rojas,668942,19734,19734
SDP,Padres,11,44,49,10,8,2,0,1,5,5,4,0,9,0,0,0,,2,0,0.236112,0.301002,0.347458,0.64846,0.287278,0.0839193,0.186414,0.450177,0.111346,5.23352,0.27565,-0.00450765,,4.64826,-1.15375,0.20151,0.0978301,0.0933225,0.118714,-0.9037120044231415,0.4765104055404663,83.107,43.0,3.909090909,43.0,3.909090909,999.0,0.01388889,2B/SS,/players/sung-mun-song/37122/stats/batting,2B/SS,29,29.0,NL,Sung-Mun Song,823550,37122,37122
ATH,Athletics,63,225,250,45,31,8,0,6,23,25,19,0,74,3,2,1,,1,0,0.201709,0.272105,0.318138,0.590244,0.265514,0.0759605,0.295167,0.257348,0.116429,2.55223,0.269084,-0.133514,,19.2892,-10.2655,0.540248,-0.204049,-0.337563,0.118493,-12.48308989405632,5.415247619152069,58.1636,174.5,2.769841269,174.5,2.769841269,999.0,0.07142857,C,/players/brian-serven/19422/stats/batting,C,10,10.0,AL,Brian Serven,661531,19422,19422
DET,Tigers,55,217,238,49,33,9,2,6,25,28,14,0,65,4,2,1,,5,2,0.227438,0.286363,0.364793,0.651156,0.287807,0.0606895,0.271198,0.223783,0.137355,5.61995,0.294116,0.0,,22.6791,-5.5021,0.17645,0.0312456,0.0312456,0.108157,-5.1989990789443254,-2.1735503375530243,81.1058,209.2,3.803636363,209.2,3.803636363,999.0,0.11764706,OF,/players/brett-callahan/33514/stats/batting,OF,6,6.0,AL,Brett Callahan,814430,33514,33514
,,52,207,224,52,35,10,1,6,23,27,13,0,39,2,2,0,,2,1,0.251579,0.300752,0.397092,0.697844,0.305738,0.0570841,0.172326,0.331256,0.145512,3.62853,0.279889,-0.0143336,,24.5898,-1.9337,-0.0538767,-0.108013,-0.122346,0.106078,-2.115161143243313,-4.453876782208681,92.4848,221.3,4.25576923,221.3,4.25576923,689.0700073242188,0.13812155,OF,/players/lourdes-gurriel-jr/19238/stats/batting,OF,-1,-1.0,,Lourdes Gurriel Jr.,666971,19238,19238
DET,Tigers,73,297,315,70,47,14,1,7,34,35,11,0,72,4,2,1,,4,1,0.235838,0.271481,0.365132,0.636613,0.278898,0.0363586,0.227713,0.159668,0.129294,4.85531,0.285336,0.172722,,27.7492,-9.54936,-1.1718,-0.0211637,0.151558,0.104765,-9.03799133002758,-1.0967956185340881,74.9177,256.9,3.519178082,256.9,3.519178082,740.6500244140625,0.0,SS,/players/javier-baez/12979/stats/batting,SS,6,6.0,AL,Javier Báez,595879,12979,12979
WSN,Nationals,13,52,56,13,9,2,0,1,6,6,3,0,13,1,0,0,,1,0,0.241697,0.289004,0.369301,0.658305,0.289919,0.0534907,0.230611,0.231952,0.127604,5.09886,0.296449,0.0,,5.43179,-1.19907,0.0,0.00623225,0.00623225,0.10337,-1.4055025675334036,0.6000000238418579,79.0705,49.9,3.838461538,49.9,3.838461538,999.0,0.0,SS,/players/seaver-king/sa3025414/stats/batting,SS,24,,NL,Seaver King,814409,sa3025414,sa3025414
ATH,Athletics,11,44,49,11,8,2,0,1,5,5,4,0,8,0,0,0,,1,0,0.252105,0.318143,0.34602,0.664163,0.297904,0.0824458,0.157014,0.525086,0.093915,4.31762,0.292007,-0.00187938,,5.06891,-0.733093,0.0404734,-0.0137625,-0.0156419,0.10021,-1.1178174950182438,0.36547334119677544,80.6608,46.7,4.245454545,46.7,4.245454545,999.0,0.0,3B/SS,/players/darell-hernaiz/26224/stats/batting,3B/SS,10,10.0,AL,Darell Hernaiz,687231,26224,26224
NYY,Yankees,8,29,32,7,5,1,0,1,3,3,2,0,8,0,0,0,,0,0,0.224693,0.277973,0.326577,0.60455,0.269896,0.0595534,0.250304,0.237925,0.101885,2.68779,0.285419,-0.02085,,2.58627,-1.20279,0.105012,-0.0581916,-0.0790416,0.0980505,-1.215936318039894,0.7300124019384384,69.4541,28.5,3.5625,28.5,3.5625,999.0,0.0,C,/players/ali-sanchez/18551/stats/batting,C,9,9.0,AL,Ali Sánchez,645305,18551,18551
NYY,Yankees,13,50,56,11,6,2,0,3,6,9,5,0,17,0,0,0,,0,0,0.227654,0.301076,0.45458,0.755656,0.325867,0.0914059,0.309198,0.295622,0.226926,1.83615,0.275616,-0.113893,,7.0581,0.427234,0.0,-0.0510173,-0.16491,0.0979774,0.3776450753211975,-1.399999976158142,108.33,60.6,4.661538461,60.6,4.661538461,251.4600067138672,0.77777778,DH/OF,/players/giancarlo-stanton/4949/stats/batting,DH/OF,9,9.0,AL,Giancarlo Stanton,519317,4949,4949
KCR,Royals,8,28,32,6,4,1,0,1,3,3,3,0,9,0,0,0,,0,0,0.21601,0.303367,0.329843,0.63321,0.286844,0.0977623,0.280451,0.348589,0.113833,3.19991,0.292245,-0.0006075,,3.02439,-0.764675,-0.0393817,-0.00294536,-0.00355286,0.092638,-0.8186582357157022,0.5856183096766472,78.0999,26.9,3.3625,26.9,3.3625,999.0,0.0,C,/players/luke-maile/13355/stats/batting,C,7,7.0,AL,Luke Maile,571912,13355,13355
HOU,Astros,31,118,133,25,16,6,1,2,15,12,11,0,34,1,1,1,,2,1,0.213218,0.285822,0.329053,0.614875,0.2753,0.0855899,0.2547,0.336042,0.115835,4.90648,0.277233,-0.00164893,,11.3298,-4.41853,0.568032,-0.1028,-0.104449,0.0901432,-4.071254134178162,0.24303153157234192,74.3568,100.9,3.254838709,100.9,3.254838709,999.0,0.00724638,OF,/players/jorge-barrosa/23968/stats/batting,OF,21,21.0,AL,Jorge Barrosa,678489,23968,23968
ARI,Diamondbacks,45,170,196,39,25,8,1,6,22,22,23,1,50,1,1,0,,2,0,0.229824,0.322935,0.382608,0.705543,0.313508,0.119167,0.252761,0.471463,0.152784,3.93305,0.287643,-0.226684,,22.7464,-0.461618,0.052254,-0.135085,-0.36177,0.0887582,-1.2032445669174194,-4.2977459244430065,96.4357,209.5,4.655555555,209.5,4.655555555,999.0,0.50819672,1B/OF,/players/pavin-smith/19892/stats/batting,1B/OF,15,15.0,NL,Pavin Smith,656976,19892,19892
LAA,Angels,8,31,35,8,5,2,0,1,4,4,2,0,7,1,0,0,,1,0,0.247302,0.317274,0.402042,0.719316,0.31693,0.0669846,0.198024,0.338264,0.15474,6.03188,0.287867,-3.97059e-05,,4.15862,0.0143342,-0.18141,0.0422172,0.0421775,0.0857048,0.15776748210191727,-0.5564104467630386,102.839,39.9,4.9875,39.9,4.9875,999.0,0.03225806,OF,/players/gustavo-campero/22707/stats/batting,OF,1,1.0,AL,Gustavo Campero,672569,22707,22707
,,13,48,56,11,8,2,0,1,6,5,7,0,13,1,0,0,,0,0,0.234776,0.332457,0.357044,0.6895,0.311527,0.118003,0.227621,0.518419,0.122268,3.55528,0.293147,-0.0864,,6.40935,-0.221514,-0.0864,-0.0623901,-0.14879,0.0846326,-0.38508370518684387,-0.6864000260829926,96.4356,52.8,4.061538461,52.8,4.061538461,999.0,0.20652174,OF,/players/mike-tauchman/15274/stats/batting,OF,-1,-1.0,,Mike Tauchman,643565,15274,15274
BOS,Red Sox,16,58,64,14,9,3,0,1,7,6,5,0,16,1,0,0,,1,0,0.238594,0.303869,0.365428,0.669297,0.29769,0.07074,0.24809,0.285138,0.126834,3.99551,0.304123,-0.0588788,,6.60955,-0.96858,-0.742825,-0.061142,-0.120021,0.0836314,-1.163310095667839,0.5071747303009033,85.9845,58.4,3.65,58.4,3.65,999.0,0.02877698,C,/players/connor-wong/19896/stats/batting,C,3,3.0,AL,Connor Wong,657136,19896,19896
NYM,Mets,41,156,175,34,20,6,1,7,19,20,15,0,53,2,1,0,,3,1,0.217242,0.293557,0.394223,0.68778,0.302421,0.0882599,0.303916,0.290408,0.176981,4.41608,0.279986,0.167576,,18.7418,-1.97961,-0.366352,-0.184564,-0.0169878,0.0818234,-1.8449553400278091,-3.041351795196533,91.3279,177.2,4.321951219,177.2,4.321951219,999.0,0.24193548,DH/OF,/players/christopher-morel/21897/stats/batting,DH/OF,25,25.0,NL,Christopher Morel,666624,21897,21897
ARI,Diamondbacks,8,29,32,6,4,1,0,1,3,4,3,0,9,0,0,0,,0,0,0.220191,0.28549,0.370626,0.656116,0.289257,0.0790578,0.283452,0.278911,0.150434,3.12933,0.283947,-0.00235257,,3.08676,-0.702306,-0.0970724,-0.0242262,-0.0265788,0.0810735,-0.7909021340310574,0.5279276296496391,80.1701,25.9,3.2375,25.9,3.2375,999.0,0.67032967,C/DH,/players/adrian-del-castillo/29554/stats/batting,C/DH,15,15.0,NL,Adrian Del Castillo,680728,29554,29554
CIN,Reds,70,273,301,65,45,11,1,8,34,31,22,0,67,2,2,2,,5,1,0.236625,0.296228,0.368061,0.664289,0.293936,0.0728641,0.221,0.329702,0.131436,4.51382,0.283835,-0.0526629,,30.1727,-5.46816,-0.114314,-0.0858602,-0.138523,0.0789807,-6.7716855108737946,-2.2393143102526665,81.7044,282.5,4.035714285,282.5,4.035714285,999.0,0.0,3B/OF,/players/oswaldo-cabrera/21707/stats/batting,3B/OF,18,18.0,NL,Oswaldo Cabrera,665828,21707,21707
SFG,Giants,29,113,126,24,16,5,1,3,15,12,11,0,37,1,1,1,,5,1,0.216351,0.287124,0.35203,0.639154,0.283343,0.0840567,0.296187,0.283796,0.135678,7.10364,0.294008,-0.000550189,,11.5522,-3.36728,-0.235078,0.377098,0.376548,0.0750491,-2.774576246738434,-0.5850779414176941,79.2371,112.5,3.879310344,112.5,3.879310344,999.0,0.0625,OF,/players/grant-mccray/25690/stats/batting,OF,30,30.0,NL,Grant McCray,687529,25690,25690
LAD,Dodgers,8,28,32,6,4,1,0,1,3,3,3,0,8,0,0,0,,0,0,0.219798,0.307095,0.344559,0.651655,0.293183,0.1086,0.255979,0.424253,0.124761,3.52607,0.284012,-0.0226276,,3.18826,-0.600799,-0.346491,-0.0342039,-0.0568315,0.0746305,-0.6998921856284142,0.278508722782135,83.3162,26.9,3.3625,26.9,3.3625,999.0,0.015625,C,/players/hunter-feduccia/23372/stats/batting,C,22,22.0,NL,Hunter Feduccia,676439,23372,23372
CLE,Guardians,10,37,42,8,5,2,0,1,4,4,4,0,12,0,0,0,,1,0,0.216432,0.293257,0.348298,0.641555,0.28664,0.0947572,0.27409,0.345716,0.131865,4.60213,0.282767,-0.0209074,,3.96259,-1.01056,0.113715,0.00135866,-0.0195487,0.0686718,-0.9277364891022444,0.1137149091809988,81.4087,36.9,3.69,36.9,3.69,999.0,0.00793651,2B/OF,/players/daniel-schneemann/25180/stats/batting,2B/OF,5,5.0,AL,Daniel Schneemann,682177,25180,25180
HOU,Astros,8,31,35,7,6,1,0,0,4,3,3,0,7,0,0,0,,1,0,0.235923,0.297431,0.320139,0.61757,0.277947,0.0748383,0.199403,0.375311,0.0842164,4.21418,0.288039,0.000561145,,3.05637,-1.08792,0.256154,-0.0295528,-0.0289917,0.0685756,-0.9980358872562647,0.43115389347076416,76.1955,22.0,2.75,22.0,2.75,999.0,0.00438596,SS,/players/nick-allen/22277/stats/batting,SS,21,21.0,AL,Nick Allen,669397,22277,22277
BAL,Orioles,34,134,147,32,21,6,1,4,16,17,9,0,39,3,1,0,,1,0,0.237263,0.295279,0.390948,0.686227,0.30052,0.0595459,0.265692,0.224116,0.153685,4.0072,0.299334,-0.00278852,,15.5174,-1.8886,-0.00843696,-0.160225,-0.163013,0.0651791,-1.3861462473869324,-3.1834369096904993,92.8462,143.8,4.229411764,143.8,4.229411764,999.0,0.01666667,OF,/players/heston-kjerstad/31166/stats/batting,OF,2,2.0,AL,Heston Kjerstad,677008,31166,31166
CLE,Guardians,39,148,168,31,19,6,0,6,18,19,16,1,45,3,1,0,,1,0,0.211728,0.298538,0.375249,0.673787,0.298326,0.0958984,0.267771,0.358136,0.163521,3.01963,0.260606,-0.070462,,17.4364,-2.45618,-0.0311221,-0.117421,-0.187883,0.0598998,-2.234565243124962,-3.131121963262558,89.5257,158.3,4.058974358,158.3,4.058974358,999.0,0.43307087,DH,/players/david-fry/24934/stats/batting,DH,5,5.0,AL,David Fry,681807,24934,24934
ATH,Athletics,6,25,28,6,4,1,0,1,3,3,2,0,8,0,0,0,,0,0,0.254626,0.32204,0.42237,0.744409,0.326003,0.0862798,0.271393,0.317915,0.167743,2.83254,0.323987,-0.000625655,,3.53211,0.216681,-0.0875036,-0.0461837,-0.0468094,0.0574027,-0.04103332804515958,-0.38750362396240234,100.177,26.9,4.483333333,26.9,4.483333333,999.0,0.08823529,OF,/players/johnathan-rodriguez/22530/stats/batting,OF,10,10.0,AL,Johnathan Rodríguez,671286,22530,22530
MIL,Brewers,6,25,28,6,4,1,0,0,3,3,2,0,8,0,0,0,,1,0,0.242449,0.309871,0.334187,0.644058,0.289472,0.0817268,0.271681,0.300819,0.0917385,6.38035,0.333759,-0.000472993,,2.70578,-0.609652,0.134813,0.124806,0.124333,0.0558321,-0.4968341812491417,0.13481321930885315,81.582,19.4,3.233333333,19.4,3.233333333,999.0,0.0,OF,/players/brandon-lockridge/21496/stats/batting,OF,23,23.0,NL,Brandon Lockridge,663604,21496,21496
PHI,Phillies,8,29,32,6,4,1,0,1,3,3,2,0,5,1,0,0,,0,0,0.206978,0.273587,0.31096,0.584546,0.263506,0.0682682,0.164226,0.415697,0.103981,2.53518,0.231825,-0.0188266,,2.42107,-1.36799,0.33392,-0.0329999,-0.0518266,0.0558137,-1.594323717057705,0.9589195847511292,59.9809,25.9,3.2375,25.9,3.2375,999.0,0.0,C,/players/rafael-marchan/21646/stats/batting,C,26,26.0,NL,Rafael Marchán,665561,21646,21646
BAL,Orioles,8,32,35,8,5,2,0,1,4,4,2,0,9,0,0,0,,0,0,0.255423,0.304961,0.423485,0.728447,0.317656,0.0614643,0.245876,0.249981,0.168062,3.21517,0.310167,0.00198423,,4.17913,0.0348402,0.0,-0.0168778,-0.0148936,0.0553675,0.17839044891297817,-0.875,104.748,34.0,4.25,34.0,4.25,748.0900268554688,0.37634409,1B,/players/ryan-mountcastle/18373/stats/batting,1B,2,2.0,AL,Ryan Mountcastle,663624,18373,18373
COL,Rockies,11,40,45,9,6,2,0,1,5,5,3,0,13,1,0,0,,1,0,0.222703,0.295145,0.369214,0.664359,0.294876,0.0743632,0.295654,0.251521,0.146511,5.17054,0.297989,0.0005775,,4.52483,-0.779855,-0.0187059,0.00675138,0.00732888,0.0487911,-1.516388882882893,0.8562941420823336,71.7629,39.5,3.59090909,39.5,3.59090909,999.0,0.27027027,C/DH,/players/braxton-fulford/29704/stats/batting,C/DH,19,19.0,NL,Braxton Fulford,690924,29704,29704
ARI,Diamondbacks,21,82,91,19,13,4,0,2,10,9,7,0,21,1,1,0,,2,1,0.233137,0.301551,0.350434,0.651985,0.291216,0.0800712,0.23583,0.33953,0.117297,5.20546,0.293735,-0.000319091,,8.92201,-1.85314,0.207245,0.0164928,0.0161737,0.0486367,-2.0133243948221207,-0.46775516867637634,81.4843,79.8,3.8,79.8,3.8,999.0,0.04,OF,/players/tommy-troy/33279/stats/batting,OF,15,15.0,NL,Tommy Troy,694371,33279,33279
MIN,Twins,3,12,14,3,1,1,0,1,2,2,1,0,5,0,0,0,,0,0,0.222455,0.319999,0.431359,0.751358,0.329831,0.099903,0.321904,0.31035,0.208904,4.07373,0.294351,-0.0022392,,1.80935,0.151637,-0.0339251,-0.0167455,-0.0189847,0.0475245,0.15453393012285233,-0.18392515182495117,110.656,20.1,6.7,20.1,6.7,340.5899963378906,0.11278195,OF,/players/matt-wallner/26466/stats/batting,OF,8,8.0,AL,Matt Wallner,670242,26466,26466
SDP,Padres,16,65,70,17,12,4,0,2,7,8,4,0,11,1,0,0,,1,0,0.266124,0.309624,0.410273,0.719898,0.313385,0.0530532,0.150984,0.351382,0.144149,3.56889,0.293488,-0.0387915,,8.11673,-0.171843,0.0,-0.0808761,-0.119668,0.0466661,-0.06763878837227821,-1.75,100.617,77.5,4.84375,77.5,4.84375,722.9099731445312,0.5304878,3B/DH/OF,/players/miguel-andujar/15878/stats/batting,3B/DH/OF,29,29.0,NL,Miguel Andujar,609280,15878,15878
TEX,Rangers,8,32,35,7,4,2,0,1,4,4,2,0,10,0,0,0,,1,0,0.219107,0.275569,0.370476,0.646045,0.283763,0.0682943,0.283865,0.240587,0.151369,6.88981,0.285475,0.0,,3.2208,-0.923487,-0.274721,0.0787862,0.0787862,0.045729,-0.6915559619665146,-0.0997210443019867,81.0766,30.3,3.7875,30.3,3.7875,999.0,0.03225806,2B/OF,/players/cameron-cauley/29710/stats/batting,2B/OF,13,13.0,AL,Cam Cauley,695508,29710,29710
LAA,Angels,16,60,70,12,7,2,0,3,8,8,8,0,26,1,1,0,,0,0,0.198232,0.298038,0.378261,0.676299,0.299984,0.111789,0.372094,0.300432,0.180029,2.50818,0.285817,-0.081,,7.3589,-0.929674,0.081,-0.0787633,-0.159763,0.0432622,-0.8869252651929855,-1.1689999997615814,91.0687,68.2,4.2625,68.2,4.2625,999.0,0.0,1B/DH,/players/niko-kavadas/29782/stats/batting,1B/DH,1,1.0,AL,Niko Kavadas,694359,29782,29782
COL,Rockies,5,19,21,5,3,1,0,1,3,2,2,0,5,0,0,0,,1,0,0.252694,0.328787,0.40287,0.731657,0.323456,0.0829071,0.245347,0.337917,0.150176,5.4131,0.31813,0.00421069,,2.60587,0.119298,-0.108384,-0.0123427,-0.00813203,0.0419364,-0.23751933127641678,-0.03338426351547241,90.9313,29.2,5.84,29.2,5.84,256.3399963378906,0.0,2B/OF,/players/willi-castro/17338/stats/batting,2B/OF,19,19.0,NL,Willi Castro,650489,17338,17338
STL,Cardinals,10,39,42,10,7,2,0,1,4,4,2,0,6,1,0,0,,1,0,0.25252,0.295055,0.36442,0.659475,0.290071,0.0463516,0.14822,0.312723,0.111899,4.13714,0.283393,-0.000532117,,4.07901,-0.894135,-0.141624,-0.100319,-0.100851,0.0405148,-0.9760378673672676,0.008376210927963257,82.7001,43.1,4.31,43.1,4.31,999.0,0.06666667,2B/3B,/players/cesar-prieto/30163/stats/batting,2B/3B,28,28.0,NL,César Prieto,693409,30163,30163
,,5,19,21,4,3,1,0,1,2,2,2,0,5,0,0,0,,0,0,0.221965,0.290835,0.352485,0.643319,0.286185,0.0779879,0.249799,0.312203,0.13052,4.5637,0.277429,0.0,,1.97357,-0.513,0.0,-0.00289255,-0.00289255,0.0352892,-0.47264715656638145,0.07500000298023224,80.7675,21.7,4.34,21.7,4.34,999.0,0.0,2B/SS,/players/jose-caballero/sa3015390/stats/batting,2B/SS,-1,,,Jose Caballero,691606,sa3015390,sa3015390
BOS,Red Sox,5,19,21,5,3,1,0,1,2,3,1,0,5,0,0,0,,0,0,0.255958,0.30428,0.41262,0.7169,0.312331,0.0560368,0.250447,0.223747,0.156662,5.67598,0.322342,-0.0120224,,2.41715,-0.0694262,0.096022,-0.0205865,-0.032609,0.034487,-0.12654899060726166,-0.27897802740335464,96.154,24.3,4.86,24.3,4.86,999.0,0.104,1B/2B,/players/romy-gonzalez/21562/stats/batting,1B/2B,3,3.0,AL,Romy Gonzalez,663853,21562,21562
MIA,Marlins,13,47,51,10,6,2,0,1,5,5,3,0,13,1,0,0,,0,0,0.202733,0.253758,0.314479,0.568237,0.25283,0.053623,0.259725,0.206461,0.111746,3.991,0.257733,-9.96923e-05,,3.43212,-2.63038,0.477927,-0.0191616,-0.0192613,0.030841,-2.801420420408249,1.4779267609119415,54.8866,36.2,2.784615384,36.2,2.784615384,999.0,0.0,C,/players/brian-navarreto/16398/stats/batting,C,20,20.0,NL,Brian Navarreto,640459,16398,16398
WSN,Nationals,3,11,13,2,2,1,0,0,1,1,1,0,4,0,0,0,,0,0,0.217791,0.290294,0.373463,0.663757,0.294084,0.0762979,0.304522,0.250549,0.155672,2.81555,0.287865,0.0,,1.28463,-0.230999,-0.081,-0.0143137,-0.0143137,0.0296541,-0.2939224988222122,0.16899999231100082,81.8643,6.1,2.033333333,6.1,2.033333333,999.0,0.01219512,C,/players/riley-adams/19864/stats/batting,C,24,24.0,NL,Riley Adams,656180,19864,19864
CLE,Guardians,5,18,21,4,2,1,0,1,2,2,3,0,6,0,0,0,,0,0,0.211952,0.317197,0.396933,0.71413,0.316565,0.124035,0.290194,0.427419,0.184981,2.76804,0.266779,-0.0371126,,2.48897,0.00239212,-0.076666,-0.0237248,-0.0608373,0.0290503,-0.007258594036102295,-0.4516660049557686,102.194,25.7,5.14,25.7,5.14,737.989990234375,0.15697674,1B,/players/rhys-hoskins/16472/stats/batting,1B,5,5.0,AL,Rhys Hoskins,656555,16472,16472
,,5,18,21,4,3,1,0,1,2,2,2,0,5,0,0,0,,0,0,0.233448,0.328198,0.405882,0.73408,0.324642,0.118714,0.255671,0.464324,0.172434,1.31999,0.284088,-0.00849,,2.62599,0.139421,0.0,-0.0303581,-0.0388481,0.0288699,0.09503093734383583,-0.5249999761581421,105.385,22.7,4.54,22.7,4.54,377.510009765625,1.0,DH/OF,/players/marcell-ozuna/10324/stats/batting,DH/OF,-1,-1.0,,Marcell Ozuna,542303,10324,10324
PIT,Pirates,5,19,21,5,3,1,0,0,2,2,1,0,5,0,0,0,,0,0,0.249485,0.306612,0.358949,0.665561,0.295448,0.0692717,0.220904,0.313583,0.109464,4.57485,0.309563,0.000165,,2.13073,-0.355842,-0.0225039,-0.00878251,-0.00861751,0.0266757,-0.4732875097543001,0.05249606817960739,81.6296,14.9,2.98,14.9,2.98,999.0,0.01449275,2B/3B,/players/nick-yorke/27504/stats/batting,2B/3B,27,27.0,NL,Nick Yorke,694377,27504,27504
MIN,Twins,2,6,6,1,1,0,0,0,1,1,0,0,2,0,0,0,,0,0,0.215656,0.275782,0.38616,0.661942,0.290423,0.0617307,0.315498,0.195661,0.170503,3.54163,0.285484,-0.000126563,,0.623384,-0.134429,0.0231281,-0.00339922,-0.00352579,0.0257637,-0.12795192771591246,0.14812812581658363,83.2847,-0.4,-0.2,-0.4,-0.2,999.0,0.04477612,C,/players/alex-jackson/17276/stats/batting,C,8,8.0,AL,Alex Jackson,656577,17276,17276
BAL,Orioles,3,13,14,3,2,1,0,1,2,2,1,0,4,0,0,0,,0,0,0.232866,0.299291,0.432712,0.732003,0.31732,0.0787317,0.256065,0.307467,0.199846,2.36919,0.269737,-0.000114085,,1.66785,0.0101359,-0.0511646,-0.0187693,-0.0188833,0.0254162,0.05463004857301712,-0.3011646084487438,104.515,19.1,6.366666666,19.1,6.366666666,160.94000244140625,0.29285714,C/DH,/players/samuel-basallo/28824/stats/batting,C/DH,2,2.0,AL,Samuel Basallo,694212,28824,28824
SFG,Giants,5,17,19,4,3,1,0,0,2,2,1,0,4,0,0,0,,0,0,0.212778,0.278372,0.314032,0.592404,0.266715,0.0760261,0.201116,0.378022,0.101253,3.14914,0.253765,0.0,,1.50242,-0.771021,0.0,-0.0146088,-0.0146088,0.0251051,-0.7526926305145025,0.375,68.0848,11.3,2.26,11.3,2.26,999.0,0.0,C,/players/zachary-morgan/sa3019968/stats/batting,C,30,,NL,Zach Morgan,681439,sa3019968,sa3019968
LAA,Angels,37,148,161,31,22,5,1,2,16,14,9,0,52,2,1,1,,9,2,0.210486,0.263467,0.307371,0.570838,0.255389,0.0531329,0.324275,0.163852,0.096885,7.30184,0.306324,0.00249191,,11.1253,-7.93846,1.5673,0.757914,0.760406,0.0240233,-6.712272524833679,1.242296725511551,60.0944,109.1,2.948648648,109.1,2.948648648,999.0,0.01086957,OF,/players/bryce-teodosio/29524/stats/batting,OF,1,1.0,AL,Bryce Teodosio,669326,29524,29524
STL,Cardinals,2,6,6,1,1,0,0,0,1,1,0,0,2,0,0,0,,0,0,0.228014,0.292743,0.366145,0.658888,0.291324,0.0716964,0.290145,0.247105,0.138131,3.10167,0.301537,-6.94286e-05,,0.628042,-0.129771,0.0143338,-0.00615027,-0.0062197,0.0215481,-0.13310353737324476,0.1393338404595852,83.5404,-0.4,-0.2,-0.4,-0.2,999.0,0.09090909,C,/players/jimmy-crooks/31354/stats/batting,C,28,28.0,NL,Jimmy Crooks,699625,31354,31354
MIN,Twins,5,19,21,4,3,1,0,1,2,2,1,0,6,0,0,0,,0,0,0.218065,0.27209,0.364573,0.636662,0.27901,0.0615374,0.289551,0.212527,0.146508,3.81243,0.283027,-0.00114161,,1.85185,-0.634721,-0.039489,-0.017809,-0.0189506,0.0212704,-0.6208489630371332,0.08551102131605148,75.3574,18.7,3.74,18.7,3.74,999.0,0.0,3B/SS,/players/tristan-gray/19877/stats/batting,3B/SS,8,8.0,AL,Tristan Gray,656484,19877,19877
DET,Tigers,2,6,6,1,1,0,0,0,1,1,0,0,1,0,0,0,,0,0,0.209946,0.276917,0.380252,0.65717,0.288102,0.0755841,0.216144,0.349693,0.170306,2.51739,0.232264,0.0,,0.611384,-0.146429,0.0,-0.00725701,-0.00725701,0.0209171,-0.14637535717338324,0.125,81.3109,-0.4,-0.2,-0.4,-0.2,999.0,0.0,C,/players/carlos-perez/10642/stats/batting,C,6,6.0,AL,Carlos Pérez,542208,10642,10642
SFG,Giants,115,448,497,105,75,21,3,7,55,45,39,0,135,6,3,1,,16,4,0.235453,0.303005,0.33989,0.642895,0.287919,0.0789849,0.270802,0.29167,0.104437,5.99562,0.318865,0.0,,47.4043,-11.4446,-0.184519,1.14341,1.14341,0.0205075,-9.448550820350647,-6.509518519043922,82.3065,438.0,3.808695652,438.0,3.808695652,999.0,0.16666667,OF,/players/scott-bandura/33398/stats/batting,OF,30,30.0,NL,Scott Bandura,814154,33398,33398
TOR,Blue Jays,3,13,14,3,2,1,0,0,2,2,1,0,4,0,0,0,,1,0,0.223757,0.293294,0.367628,0.660921,0.292579,0.0838071,0.278756,0.300647,0.143871,6.46429,0.292793,0.000151511,,1.38803,-0.269686,0.0275539,0.0483222,0.0484737,0.0192295,-0.18485303223133087,-0.12244614958763123,85.6709,11.6,3.866666666,11.6,3.866666666,999.0,0.02173913,OF,/players/jonatan-clase/26599/stats/batting,OF,14,14.0,AL,Jonatan Clase,682729,26599,26599
MIN,Twins,16,64,70,13,8,3,0,2,7,7,5,0,21,0,0,0,,1,1,0.203549,0.268691,0.333543,0.602233,0.268178,0.0762964,0.296598,0.257239,0.129993,5.11446,0.272149,-6.48e-05,,5.56027,-2.72831,-0.181439,-0.00303087,-0.00309567,0.0180621,-2.6219966867938638,0.31856122612953186,67.8335,50.4,3.15,50.4,3.15,999.0,0.18181818,SS,/players/ben-ross/31710/stats/batting,SS,8,8.0,AL,Ben Ross,805346,31710,31710
BOS,Red Sox,2,6,7,1,1,0,0,0,1,1,0,0,2,0,0,0,,0,0,0.231917,0.293839,0.365219,0.659059,0.291792,0.0687093,0.247354,0.277777,0.133302,6.11217,0.293389,-5.78571e-06,,0.689569,-0.139289,0.0305309,0.0150324,0.0150266,0.0174287,-0.13243364822119474,0.0555308535695076,81.8883,-0.4,-0.2,-0.4,-0.2,999.0,0.08196721,OF,/players/nate-eaton/25055/stats/batting,OF,3,3.0,AL,Nate Eaton,681987,25055,25055
MIN,Twins,2,6,7,2,1,0,0,0,1,1,0,0,1,0,0,0,,0,0,0.259859,0.314582,0.39918,0.713761,0.313831,0.0596268,0.182723,0.326324,0.139321,3.87916,0.301418,-2.31429e-05,,0.814199,-0.014659,-0.00335184,-0.00929971,-0.00932285,0.0159534,-0.013040989637374878,-0.07835184293799102,99.5433,5.2,2.6,5.2,2.6,999.0,0.0,OF,/players/gabriel-gonzalez/28833/stats/batting,OF,8,8.0,AL,Gabriel Gonzalez,694224,28833,28833
SEA,Mariners,2,6,6,1,1,0,0,0,1,1,0,0,2,0,0,0,,0,0,0.205397,0.271117,0.325337,0.596453,0.266842,0.0705562,0.291723,0.24186,0.11994,4.25795,0.274375,0.0,,0.501461,-0.256352,0.0,-0.00450712,-0.00450712,0.0155948,-0.19865029444918036,0.125,73.919,-0.4,-0.2,-0.4,-0.2,999.0,0.0,C,/players/willie-maciver/24641/stats/batting,C,11,11.0,AL,Willie MacIver,680862,24641,24641
COL,Rockies,10,37,42,9,6,2,0,1,5,5,3,0,10,1,0,0,,1,0,0.248883,0.32554,0.39779,0.72333,0.320392,0.0816218,0.237143,0.344188,0.148907,4.93574,0.309496,-0.000224308,,5.10781,0.134665,-0.0969256,-0.0320129,-0.0322372,0.0125967,-0.5949431359767914,-0.646925613284111,88.8769,42.5,4.25,42.5,4.25,999.0,0.4,DH/OF,/players/sterlin-thompson/31443/stats/batting,DH/OF,19,19.0,NL,Sterlin Thompson,694514,31443,31443
TOR,Blue Jays,5,19,21,4,3,1,0,1,2,2,2,0,5,0,0,0,,0,0,0.23339,0.296631,0.372058,0.668689,0.295072,0.0782413,0.239093,0.327243,0.138668,3.29556,0.2875,0.0,,2.12434,-0.362232,-0.0723295,-0.0156921,-0.0156921,0.0125779,-0.3233841769397259,-0.29732953757047653,87.4026,21.7,4.34,21.7,4.34,999.0,0.01538462,OF,/players/yohendrick-pinango/26664/stats/batting,OF,14,14.0,AL,Yohendrick Piñango,682818,26664,26664
MIA,Marlins,2,6,6,1,1,0,0,0,1,1,0,0,2,0,0,0,,0,0,0.224455,0.283709,0.347019,0.630728,0.279804,0.067277,0.246234,0.273224,0.122564,3.47246,0.282943,0.0,,0.568477,-0.189336,0.0,-0.00628362,-0.00628362,0.0120648,-0.21459156088531017,0.125,72.9779,-0.4,-0.2,-0.4,-0.2,999.0,0.0,C,/players/logan-driscoll/25475/stats/batting,C,20,20.0,NL,Logan Driscoll,686482,25475,25475
MIA,Marlins,10,37,42,9,6,2,0,1,4,4,4,0,10,0,0,0,,0,0,0.245016,0.317897,0.38034,0.698237,0.309755,0.089408,0.234105,0.381914,0.135324,2.96321,0.303826,0.0,,4.74689,-0.226259,0.0,-0.0511042,-0.0511042,0.0115785,-0.4018689654767513,-0.8499999642372131,93.0664,40.6,4.06,40.6,4.06,999.0,0.0,1B,/players/jonathon-long/sa3022864/stats/batting,1B,20,,NL,Jonathon Long,675085,sa3022864,sa3022864
ATL,Braves,2,6,7,1,1,0,0,0,1,1,1,0,2,0,0,0,,0,0,0.221317,0.301011,0.386935,0.687946,0.30385,0.0846054,0.326385,0.25922,0.165618,6.52583,0.306788,-0.00207085,,0.757755,-0.071103,0.0139008,0.0270778,0.025007,0.0110589,-0.05788099579513073,-0.0610992219299078,90.1692,2.6,1.3,2.6,1.3,999.0,0.0,OF,/players/brewer-hicklen/20450/stats/batting,OF,16,16.0,NL,Brewer Hicklen,676551,20450,20450
ATH,Athletics,2,6,6,1,1,0,0,0,1,1,0,0,1,0,0,0,,0,0,0.219579,0.283574,0.338151,0.621725,0.277034,0.071606,0.212166,0.3375,0.118572,4.85435,0.261654,0.0,,0.55416,-0.203653,0.0,0.00144577,0.00144577,0.0103246,-0.25041365530341864,0.125,66.1654,-0.4,-0.2,-0.4,-0.2,999.0,0.0,C,/players/bryan-lavastida/24765/stats/batting,C,10,10.0,AL,Bryan Lavastida,681526,24765,24765
DET,Tigers,2,6,7,2,1,0,0,0,1,1,1,0,2,0,0,0,,0,0,0.240574,0.302319,0.382383,0.684702,0.30155,0.0769777,0.224854,0.342345,0.141809,4.83721,0.290737,-5.35537e-05,,0.744748,-0.0841095,-0.00164357,0.00476641,0.00471286,0.0101854,-0.0714009334333241,-0.0766435741679743,90.6514,8.2,4.1,8.2,4.1,999.0,0.125,OF,/players/corey-julks/20311/stats/batting,OF,6,6.0,AL,Corey Julks,667452,20311,20311
LAD,Dodgers,2,6,7,1,1,0,0,0,1,1,1,0,2,0,0,0,,0,0,0.230368,0.31912,0.420524,0.739644,0.325468,0.0976056,0.28734,0.339687,0.190156,2.88306,0.290246,-0.000283217,,0.880002,0.0511448,0.0,-0.0073555,-0.00763871,0.00884357,0.03426139894872904,-0.17499999701976776,104.969,2.6,1.3,2.6,1.3,745.8300170898438,0.064,C,/players/dalton-rushing/31382/stats/batting,C,22,22.0,NL,Dalton Rushing,687221,31382,31382
LAD,Dodgers,31,122,133,27,17,6,0,4,15,15,9,0,33,0,1,0,,0,0,0.221675,0.277591,0.363442,0.641033,0.282753,0.0696788,0.244544,0.284934,0.141767,2.67711,0.268725,0.0645556,,12.1305,-3.61775,-0.460327,-0.178189,-0.113634,0.00835023,-3.9070293828845024,-0.3353268653154373,76.3206,111.2,3.587096774,111.2,3.587096774,999.0,0.01242236,OF,/players/enrique-hernandez/10472/stats/batting,OF,22,22.0,NL,Enrique Hernández,571771,10472,10472
TOR,Blue Jays,2,6,6,1,1,0,0,0,1,1,1,0,3,0,0,0,,0,0,0.167904,0.250476,0.310584,0.56106,0.252439,0.0880307,0.4319,0.203822,0.14268,3.14126,0.273673,0.0,,0.426992,-0.330821,0.0460546,-0.00613393,-0.00613393,0.00789474,-0.32033340400084853,0.17105456814169884,57.7907,2.6,1.3,2.6,1.3,999.0,0.0,C/1B,/players/shawn-ross/32054/stats/batting,C/1B,14,14.0,AL,Shawn Ross,676566,32054,32054
CIN,Reds,3,12,14,3,2,1,0,0,2,1,1,0,5,0,0,0,,0,0,0.206798,0.284154,0.349542,0.633696,0.282739,0.0864237,0.324409,0.266403,0.142744,5.49776,0.287881,-1.7234e-05,,1.27675,-0.380967,-0.0138954,0.0178304,0.0178132,0.00753032,-0.4173401314765215,0.03610464930534363,74.1948,10.7,3.566666666,10.7,3.566666666,999.0,0.23076923,2B,/players/ivan-johnson/27593/stats/batting,2B,18,18.0,NL,Ivan Johnson,671155,27593,27593
NYM,Mets,5,19,21,4,2,1,0,1,2,3,2,0,6,0,0,0,,0,0,0.213546,0.289743,0.398582,0.688325,0.301667,0.088757,0.303638,0.292311,0.185036,4.37632,0.273653,-0.0008586,,2.23624,-0.250338,-0.11265,-0.0388386,-0.0396972,0.0074638,-0.27183711528778076,-0.33765019476413727,90.8225,21.7,4.34,21.7,4.34,999.0,0.33333333,OF,/players/mj-melendez/22197/stats/batting,OF,25,25.0,NL,MJ Melendez,669004,22197,22197
,,10,37,42,8,6,2,0,1,4,4,4,0,8,0,0,0,,0,0,0.22011,0.307042,0.348473,0.655515,0.293781,0.105872,0.199441,0.530844,0.128363,2.91096,0.254461,-0.0636479,,4.2049,-0.768248,0.249028,-0.0102153,-0.0738632,0.00742009,-0.8531963378190994,-0.5009717494249344,84.3254,35.0,3.5,35.0,3.5,999.0,0.14615385,1B,/players/carlos-santana/2396/stats/batting,1B,-1,-1.0,,Carlos Santana,467793,2396,2396
COL,Rockies,3,13,14,3,2,1,0,0,1,1,1,0,3,0,0,0,,0,0,0.256574,0.315202,0.393467,0.708669,0.310381,0.0754379,0.188521,0.400157,0.136893,4.23043,0.298085,-0.000214215,,1.58937,-0.0683462,0.0186868,-0.00751425,-0.00772846,0.00665375,-0.3085317686200142,-0.0813132356852293,82.1619,9.7,3.233333333,9.7,3.233333333,999.0,0.0,3B,/players/vimael-machin/17684/stats/batting,3B,19,19.0,NL,Vimael Machín,605353,17684,17684
MIA,Marlins,2,6,7,1,1,0,0,0,1,1,0,0,2,0,0,0,,0,0,0.230387,0.289644,0.344225,0.633869,0.282127,0.06906,0.258975,0.266667,0.113838,5.52522,0.300064,0.0,,0.634912,-0.193945,0.0,0.0107827,0.0107827,0.00495681,-0.20391353499144316,0.02500000037252903,74.5364,-0.4,-0.2,-0.4,-0.2,999.0,0.0,OF,/players/andrew-pintar/sa3020715/stats/batting,OF,20,,NL,Andrew Pintar,801464,sa3020715,sa3020715
PIT,Pirates,2,6,6,1,1,0,0,0,1,1,0,0,2,0,0,0,,0,0,0.218391,0.253948,0.352672,0.60662,0.265513,0.0402396,0.244213,0.164773,0.134281,3.95331,0.263005,0.0,,0.494588,-0.263224,0.0,0.0019453,0.0019453,0.00393452,-0.2944458321435377,0.125,61.5516,-0.4,-0.2,-0.4,-0.2,999.0,0.03225806,C,/players/christian-bethancourt/10028/stats/batting,C,27,27.0,NL,Christian Bethancourt,542194,10028,10028
CIN,Reds,3,13,14,3,2,1,0,0,1,1,1,0,3,0,0,0,,0,0,0.247566,0.292794,0.344677,0.637471,0.282461,0.0503999,0.212711,0.236941,0.0971102,4.66602,0.306538,-3.4964e-05,,1.2736,-0.384116,-0.0132858,-0.0186778,-0.0187127,0.0035529,-0.45701522938907146,0.03671420272439718,74.008,9.7,3.233333333,9.7,3.233333333,999.0,0.0,2B,/players/edwin-arroyo/29957/stats/batting,2B,18,18.0,NL,Edwin Arroyo,695490,29957,29957
PIT,Pirates,3,13,14,3,2,1,0,0,1,1,1,0,4,0,0,0,,0,0,0.223348,0.285376,0.354168,0.639544,0.283147,0.073641,0.283083,0.260139,0.13082,5.88991,0.298795,-0.000165,,1.28136,-0.376357,-0.0390469,0.0113754,0.0112104,0.00289671,-0.4376990431919694,0.010953113436698914,73.379,9.7,3.233333333,9.7,3.233333333,999.0,0.02222222,OF,/players/tyler-callihan/27497/stats/batting,OF,27,27.0,NL,Tyler Callihan,682997,27497,27497
NYM,Mets,2,6,6,1,1,0,0,0,1,1,0,0,2,0,0,0,,0,0,0.199116,0.254049,0.30431,0.558359,0.250008,0.0525038,0.300067,0.174974,0.105194,4.00451,0.270411,-9.75904e-05,,0.414427,-0.343386,0.0265069,-0.00799776,-0.00809535,0.00157279,-0.34593516308814287,0.1515069082379341,56.1748,-0.4,-0.2,-0.4,-0.2,999.0,0.0,C,/players/hayden-senger/21489/stats/batting,C,25,25.0,NL,Hayden Senger,663584,21489,21489
CIN,Reds,5,18,19,4,3,1,0,0,2,2,1,0,5,0,0,0,,0,0,0.213421,0.250959,0.333893,0.584852,0.257185,0.0417509,0.276238,0.151141,0.120472,2.43555,0.273955,-0.000115714,,1.35459,-0.918847,0.0313309,-0.0187158,-0.0188316,0.00154416,-1.0119909066706896,0.4063309207558632,57.0552,10.3,2.06,10.3,2.06,999.0,0.0,C,/players/will-banfield/23790/stats/batting,C,18,18.0,NL,Will Banfield,677943,23790,23790
NYM,Mets,2,6,7,1,1,0,0,0,1,1,1,0,1,0,0,0,,0,0,0.209137,0.304497,0.28454,0.589037,0.272066,0.10729,0.213346,0.50289,0.0754031,5.01826,0.264706,0.0,,0.578017,-0.25084,0.0,0.00426621,0.00426621,0.00123095,-0.24050824996083975,0.02500000037252903,70.969,2.6,1.3,2.6,1.3,999.0,0.0,2B/3B/SS,/players/christian-cairo/sa3010028/stats/batting,2B/3B/SS,25,,NL,Christian Cairo,686551,sa3010028,sa3010028
COL,Rockies,2,6,7,2,1,0,0,0,1,1,0,0,1,0,0,0,,0,0,0.262413,0.33859,0.360536,0.699126,0.314925,0.0664639,0.124821,0.532473,0.0981235,5.10887,0.291111,0.000412023,,0.820383,-0.00847439,-0.0124062,-0.00423091,-0.00381889,0.00118821,-0.12852183799259365,-0.087406225502491,85.2099,5.2,2.6,5.2,2.6,745.8599853515625,0.19095477,OF,/players/tyler-freeman/22532/stats/batting,OF,19,19.0,NL,Tyler Freeman,671289,22532,22532
TOR,Blue Jays,10,37,42,8,5,2,0,1,5,5,4,0,12,1,0,0,,0,0,0.206561,0.292343,0.368338,0.660681,0.292934,0.0918221,0.282221,0.325355,0.161778,3.91552,0.260963,0.0,,4.17614,-0.797009,-0.0655512,-0.0294829,-0.0294829,0.000564,-0.7174123134464025,-0.7655511572957039,85.9176,38.0,3.8,38.0,3.8,999.0,0.375,1B/DH,/players/sean-keys/35094/stats/batting,1B/DH,14,14.0,AL,Sean Keys,815873,35094,35094
ARI,Diamondbacks,2,6,7,2,1,0,0,0,1,1,1,0,1,0,0,0,,0,0,0.247513,0.314572,0.361411,0.675983,0.30123,0.0785386,0.189153,0.415211,0.113898,2.55578,0.293521,0.0,,0.742936,-0.0859216,0.00189107,-0.0107616,-0.0107616,-0.000586453,-0.11024955753237009,-0.12310892739333212,88.2004,8.2,4.1,8.2,4.1,999.0,0.3125,1B/DH,/players/lujames-groover/33552/stats/batting,1B/DH,15,15.0,NL,LuJames Groover,694410,33552,33552
,,8,31,35,7,4,1,0,1,4,4,4,0,10,0,0,0,,0,0,0.214039,0.303407,0.396306,0.699712,0.309027,0.10281,0.296546,0.346692,0.182267,2.1414,0.271653,-0.0639964,,3.93516,-0.20913,0.0,-0.0445479,-0.108544,-0.00129361,-0.3269113153219223,-0.875,94.7296,32.5,4.0625,32.5,4.0625,634.8099975585938,0.69753086,DH/OF,/players/jorge-soler/14221/stats/batting,DH/OF,-1,-1.0,,Jorge Soler,624585,14221,14221
SEA,Mariners,8,31,35,6,3,1,0,2,4,4,3,0,13,0,0,0,,0,0,0.184559,0.258786,0.389725,0.648512,0.281763,0.0830571,0.372083,0.223222,0.205166,3.92208,0.242198,-0.0417115,,3.16425,-0.980034,-0.0875498,-0.0157205,-0.0574321,-0.00197433,-0.6972608789801598,-0.5625498369336128,84.2827,33.3,4.1625,33.3,4.1625,999.0,0.05882353,3B,/players/patrick-wisdom/13602/stats/batting,3B,11,11.0,AL,Patrick Wisdom,621550,13602,13602
MIA,Marlins,2,6,7,2,1,0,0,0,1,1,0,0,2,0,0,0,,0,0,0.232034,0.279741,0.38539,0.665132,0.289567,0.0542614,0.298438,0.181818,0.153356,4.79878,0.303348,0.0,,0.676986,-0.151872,0.0,-0.00162521,-0.00162521,-0.00220424,-0.17424811201635748,-0.07500000298023224,79.5264,5.2,2.6,5.2,2.6,999.0,0.0,OF,/players/riley-alderman/sa3022562/stats/batting,OF,20,,NL,Kemp Alderman,694580,sa3022562,sa3022562
WSN,Nationals,8,32,35,8,6,1,0,1,4,4,2,0,11,1,0,0,,1,0,0.237826,0.294736,0.36521,0.659946,0.292295,0.0606892,0.312961,0.193919,0.127384,5.90319,0.328978,-0.000152256,,3.46206,-0.682231,-0.108909,0.0384494,0.0382971,-0.00231808,-0.7768513187766075,-0.3839087039232254,80.6642,36.0,4.5,36.0,4.5,999.0,0.0,OF,/players/andrew-pinckney/33357/stats/batting,OF,24,24.0,NL,Andrew Pinckney,687605,33357,33357
COL,Rockies,53,194,211,45,29,10,2,5,22,23,14,0,35,1,2,1,,2,1,0.231985,0.284969,0.372675,0.657644,0.288984,0.0644636,0.167271,0.385385,0.14069,4.69642,0.259109,-0.015147,,20.3261,-4.68174,-1.21443,-0.27457,-0.289717,-0.00235945,-8.478242546319962,2.9105650186538696,67.8112,191.4,3.611320754,191.4,3.611320754,999.0,0.03614458,C,/players/brett-sullivan/18217/stats/batting,C,19,19.0,NL,Brett Sullivan,664954,18217,18217
WSN,Nationals,5,20,21,5,3,1,0,1,2,2,1,0,5,0,0,0,,0,0,0.238009,0.275795,0.378015,0.653809,0.285494,0.0456814,0.233483,0.195652,0.140005,4.26079,0.285767,0.0,,1.96186,-0.524715,-0.081,0.00106973,0.00106973,-0.00270826,-0.6033954010345042,-0.10600000992417336,76.1029,23.3,4.66,23.3,4.66,999.0,0.0,3B,/players/trey-lipscomb/31567/stats/batting,3B,24,24.0,NL,Trey Lipscomb,702358,31567,31567
MIA,Marlins,3,13,14,3,2,1,0,0,1,1,1,0,4,0,0,0,,1,0,0.216544,0.273448,0.335609,0.609057,0.27071,0.0655134,0.256965,0.25495,0.119064,5.70735,0.274922,0.0,,1.1407,-0.517019,0.0,0.0181615,0.0181615,-0.00358003,-0.5403592810034752,0.05000000074505806,66.8789,11.6,3.866666666,11.6,3.866666666,999.0,0.0,2B/3B/SS,/players/maximo-acosta/27963/stats/batting,2B/3B/SS,20,20.0,NL,Maximo Acosta,691185,27963,27963
TEX,Rangers,18,68,75,15,10,2,0,3,7,8,5,0,20,1,1,0,,0,0,0.223772,0.287104,0.37295,0.660055,0.291737,0.0710128,0.264043,0.268944,0.149178,2.71272,0.275079,-0.118606,,7.40455,-1.49975,-0.145434,-0.101067,-0.219673,-0.00358168,-1.3903762698173523,-1.1704340130090714,86.6152,68.0,3.777777777,68.0,3.777777777,246.50999450683594,0.08900524,C,/players/logan-ohoppe/24729/stats/batting,C,13,13.0,AL,Logan O'Hoppe,681351,24729,24729
PIT,Pirates,2,6,7,2,1,0,0,0,1,1,0,0,2,0,0,0,,0,0,0.233503,0.286218,0.381333,0.667552,0.293277,0.059267,0.273835,0.216433,0.147831,4.73368,0.298389,0.0,,0.697963,-0.130894,-0.0173773,-0.00355025,-0.00355025,-0.00361436,-0.17072073370218277,-0.09237727336585522,80.1731,5.2,2.6,5.2,2.6,999.0,0.03571429,OF,/players/jhostynxon-garcia/28142/stats/batting,OF,27,27.0,NL,Jhostynxon Garcia,691373,28142,28142
LAA,Angels,3,12,13,2,2,1,0,0,1,1,1,0,3,0,0,0,,0,0,0.208982,0.253578,0.306181,0.559759,0.249231,0.0468829,0.223718,0.209562,0.0971986,2.96283,0.257517,-0.000186207,,0.820814,-0.694811,-0.090065,-0.0167256,-0.0169118,-0.00630102,-0.6746924929320812,0.15993504971265793,55.8171,5.1,1.7,5.1,1.7,999.0,0.0,C,/players/sebastian-rivero/21735/stats/batting,C,1,1.0,AL,Sebastián Rivero,665861,21735,21735
NYM,Mets,6,26,28,6,4,1,0,1,3,3,2,0,6,0,0,0,,0,0,0.239753,0.294786,0.383443,0.678228,0.298219,0.0686952,0.215616,0.3186,0.14369,3.70826,0.283257,-0.00203013,,2.90365,-0.411781,-0.0057185,-0.0336099,-0.03564,-0.00697247,-0.42315762490034103,-0.5557185150682926,88.5098,25.9,4.316666666,25.9,4.316666666,748.2100219726562,0.09090909,1B,/players/eric-wagaman/23395/stats/batting,1B,25,25.0,NL,Eric Wagaman,676572,23395,23395
CIN,Reds,8,32,35,8,5,1,0,1,4,4,2,0,8,0,0,0,,1,0,0.24376,0.290173,0.394245,0.684418,0.29924,0.0553127,0.226941,0.243732,0.150484,5.02295,0.289192,0.00289834,,3.65842,-0.485867,-0.249749,0.0148108,0.0177091,-0.00920195,-0.6036235429346561,-0.6247485727071762,85.2616,33.0,4.125,33.0,4.125,147.7100067138672,0.01290323,3B/OF,/players/noelvi-marte/26517/stats/batting,3B/OF,18,18.0,NL,Noelvi Marte,682622,26517,26517
CHW,White Sox,39,149,168,34,24,6,0,4,19,16,17,0,41,1,1,0,,2,1,0.231138,0.309911,0.361773,0.671684,0.299329,0.0988183,0.242669,0.407215,0.130634,4.16342,0.287549,-0.218957,,17.5725,-2.32012,-0.0884501,-0.0654305,-0.284388,-0.0137174,-2.200291246175766,-3.8884500190615654,90.195,151.4,3.882051282,151.4,3.882051282,999.0,0.05882353,OF,/players/tommy-pham/2967/stats/batting,OF,4,4.0,AL,Tommy Pham,502054,2967,2967
SFG,Giants,113,447,490,103,68,22,2,11,50,51,35,1,112,4,4,1,,5,2,0.23035,0.289723,0.360788,0.650512,0.287436,0.0713423,0.228174,0.312666,0.130438,3.91795,0.280284,0.132632,,46.5455,-11.4745,-0.120884,-0.369519,-0.236887,-0.0213634,-10.870834469795227,-5.270884558558464,81.9826,429.3,3.799115044,429.3,3.799115044,589.5399780273438,0.01612903,2B/3B,/players/marcelo-mayer/29668/stats/batting,2B/3B,30,30.0,NL,Marcelo Mayer,691785,29668,29668
ATH,Athletics,3,13,14,3,2,1,0,0,1,1,1,0,4,0,0,0,,0,0,0.200461,0.257442,0.311382,0.568824,0.253425,0.060567,0.272857,0.221973,0.110922,4.42135,0.259336,0.0,,0.945205,-0.71251,-0.081,0.0106651,0.0106651,-0.0246522,-0.8072974309325218,0.0689999982714653,49.7671,9.7,3.233333333,9.7,3.233333333,999.0,0.0,2B,/players/jack-winkler/29830/stats/batting,2B,10,10.0,AL,Jack Winkler,676466,29830,29830
SDP,Padres,8,32,35,7,4,1,0,1,4,4,2,0,11,0,0,0,,1,0,0.209949,0.26339,0.348782,0.612172,0.269702,0.0567232,0.324353,0.174881,0.138833,6.48408,0.289891,-0.00016875,,2.82324,-1.32105,-0.00662188,0.0516103,0.0514416,-0.0306772,-1.157675739377737,-0.2816218826919794,71.319,27.4,3.425,27.4,3.425,999.0,0.05128205,OF,/players/jase-bowen/26047/stats/batting,OF,29,29.0,NL,Jase Bowen,687749,26047,26047
ATL,Braves,19,76,84,19,13,3,0,2,9,10,7,0,16,1,1,0,,0,0,0.246741,0.312676,0.381733,0.69441,0.306705,0.0788042,0.190182,0.414361,0.134993,3.38473,0.282701,-0.128788,,9.28681,-0.659486,0.00712055,-0.0680999,-0.196888,-0.0315107,-0.997794046998024,-2.042879406362772,92.0842,81.9,4.310526315,81.9,4.310526315,999.0,0.57042254,1B,/players/dominic-smith/15653/stats/batting,1B,16,16.0,NL,Dominic Smith,642086,15653,15653
PIT,Pirates,18,70,77,16,11,3,0,2,8,8,5,0,22,1,0,0,,3,1,0.225172,0.285051,0.359214,0.644265,0.28465,0.0664153,0.282723,0.234913,0.134041,6.2734,0.297156,-0.00245348,,7.14099,-1.97644,-0.097536,0.160059,0.157606,-0.0342937,-2.2178734093904495,-0.6225360259413719,74.3874,68.0,3.777777777,68.0,3.777777777,999.0,0.01149425,OF,/players/billy-cook/29573/stats/batting,OF,27,27.0,NL,Billy Cook,695257,29573,29573
MIA,Marlins,34,134,147,30,21,6,0,2,15,14,10,0,28,2,1,0,,3,2,0.222156,0.282608,0.329218,0.611826,0.272965,0.0672871,0.19121,0.351901,0.107062,4.69611,0.261213,-0.000386591,,12.245,-5.16098,-0.104129,-0.195647,-0.196034,-0.0348554,-5.792782083153725,0.6708713322877884,68.3909,106.3,3.126470588,106.3,3.126470588,999.0,0.0,2B,/players/jared-serna/28326/stats/batting,2B,20,20.0,NL,Jared Serna,691858,28326,28326
KCR,Royals,5,20,21,4,3,1,0,1,2,2,1,0,6,0,0,0,,1,0,0.220289,0.264997,0.371572,0.636569,0.277866,0.0513839,0.297616,0.172652,0.151283,6.12242,0.287801,0.0,,1.83245,-0.654128,0.0,0.0304115,0.0304115,-0.0445497,-0.6568107139319181,-0.5249999761581421,71.8641,19.6,3.92,19.6,3.92,999.0,0.0,OF,/players/gavin-cross/sa3019985/stats/batting,OF,7,,AL,Gavin Cross,688457,sa3019985,sa3019985
ARI,Diamondbacks,18,72,77,17,12,3,0,1,8,8,3,0,19,1,0,1,,2,1,0.236,0.274119,0.348408,0.622527,0.274228,0.0445502,0.243801,0.182732,0.112407,5.41132,0.298276,0.0,,6.49264,-2.62479,-0.44335,0.0258625,0.0258625,-0.0471322,-2.7481572423130274,-0.21834982931613922,70.0903,54.3,3.016666666,54.3,3.016666666,999.0,0.30555556,1B/3B/DH,/players/jose-fernandez/28020/stats/batting,1B/3B/DH,15,15.0,NL,Jose Fernandez,699912,28020,28020
NYM,Mets,60,234,259,55,41,9,1,3,29,24,19,0,66,4,2,1,,13,4,0.235153,0.30108,0.327623,0.628703,0.282995,0.0735754,0.25555,0.28791,0.0924704,6.0452,0.311368,0.0,,23.6732,-6.99449,-0.44027,0.474272,0.474272,-0.0498791,-6.295775890350342,-2.6152703166007996,78.2987,216.5,3.608333333,216.5,3.608333333,999.0,0.15789474,OF,/players/nick-morabito/32119/stats/batting,OF,25,25.0,NL,Nick Morabito,703492,32119,32119
,,15,58,63,12,8,2,0,1,6,5,4,0,19,0,0,1,,3,0,0.205231,0.253574,0.305254,0.558829,0.249184,0.0562117,0.302337,0.185924,0.100023,5.70912,0.282982,-0.000188534,,4.03758,-3.42214,0.0239121,0.297829,0.297641,-0.0663462,-3.141122132539749,0.34891215339303017,53.8912,42.1,2.806666666,42.1,2.806666666,999.0,0.0,SS,/players/andrew-velazquez/14196/stats/batting,SS,-1,-1.0,,Andrew Velazquez,623205,14196,14196
KCR,Royals,23,91,98,20,12,5,1,2,10,11,5,0,29,1,1,0,,2,1,0.225827,0.274915,0.377634,0.652549,0.285635,0.0536157,0.293898,0.182429,0.151807,5.56407,0.300541,-0.000677015,,9.16645,-2.43755,-0.475645,-0.111279,-0.111956,-0.0668332,-2.7039521411061287,-1.4256446063518524,77.26,79.0,3.434782608,79.0,3.434782608,999.0,0.02777778,OF,/players/matthew-lugo/25980/stats/batting,OF,7,7.0,AL,Matthew Lugo,683090,25980,25980
WSN,Nationals,81,317,350,71,42,14,1,13,42,42,26,1,89,4,2,1,,1,1,0.223798,0.289139,0.400979,0.690118,0.30091,0.07563,0.253841,0.297942,0.177181,3.32952,0.26574,0.0779914,,37.0563,-4.38658,0.389493,-0.560011,-0.48202,-0.109792,-6.197770327329636,-6.260506868362427,86.4419,338.2,4.175308641,338.2,4.175308641,999.0,0.26829268,1B/DH,/players/abimelec-ortiz/29539/stats/batting,1B/DH,24,24.0,NL,Abimelec Ortiz,694673,29539,29539
COL,Rockies,53,210,231,50,32,10,2,6,25,24,18,0,66,1,2,0,,6,2,0.236935,0.297978,0.389951,0.68793,0.302355,0.0769227,0.284389,0.270485,0.153016,5.56575,0.31245,0.0573017,,24.7268,-2.62549,-0.233057,0.0252779,0.0825796,-0.160434,-6.378448948264122,-2.708056479692459,76.7789,229.6,4.332075471,229.6,4.332075471,232.9199981689453,0.02870813,OF,/players/jordan-beck/31431/stats/batting,OF,19,19.0,NL,Jordan Beck,687597,31431,31431
LAA,Angels,58,227,252,53,38,10,1,3,25,22,18,1,51,4,2,2,,4,2,0.231932,0.296437,0.328647,0.625084,0.278918,0.0696753,0.201857,0.345171,0.0967152,4.32862,0.282813,-0.00541293,,22.2035,-7.63533,-0.600033,-0.367775,-0.373188,-0.162749,-7.27947860956192,-3.2500327229499817,76.4372,200.7,3.460344827,200.7,3.460344827,999.0,0.07070707,2B,/players/adam-frazier/15223/stats/batting,2B,1,1.0,AL,Adam Frazier,624428,15223,15223
NYM,Mets,31,120,133,24,17,4,1,2,12,12,10,0,43,1,1,1,,2,1,0.201016,0.266828,0.299902,0.56673,0.255109,0.0756893,0.323612,0.233889,0.0988869,4.8733,0.290564,0.000603529,,9.16035,-6.58794,1.24453,-0.102227,-0.101623,-0.186362,-6.574315287172794,0.41953444480895996,59.5958,84.5,2.725806451,84.5,2.725806451,999.0,0.15384615,OF,/players/cristian-pache/19948/stats/batting,OF,25,25.0,NL,Cristian Pache,665506,19948,19948
PHI,Phillies,71,283,308,68,46,13,0,9,31,37,20,0,81,2,2,1,,2,1,0.239981,0.292037,0.384267,0.676305,0.297287,0.06385,0.262937,0.242834,0.144286,2.81289,0.300208,-0.231922,,31.7081,-4.76165,-1.82316,-0.177621,-0.409543,-0.199521,-6.850828796625137,-5.123162627220154,82.6374,287.1,4.043661971,287.1,4.043661971,999.0,0.01960784,OF,/players/bryan-de-la-cruz/19600/stats/batting,OF,26,26.0,NL,Bryan De La Cruz,650559,19600,19600
COL,Rockies,89,348,385,84,53,16,3,11,44,45,29,0,101,3,2,2,,12,4,0.241255,0.303847,0.402201,0.706048,0.309488,0.0752262,0.261312,0.287879,0.160946,5.86323,0.304697,0.0361455,,43.4299,-2.15725,-0.858095,0.370576,0.406721,-0.214653,-8.143103241920471,-6.483094573020935,81.563,396.9,4.459550561,396.9,4.459550561,743.6599731445312,0.02222222,OF,/players/zac-veen/27770/stats/batting,OF,19,19.0,NL,Zac Veen,691728,27770,27770
MIN,Twins,57,223,245,47,28,11,1,8,23,27,17,0,79,3,2,1,,1,0,0.210937,0.273902,0.367686,0.641588,0.28291,0.0704736,0.322078,0.218809,0.156749,2.95836,0.284711,-0.04077,,22.3769,-6.63313,0.0666951,-0.230768,-0.271538,-0.24406,-6.521739035844803,-4.558304943144321,78.0664,214.9,3.770175438,214.9,3.770175438,999.0,0.0,1B,/players/aaron-sabato/27774/stats/batting,1B,8,8.0,AL,Aaron Sabato,693306,27774,27774
MIA,Marlins,49,195,210,46,31,7,0,7,22,24,11,0,50,2,1,0,,3,1,0.234378,0.279646,0.377465,0.657112,0.287791,0.0507689,0.239744,0.211763,0.143088,4.12331,0.280394,0.0405,,20.0083,-4.85744,0.476733,-0.0933645,-0.0528645,-0.262492,-5.532836817204952,-3.8732670843601227,78.3353,190.6,3.889795918,190.6,3.889795918,999.0,0.0625,1B,/players/deyvison-de-los-santos/27969/stats/batting,1B,20,20.0,NL,Deyvison De Los Santos,691277,27969,27969
SFG,Giants,131,529,567,128,88,22,2,16,56,64,31,0,140,3,4,1,,3,2,0.242012,0.285309,0.381573,0.666883,0.292301,0.0543492,0.247636,0.219472,0.139561,3.25402,0.298087,-0.0425034,,56.0878,-11.0497,-2.09758,-1.14259,-1.18509,-0.508986,-11.26205825805664,-12.172584772109985,85.245,515.5,3.935114503,515.5,3.935114503,999.0,0.14634146,OF,/players/victor-bericoto/26468/stats/batting,OF,30,30.0,NL,Victor Bericoto,682674,26468,26468
ATH,Athletics,122,495,525,123,89,21,1,12,51,57,22,0,93,4,3,1,,2,1,0.247888,0.283926,0.367918,0.651843,0.286447,0.0417294,0.176949,0.235828,0.120029,2.46492,0.280498,0.0405,,49.4505,-12.7139,-2.78653,-0.846215,-0.805715,-0.751314,-17.474030673503876,-8.511525630950928,72.703,452.2,3.706557377,452.2,3.706557377,999.0,0.01639344,1B/3B,/players/tommy-white/35107/stats/batting,1B/3B,10,10.0,AL,Tommy White,695720,35107,35107
