Team,ShortName,G,AB,PA,H,1B,2B,3B,HR,R,RBI,BB,IBB,SO,HBP,SF,SH,GDP,SB,CS,AVG,OBP,SLG,OPS,wOBA,BB%,K%,BB/K,ISO,Spd,BABIP,UBR,GDPRuns,wRC,wRAA,UZR,wBsR,BaseRunning,WAR,Off,Def,wRC+,FPTS,FPTS_G,SPTS,SPTS_G,ADP,Pos,minpos,UPURL,positionDB,teamid,playerTeamId,League,PlayerName,xMLBAMID,playerids,playerid
KCR,Royals,1,4,4,1,1,0,0,0,1,1,0,0,1,0,0,0,,0,0,0.29731,0.360953,0.523808,0.884762,0.379159,0.0850185,0.165908,0.512444,0.226498,6.78924,0.320276,0.00677671,,0.708581,0.212189,0.0705975,0.0168816,0.0236583,0.050175,0.22904436103999615,0.11550494283437729,142.127,1.6,1.6,1.6,1.6,3.0999999046325684,0.02333333,SS,/players/bobby-witt-jr/25764/stats/batting,SS,7,7.0,AL,Bobby Witt Jr.,677951,25764,25764
HOU,Astros,1,3,4,1,1,0,0,0,1,1,1,0,1,0,0,0,,0,0,0.30388,0.403073,0.578603,0.981676,0.41799,0.132227,0.172106,0.76829,0.274723,3.18715,0.317734,-0.00355903,,0.788098,0.322411,0.000838308,-0.00408215,-0.00764118,0.037966,0.3281656368635595,-0.09437774313846603,173.419,5.6,5.6,5.6,5.6,33.38999938964844,0.80487805,DH/OF,/players/yordan-alvarez/19556/stats/batting,DH/OF,21,21.0,AL,Yordan Alvarez,670541,19556,19556
CHC,Cubs,1,4,4,1,1,0,0,0,1,1,0,0,1,0,0,0,,0,0,0.260535,0.327915,0.48237,0.810285,0.348789,0.0785757,0.24969,0.314693,0.221835,7.47481,0.309912,0.00358825,,0.599507,0.108233,0.0881794,0.0164978,0.0200861,0.0376652,0.13202047906816006,0.10299417935311794,122.395,1.6,1.6,1.6,1.6,32.939998626708984,0.01572327,OF,/players/pete-crow-armstrong/27769/stats/batting,OF,17,17.0,NL,Pete Crow-Armstrong,691718,27769,27769
CIN,Reds,1,4,4,1,1,0,0,0,1,1,0,0,1,0,0,0,,0,0,0.269356,0.342108,0.497751,0.839859,0.360938,0.0970393,0.27375,0.354481,0.228395,7.16037,0.33611,0.00680329,,0.646888,0.150496,0.018368,0.0133556,0.0201589,0.035428,0.1545275766402483,0.05710258707404137,126.606,1.6,1.6,1.6,1.6,8.449999809265137,0.04934211,SS,/players/elly-de-la-cruz/26668/stats/batting,SS,18,18.0,NL,Elly De La Cruz,682829,26668,26668
SDP,Padres,1,4,4,1,1,0,0,0,1,1,0,0,1,0,0,0,,0,0,0.279001,0.353297,0.49353,0.846827,0.365304,0.0963837,0.194486,0.495582,0.214529,5.52937,0.307897,0.00215102,,0.661668,0.165276,0.0517414,0.0131627,0.0153137,0.0347272,0.1942078322172165,0.010537650436162949,135.423,1.6,1.6,1.6,1.6,14.010000228881836,0.01212121,SS/OF,/players/fernando-tatis-jr/19709/stats/batting,SS/OF,29,29.0,NL,Fernando Tatis Jr.,665487,19709,19709
BAL,Orioles,1,4,4,1,1,0,0,0,1,1,0,0,1,0,0,0,,0,0,0.268362,0.346736,0.475067,0.821803,0.355844,0.0995344,0.216568,0.459599,0.206705,6.40967,0.312503,0.00516369,,0.610166,0.129127,-0.00749536,0.00509686,0.0102605,0.034368,0.15782950352877378,0.03602315718308091,131.234,1.6,1.6,1.6,1.6,12.510000228881836,0.05466238,SS,/players/gunnar-henderson/26289/stats/batting,SS,2,2.0,AL,Gunnar Henderson,683002,26289,26289
NYM,Mets,1,3,4,1,1,0,0,0,1,1,1,0,1,0,0,0,,0,0,0.28242,0.403715,0.537985,0.941699,0.404564,0.167337,0.163983,1.02045,0.255565,4.60362,0.289644,-0.00208241,,0.737256,0.276687,-0.00503053,0.00122516,-0.000857257,0.03434,0.27908802666934207,-0.06830213498324156,159.743,5.6,5.6,5.6,5.6,4.650000095367432,0.17164179,OF,/players/juan-soto/20123/stats/batting,OF,25,25.0,NL,Juan Soto,665742,20123,20123
LAD,Dodgers,1,4,4,1,1,0,0,0,1,1,1,0,1,0,0,0,,0,0,0.282287,0.376924,0.586241,0.963165,0.407483,0.126361,0.243863,0.518162,0.303953,6.12828,0.315455,0.000277891,,0.787895,0.301738,0.0,0.00378093,0.00405882,0.033739,0.3004741817712784,-0.10262345522642136,159.929,4.6,4.6,4.6,4.6,1.2699999809265137,0.91222571,DH,/players/shohei-ohtani/19755/stats/batting,DH,22,22.0,NL,Shohei Ohtani,660271,19755,19755
TBR,Rays,1,4,4,1,1,0,0,0,1,1,0,0,1,0,0,0,,0,0,0.278369,0.340661,0.516109,0.85677,0.3666,0.0830187,0.189335,0.438476,0.237739,3.91382,0.295256,-0.000252746,,0.666057,0.169666,-0.0091279,-0.00383798,-0.00409073,0.0327336,0.1710706064477563,0.002137528732419014,135.927,1.6,1.6,1.6,1.6,16.479999542236328,0.01898734,3B,/players/junior-caminero/28163/stats/batting,3B,12,12.0,AL,Junior Caminero,691406,28163,28163
TEX,Rangers,1,3,4,1,1,0,0,0,0,1,0,0,1,0,0,0,,0,0,0.26332,0.34356,0.485322,0.828882,0.358159,0.102694,0.204842,0.501332,0.222002,2.63922,0.286726,-0.0037974,,0.565185,0.125085,0.0158178,-0.00308488,-0.00688228,0.0319547,0.13446504017338157,0.04791654273867607,132.7,2.6,2.6,2.6,2.6,95.08999633789062,0.05445545,SS,/players/corey-seager/13624/stats/batting,SS,13,13.0,AL,Corey Seager,608369,13624,13624
SEA,Mariners,1,4,4,1,1,0,0,0,1,1,0,0,1,0,0,0,,0,0,0.272303,0.332678,0.460797,0.793475,0.343693,0.0729047,0.218605,0.3335,0.188494,5.47941,0.315676,0.00197667,,0.588496,0.0921042,0.00278518,0.0118002,0.0137769,0.0318537,0.14681030251085758,0.01775431609712541,127.287,1.6,1.6,1.6,1.6,9.489999771118164,0.02588997,OF,/players/julio-rodriguez/23697/stats/batting,OF,11,11.0,AL,Julio Rodríguez,677594,23697,23697
ARI,Diamondbacks,1,4,4,1,1,0,0,0,1,1,0,0,1,0,0,0,,0,0,0.259474,0.344863,0.485309,0.830172,0.357704,0.10359,0.217051,0.477261,0.225835,8.33163,0.302028,0.00884129,,0.622825,0.136668,0.0392381,0.0146155,0.0234568,0.0285793,0.15190624818205833,-0.004743389785289764,125.97,1.6,1.6,1.6,1.6,14.100000381469727,0.02341137,OF,/players/corbin-carroll/25878/stats/batting,OF,15,15.0,NL,Corbin Carroll,682998,25878,25878
TEX,Rangers,1,4,4,1,1,0,0,0,1,1,0,0,1,0,0,0,,0,0,0.250808,0.341398,0.43885,0.780248,0.341554,0.114836,0.226739,0.506468,0.188042,5.50097,0.295321,0.00219631,,0.575262,0.0839874,0.057273,0.00864368,0.01084,0.0281928,0.11298090405762196,0.01714957505464554,121.168,1.6,1.6,1.6,1.6,37.75,0.03383459,OF,/players/wyatt-langford/33333/stats/batting,OF,13,13.0,AL,Wyatt Langford,694671,33333,33333
SEA,Mariners,1,3,4,1,0,0,0,0,0,1,0,0,1,0,0,0,,0,0,0.227901,0.324002,0.457804,0.781806,0.339399,0.117742,0.278463,0.422827,0.229903,3.37763,0.266042,-0.00496748,,0.510221,0.0689518,-0.00156474,-0.00162035,-0.00658784,0.0279833,0.09874820243567228,0.04426859668456018,124.304,2.6,2.6,2.6,2.6,18.729999542236328,0.21052632,C,/players/cal-raleigh/21534/stats/batting,C,11,11.0,AL,Cal Raleigh,663728,21534,21534
ATL,Braves,1,3,4,1,1,0,0,0,1,1,0,0,1,0,0,0,,0,0,0.279726,0.373057,0.500865,0.873922,0.377995,0.120465,0.214443,0.561759,0.221139,5.28277,0.318588,0.00501868,,0.661053,0.195366,-0.0132461,0.00795605,0.0129747,0.0274185,0.20169837214052677,-0.06031401827931404,139.833,2.6,2.6,2.6,2.6,5.260000228881836,0.08910891,OF,/players/ronald-acuna-jr/18401/stats/batting,OF,16,16.0,NL,Ronald Acuña Jr.,660670,18401,18401
LAA,Angels,1,3,4,1,0,0,0,0,1,1,1,0,1,0,0,0,,0,0,0.25009,0.364647,0.475514,0.840161,0.366056,0.141495,0.272029,0.520147,0.225424,4.34318,0.306654,-0.00208544,,0.59574,0.150523,-0.0148631,0.00188249,-0.000202947,0.0265398,0.16119234937650617,-0.033535946160554886,136.909,5.6,5.6,5.6,5.6,178.44000244140625,0.51481481,OF,/players/mike-trout/10155/stats/batting,OF,1,1.0,AL,Mike Trout,545361,10155,10155
TOR,Blue Jays,1,4,4,1,1,0,0,0,1,1,0,0,1,0,0,0,,0,0,0.293648,0.370915,0.490284,0.861199,0.373063,0.103643,0.134853,0.768565,0.196636,3.36041,0.306204,-0.00156136,,0.666663,0.185624,-0.00525638,-0.00480656,-0.00636792,0.0259956,0.18970048846676946,-0.07809589011594653,141.499,1.6,1.6,1.6,1.6,18.049999237060547,0.13289037,1B,/players/vladimir-guerrero-jr/19611/stats/batting,1B,14,14.0,AL,Vladimir Guerrero Jr.,665489,19611,19611
DET,Tigers,1,4,4,1,1,0,0,0,1,1,0,0,1,0,0,0,,0,0,0.272748,0.348583,0.490355,0.838938,0.361886,0.0992929,0.263332,0.377064,0.217607,4.294,0.336317,2.04255e-05,,0.643393,0.152119,0.00466714,-0.00368854,-0.00366812,0.0252241,0.1530894599854946,-0.052122981287539005,132.487,1.6,1.6,1.6,1.6,78.4800033569336,0.12828947,OF,/players/riley-greene/25976/stats/batting,OF,6,6.0,AL,Riley Greene,682985,25976,25976
LAD,Dodgers,1,4,4,1,1,0,0,0,1,1,0,0,1,0,0,0,,0,0,0.262453,0.3376,0.442093,0.779693,0.340296,0.0969365,0.127016,0.763184,0.179639,3.91782,0.268881,-0.000912841,,0.553202,0.0772804,0.00386541,-0.0018925,-0.00280534,0.0251397,0.06926450063474476,0.046920962166041136,114.884,1.6,1.6,1.6,1.6,60.58000183105469,0.0,OF,/players/mookie-betts/13611/stats/batting,OF,22,22.0,NL,Mookie Betts,605141,13611,13611
NYM,Mets,1,4,4,1,1,0,0,0,1,1,0,0,1,0,0,0,,0,0,0.247826,0.32377,0.428409,0.752179,0.329035,0.0880121,0.194435,0.452656,0.180583,5.06991,0.274661,-0.00191659,,0.538865,0.0424739,0.0194118,0.00511084,0.00319425,0.0251248,0.04918029671534896,0.06123281829059124,109.106,1.6,1.6,1.6,1.6,25.350000381469727,0.01515152,SS,/players/francisco-lindor/12916/stats/batting,SS,25,25.0,NL,Francisco Lindor,596019,12916,12916
CLE,Guardians,1,4,4,1,1,0,0,0,0,0,0,0,1,0,0,0,,0,0,0.256398,0.332371,0.41956,0.751932,0.329816,0.098088,0.126461,0.77564,0.163162,6.02237,0.268078,-0.000276399,,0.519181,0.0432595,0.0233923,0.0256518,0.0253754,0.0250734,0.07867596857249737,0.025398507714271545,111.403,1.6,1.6,1.6,1.6,6.28000020980835,0.17957746,3B,/players/jose-ramirez/13510/stats/batting,3B,5,5.0,AL,José Ramírez,608070,13510,13510
LAA,Angels,1,4,4,1,1,0,0,0,1,1,0,0,1,0,0,0,,0,0,0.245672,0.322707,0.439786,0.762493,0.332796,0.080466,0.270099,0.297913,0.194114,5.44774,0.30466,0.00189591,,0.545914,0.0546401,-0.0161919,0.00233978,0.0042357,0.0248796,0.07087307283654809,0.02670932561159134,113.81,1.6,1.6,1.6,1.6,32.29999923706055,0.00714286,SS,/players/zach-neto/31347/stats/batting,SS,1,1.0,AL,Zach Neto,687263,31347,31347
ARI,Diamondbacks,1,4,4,1,1,0,0,0,1,1,0,0,1,0,0,0,,0,0,0.266007,0.340849,0.459971,0.80082,0.347713,0.0943866,0.159712,0.590979,0.193964,3.9385,0.283595,-0.000354657,,0.571071,0.100267,0.0223811,-0.0022203,-0.00257495,0.0247706,0.08973243436776102,0.02423293050378561,119.271,1.6,1.6,1.6,1.6,32.63999938964844,0.17424242,2B,/players/ketel-marte/13613/stats/batting,2B,15,15.0,NL,Ketel Marte,606466,13613,13613
ATL,Braves,1,4,4,1,1,0,0,0,1,1,0,0,1,0,0,0,,0,0,0.280457,0.316797,0.470195,0.786992,0.338543,0.0459104,0.194552,0.235981,0.189737,5.34229,0.314207,0.00209846,,0.54751,0.0715882,0.0210022,0.0046744,0.00677286,0.0240716,0.07157250307500362,0.034119472838938236,113.383,1.6,1.6,1.6,1.6,99.06999969482422,0.00967742,OF,/players/michael-harris-ii/25931/stats/batting,OF,16,16.0,NL,Michael Harris II,671739,25931,25931
ARI,Diamondbacks,1,4,4,1,1,0,0,0,1,0,1,0,1,0,0,0,,0,0,0.255159,0.351618,0.375065,0.726682,0.325903,0.12106,0.136726,0.885418,0.119906,5.6916,0.285136,0.00127886,,0.522815,0.0315411,0.027293,0.00173744,0.0030163,0.023717,0.026252109557390213,0.07173746265470982,104.649,4.6,4.6,4.6,4.6,76.7699966430664,0.0,SS,/players/geraldo-perdomo/22799/stats/batting,SS,15,15.0,NL,Geraldo Perdomo,672695,22799,22799
DET,Tigers,1,4,4,1,1,0,0,0,1,0,0,0,1,0,0,0,,0,0,0.264013,0.348606,0.426783,0.775389,0.340627,0.114139,0.154221,0.740097,0.16277,4.71768,0.288778,-0.000347561,,0.566194,0.0800374,-0.0196778,-0.00147891,-0.00182647,0.0235883,0.08280101232230663,0.0036246217787265778,117.723,1.6,1.6,1.6,1.6,999.0,0.0257732,3B/SS,/players/kevin-mcgonigle/33572/stats/batting,3B/SS,6,6.0,AL,Kevin McGonigle,805808,33572,33572
BAL,Orioles,1,4,4,1,1,0,0,0,1,1,0,0,1,0,0,0,,0,0,0.257158,0.340665,0.499766,0.840431,0.361818,0.0960502,0.234115,0.410269,0.242608,3.14949,0.285172,-0.00510389,,0.649865,0.153473,-0.0043968,-0.0027394,-0.0078433,0.0234829,0.1646602787077427,-0.08232889883220196,135.382,1.6,1.6,1.6,1.6,24.440000534057617,0.06481481,1B,/players/pete-alonso/19251/stats/batting,1B,2,2.0,AL,Pete Alonso,624413,19251,19251
BOS,Red Sox,1,3,3,1,0,0,0,0,0,0,0,0,0,0,0,0,,0,0,0.25965,0.341217,0.417269,0.758485,0.33402,0.106862,0.159233,0.671103,0.157618,2.95489,0.287644,-0.00131108,,0.408745,0.0436526,0.0461826,-0.00421661,-0.00552769,0.0232955,0.034506700467318296,0.08522582799196243,111.165,2.6,2.6,2.6,2.6,148.92999267578125,0.19047619,C,/players/adley-rutschman/26288/stats/batting,C,3,3.0,AL,Adley Rutschman,668939,26288,26288
MIL,Brewers,1,3,4,1,1,0,0,0,0,0,0,0,1,0,0,0,,0,0,0.269121,0.347744,0.438563,0.786307,0.344218,0.103608,0.177118,0.584964,0.169442,3.01692,0.300526,-0.00197282,,0.518119,0.0824057,-0.0167898,-0.00421621,-0.00618903,0.0230478,0.07470793835818768,0.03197558969259262,118.249,2.6,2.6,2.6,2.6,56.560001373291016,0.14,C,/players/william-contreras/20503/stats/batting,C,23,23.0,NL,William Contreras,661388,20503,20503
ARI,Diamondbacks,1,3,4,1,1,0,0,0,0,0,0,0,1,0,0,0,,0,0,0.281711,0.356096,0.436861,0.792957,0.347773,0.0975458,0.160458,0.607922,0.15515,3.61653,0.315137,0.00156122,,0.526911,0.0926597,0.0104818,-0.00473443,-0.00317321,0.0229898,0.08214514260180295,0.024370689876377583,119.311,2.6,2.6,2.6,2.6,181.22000122070312,0.15492958,C,/players/gabriel-moreno/22664/stats/batting,C,15,15.0,NL,Gabriel Moreno,672515,22664,22664
SDP,Padres,1,4,4,1,1,0,0,0,1,1,0,0,1,0,0,0,,0,0,0.258192,0.306067,0.448469,0.754536,0.325565,0.0619396,0.216856,0.285625,0.190277,5.67651,0.294787,0.00445412,,0.521681,0.0304073,0.02391,0.00480842,0.00926254,0.0229686,0.05314748268574476,0.03749024961143732,108.78,1.6,1.6,1.6,1.6,70.79000091552734,0.00369004,OF,/players/jackson-merrill/29490/stats/batting,OF,29,29.0,NL,Jackson Merrill,701538,29490,29490
NYY,Yankees,1,4,4,1,0,0,0,0,1,1,0,0,1,0,0,0,,0,0,0.235172,0.304796,0.436766,0.741563,0.322179,0.0850515,0.354031,0.240237,0.201594,5.88839,0.331755,-6.17518e-05,,0.499704,0.0186646,0.0339093,0.00754474,0.00748299,0.022642,0.03456439869478345,0.044094438664615154,105.732,1.6,1.6,1.6,1.6,999.0,0.05376344,OF,/players/spencer-jones/31532/stats/batting,OF,9,9.0,AL,Spencer Jones,682987,31532,31532
BOS,Red Sox,1,3,4,1,1,0,0,0,1,1,0,0,1,0,0,0,,0,0,0.256607,0.334167,0.454464,0.788631,0.342902,0.102057,0.22307,0.457513,0.197857,4.32285,0.298808,-5.28125e-05,,0.549581,0.0838945,0.0490503,-0.00152655,-0.00157936,0.0225933,0.07769999105948955,0.0050688497722148895,117.333,2.6,2.6,2.6,2.6,199.89999389648438,0.03030303,OF,/players/wilyer-abreu/23772/stats/batting,OF,3,3.0,AL,Wilyer Abreu,677800,23772,23772
CHW,White Sox,1,4,4,1,1,0,0,0,1,1,0,0,1,0,0,0,,0,0,0.250001,0.343362,0.434874,0.778236,0.341333,0.116558,0.184011,0.633426,0.184873,4.51373,0.276114,-0.00024064,,0.562552,0.0815128,-0.0226391,0.004383,0.00414236,0.0224424,0.0953252580948174,-0.018626760691404343,119.299,1.6,1.6,1.6,1.6,303.0899963378906,0.03076923,3B,/players/miguel-vargas/20178/stats/batting,3B,4,4.0,AL,Miguel Vargas,678246,20178,20178
HOU,Astros,1,4,4,1,1,0,0,0,1,0,0,0,1,0,0,0,,0,0,0.248031,0.344713,0.405932,0.750645,0.333132,0.109058,0.151694,0.718936,0.157901,2.83301,0.26732,-0.00121086,,0.541341,0.0551841,0.00449695,-0.00625871,-0.00746957,0.022393,0.06169929215684533,0.012984608300030231,114.486,1.6,1.6,1.6,1.6,243.60000610351562,0.08270677,3B,/players/isaac-paredes/20036/stats/batting,3B,21,21.0,AL,Isaac Paredes,670623,20036,20036
HOU,Astros,1,4,4,1,1,0,0,0,0,0,0,0,1,0,0,0,,0,0,0.263119,0.317974,0.415966,0.73394,0.321138,0.059035,0.203286,0.290404,0.152847,5.19941,0.307062,0.0027528,,0.49101,0.015088,-0.00277567,0.00459954,0.00735234,0.0222574,0.03613059688359499,0.04027989017777145,106.157,1.6,1.6,1.6,1.6,122.9800033569336,0.01694915,SS,/players/jeremy-pena/21636/stats/batting,SS,21,21.0,AL,Jeremy Peña,665161,21636,21636
SDP,Padres,1,4,4,1,1,0,0,0,0,1,0,0,1,0,0,0,,0,0,0.25065,0.318937,0.43555,0.754488,0.328636,0.0898932,0.205863,0.436665,0.1849,3.27429,0.278919,-0.00182615,,0.526432,0.0402748,0.0315012,-0.000745546,-0.0025717,0.0219856,0.05104038072749972,0.031346894800662994,110.839,1.6,1.6,1.6,1.6,37.52000045776367,0.10443038,3B,/players/manny-machado/11493/stats/batting,3B,29,29.0,NL,Manny Machado,592518,11493,11493
MIL,Brewers,1,4,4,1,1,0,0,0,1,1,0,0,1,0,0,0,,0,0,0.266817,0.320413,0.461566,0.781978,0.33762,0.0703525,0.221463,0.317672,0.194749,5.29735,0.308492,0.00392057,,0.538657,0.0678531,0.0485216,0.0068424,0.010763,0.0217984,0.07698577549308538,0.007780909538269043,113.825,1.6,1.6,1.6,1.6,19.3799991607666,0.01041667,OF,/players/jackson-chourio/28806/stats/batting,OF,23,23.0,NL,Jackson Chourio,694192,28806,28806
PIT,Pirates,1,4,4,1,1,0,0,0,1,1,0,0,1,0,0,0,,0,0,0.245733,0.326969,0.452157,0.779126,0.338708,0.10177,0.304489,0.334232,0.206424,6.42398,0.320336,0.00165313,,0.542152,0.0713474,-0.00289062,0.0206601,0.0223132,0.021765,0.07313155010342598,0.011306912638247013,110.609,1.6,1.6,1.6,1.6,92.93000030517578,0.04932735,SS/OF,/players/oneil-cruz/21711/stats/batting,SS/OF,27,27.0,NL,Oneil Cruz,665833,21711,21711
ATL,Braves,1,4,4,1,1,0,0,0,1,1,0,0,1,0,0,0,,0,0,0.254259,0.336573,0.481332,0.817905,0.353231,0.10502,0.242707,0.432701,0.227073,2.78179,0.291977,-0.00341117,,0.620792,0.124401,0.0410271,-0.00361152,-0.00702269,0.0216705,0.11029732320457697,-0.03381858766078949,123.23,1.6,1.6,1.6,1.6,48.0099983215332,0.0,1B,/players/matt-olson/14344/stats/batting,1B,16,16.0,NL,Matt Olson,621566,14344,14344
MIA,Marlins,1,4,4,1,1,0,0,0,0,0,0,0,1,0,0,0,,0,0,0.27253,0.323723,0.401395,0.725118,0.318274,0.0637578,0.14848,0.429403,0.128865,6.01065,0.304301,0.00178458,,0.476531,0.00572669,0.0325386,0.00822514,0.0100097,0.0212077,0.0038327621296048164,0.07513114809989929,98.7104,1.6,1.6,1.6,1.6,229.16000366210938,0.00664452,2B/SS,/players/otto-lopez/19608/stats/batting,2B/SS,20,20.0,NL,Otto Lopez,672640,19608,19608
STL,Cardinals,1,3,4,1,1,0,0,0,0,0,0,0,1,0,0,0,,0,0,0.249069,0.33607,0.386041,0.722112,0.321866,0.097316,0.176366,0.551784,0.136972,4.15737,0.28229,0.0,,0.477457,0.0168874,0.0447186,0.00423475,0.00423475,0.0211982,0.022766752168536186,0.0589161766692996,103.955,2.6,2.6,2.6,2.6,999.0,0.0,2B,/players/jj-wetherholt/34985/stats/batting,2B,28,28.0,NL,JJ Wetherholt,802139,34985,34985
ATL,Braves,1,3,4,1,1,0,0,0,0,1,0,0,1,0,0,0,,0,0,0.267587,0.338554,0.451059,0.789613,0.343954,0.0891374,0.20571,0.433316,0.183472,2.7065,0.303646,-0.000959485,,0.532438,0.0840037,0.0175153,-0.00428318,-0.00524266,0.0211904,0.0723645519465208,0.012577012181282043,117.01,2.6,2.6,2.6,2.6,78.62999725341797,0.28185328,C/DH,/players/drake-baldwin/31539/stats/batting,C/DH,16,16.0,NL,Drake Baldwin,686948,31539,31539
CHW,White Sox,1,4,4,1,0,0,0,0,0,0,0,0,1,0,0,0,,0,0,0.221069,0.302285,0.403334,0.705618,0.310569,0.0862224,0.316975,0.272017,0.182264,3.79683,0.293282,-0.000121967,,0.4567,-0.0192215,0.039145,-0.00367556,-0.00379753,0.0209748,-0.013451830251142383,0.07726224139332771,97.9346,1.6,1.6,1.6,1.6,254.75,0.02834008,SS,/players/colson-montgomery/29712/stats/batting,SS,4,4.0,AL,Colson Montgomery,695657,29712,29712
CHC,Cubs,1,4,4,1,1,0,0,0,0,0,0,0,1,0,0,0,,0,0,0.234992,0.303974,0.397373,0.701347,0.308197,0.0865691,0.245257,0.352972,0.162381,5.10611,0.283247,0.0029083,,0.458656,-0.0275005,0.0402444,0.00862721,0.0115355,0.0209205,-0.012301908805966377,0.08422591164708138,95.1806,1.6,1.6,1.6,1.6,152.30999755859375,0.00353357,SS,/players/dansby-swanson/18314/stats/batting,SS,17,17.0,NL,Dansby Swanson,621020,18314,18314
DET,Tigers,1,3,3,1,0,0,0,0,0,0,0,0,1,0,0,0,,0,0,0.24623,0.305907,0.419342,0.725249,0.316675,0.0621604,0.236565,0.262762,0.173111,3.23629,0.292157,0.000227005,,0.408154,0.000512973,0.0378331,-0.00351035,-0.00328334,0.0208556,0.0010783609468489885,0.08196889981627464,101.089,2.6,2.6,2.6,2.6,254.6199951171875,0.12030075,C,/players/dillon-dingler/27464/stats/batting,C,6,6.0,AL,Dillon Dingler,693307,27464,27464
WSN,Nationals,1,3,4,1,1,0,0,0,1,1,1,0,1,0,0,0,,0,0,0.262471,0.359179,0.483422,0.842602,0.365391,0.126885,0.282788,0.448692,0.220951,5.01163,0.335087,0.00116004,,0.634666,0.158744,-0.00509414,0.00233899,0.00349903,0.0208544,0.14692790270783007,-0.07284105941653252,129.622,5.6,5.6,5.6,5.6,37.790000915527344,0.21404682,OF,/players/james-wood/29518/stats/batting,OF,24,24.0,NL,James Wood,695578,29518,29518
KCR,Royals,1,3,4,1,1,0,0,0,0,0,0,0,1,0,0,0,,0,0,0.266774,0.328509,0.394425,0.722934,0.31873,0.0850923,0.150124,0.566813,0.127651,5.83483,0.30079,0.00214538,,0.457215,0.00688032,0.0457528,0.00622969,0.00837507,0.0206652,0.00908353686099872,0.05933306273072958,100.16,2.6,2.6,2.6,2.6,63.150001525878906,0.02734375,3B,/players/maikel-garcia/22715/stats/batting,3B,7,7.0,AL,Maikel Garcia,672580,22715,22715
LAD,Dodgers,1,3,4,1,1,0,0,0,0,0,0,0,1,0,0,0,,0,0,0.257645,0.323174,0.448103,0.771277,0.335297,0.074455,0.212691,0.350061,0.190457,4.24422,0.293396,0.00118004,,0.490781,0.0557991,0.0215257,-0.00445603,-0.00327599,0.0205558,0.04776072595268488,0.03464300371706486,111.532,2.6,2.6,2.6,2.6,133.4199981689453,0.00302115,OF,/players/andy-pages/24816/stats/batting,OF,22,22.0,NL,Andy Pages,681624,24816,24816
LAD,Dodgers,1,3,3,1,0,0,0,0,0,0,0,0,1,0,0,0,,0,0,0.258398,0.350496,0.458,0.808496,0.352957,0.110004,0.188264,0.584304,0.199603,3.13309,0.281978,-0.00319861,,0.444038,0.0884487,-0.03265,-0.00324424,-0.00644284,0.020544,0.07811268465593457,0.025991976261138916,123.372,2.6,2.6,2.6,2.6,95.69000244140625,0.02325581,C,/players/will-smith/19197/stats/batting,C,22,22.0,NL,Will Smith,669257,19197,19197
PHI,Phillies,1,3,4,1,1,0,0,0,1,1,1,0,1,0,0,0,,0,0,0.266465,0.363667,0.482736,0.846403,0.367286,0.128722,0.216828,0.593661,0.216271,3.8616,0.305528,0.000704106,,0.647708,0.166669,-0.0146073,-0.00295832,-0.00225421,0.0205093,0.14223106880672276,-0.07294068299233913,129.523,5.6,5.6,5.6,5.6,47.900001525878906,0.04745763,OF,/players/bryce-harper/11579/stats/batting,OF,26,26.0,NL,Bryce Harper,547180,11579,11579
NYY,Yankees,1,3,3,1,0,0,0,0,0,0,0,0,1,0,0,0,,0,0,0.237915,0.316294,0.425126,0.74142,0.324261,0.0977962,0.271594,0.360083,0.187211,6.25377,0.292758,0.00248079,,0.414928,0.0208849,0.0224375,0.0164218,0.0189026,0.0202338,0.046682145446538925,0.03432025481015444,107.178,2.6,2.6,2.6,2.6,19.520000457763672,0.00374532,2B/OF,/players/jazz-chisholm-jr/20454/stats/batting,2B/OF,9,9.0,AL,Jazz Chisholm Jr.,665862,20454,20454
TOR,Blue Jays,1,3,4,1,0,0,0,0,0,1,0,0,1,0,0,0,,0,0,0.235917,0.3168,0.445834,0.762634,0.331863,0.0973389,0.258495,0.376561,0.209916,2.53771,0.27638,-0.00110323,,0.508862,0.0482925,0.00137513,-0.00494067,-0.0060439,0.0202249,0.05224902229383588,0.008782534045167267,112.886,2.6,2.6,2.6,2.6,999.0,0.01886792,3B,/players/kazuma-okamoto/37123/stats/batting,3B,14,14.0,AL,Kazuma Okamoto,672960,37123,37123
TOR,Blue Jays,1,2,2,1,0,0,0,0,0,0,0,0,0,0,0,0,,0,0,0.269499,0.344686,0.412987,0.757674,0.334122,0.0995397,0.125771,0.791433,0.143488,2.39721,0.284854,-0.00412712,,0.325956,0.0349931,0.032428,-0.00285262,-0.00697974,0.0201406,0.034331098198890686,0.07656382024288177,114.456,3.6,3.6,3.6,3.6,160.25,0.05,C,/players/alejandro-kirk/22581/stats/batting,C,14,14.0,AL,Alejandro Kirk,672386,22581,22581
BOS,Red Sox,1,3,4,1,1,0,0,0,0,0,0,0,1,0,0,0,,0,0,0.260942,0.301317,0.420659,0.721976,0.31361,0.0447253,0.210378,0.212595,0.159717,5.98325,0.306876,0.00231068,,0.431452,-0.00864787,0.0589545,0.00272585,0.00503653,0.01993,-0.007972881197929382,0.07222610805183649,96.9903,2.6,2.6,2.6,2.6,125.02999877929688,0.0,OF,/players/ceddanne-rafaela/24262/stats/batting,OF,3,3.0,AL,Ceddanne Rafaela,678882,24262,24262
LAD,Dodgers,1,4,4,1,1,0,0,0,1,1,0,0,1,0,0,0,,0,0,0.255557,0.347908,0.448878,0.796786,0.347975,0.121029,0.161212,0.750743,0.193322,5.14458,0.271345,0.000101141,,0.590564,0.104407,-0.00386514,0.00909132,0.00919246,0.0197505,0.10827670339494944,-0.04784661973826587,120.033,1.6,1.6,1.6,1.6,13.130000114440918,0.06666667,OF,/players/kyle-tucker/18345/stats/batting,OF,22,22.0,NL,Kyle Tucker,663656,18345,18345
SDP,Padres,1,4,4,1,1,0,0,0,0,0,0,0,1,0,0,0,,0,0,0.250507,0.326549,0.376626,0.703176,0.312937,0.0951746,0.183075,0.519867,0.126119,4.61177,0.289528,0.0016589,,0.459392,-0.0114127,0.00791646,0.0104867,0.0121456,0.0197005,0.013648951309733093,0.05050905607640743,100.314,1.6,1.6,1.6,1.6,237.1999969482422,0.03832753,SS,/players/xander-bogaerts/12161/stats/batting,SS,29,29.0,NL,Xander Bogaerts,593428,12161,12161
ATL,Braves,1,4,4,1,1,0,0,0,1,1,0,0,1,0,0,0,,0,0,0.254919,0.320214,0.458973,0.779187,0.33752,0.0755715,0.283004,0.267033,0.204054,4.02531,0.318557,-0.000312388,,0.532487,0.0668005,-0.00562772,-0.00327911,-0.0035915,0.0196413,0.05656644073314965,0.008415489457547665,112.697,1.6,1.6,1.6,1.6,59.36000061035156,0.0,3B,/players/austin-riley/18360/stats/batting,3B,16,16.0,NL,Austin Riley,663586,18360,18360
TEX,Rangers,1,4,4,1,1,0,0,0,0,0,0,0,1,0,0,0,,0,0,0.248979,0.303076,0.397055,0.700132,0.306828,0.0647057,0.236734,0.273326,0.148077,5.15138,0.306279,-0.00109318,,0.439773,-0.0310314,0.0485848,0.000334386,-0.00075879,0.0194378,-0.01439310668502003,0.0646341759711504,97.0515,1.6,1.6,1.6,1.6,999.0,0.00993377,3B,/players/ezequiel-duran/23733/stats/batting,3B,13,13.0,AL,Ezequiel Duran,677649,23733,23733
TOR,Blue Jays,1,3,4,1,1,0,0,0,0,0,0,0,1,0,0,0,,0,0,0.247774,0.307518,0.366998,0.674516,0.299625,0.0546873,0.181527,0.301263,0.119224,5.84442,0.288654,1.57993e-05,,0.384942,-0.05004,0.0487346,0.0134188,0.0134346,0.0194356,-0.027160562574863434,0.08808641135692596,90.498,2.6,2.6,2.6,2.6,412.2200012207031,0.0,2B/SS,/players/andres-gimenez/19950/stats/batting,2B/SS,14,14.0,AL,Andrés Giménez,665926,19950,19950
CHW,White Sox,1,3,4,1,0,0,0,0,0,1,1,0,1,0,0,0,,0,0,0.224843,0.351964,0.463095,0.815058,0.356156,0.154569,0.340204,0.454343,0.238252,3.17903,0.300579,-0.000511055,,0.578678,0.123226,-0.00462086,-0.00649134,-0.00700239,0.0190957,0.12537910556420684,-0.07391098560765386,129.593,5.6,5.6,5.6,5.6,999.0,0.0483871,1B,/players/munetaka-murakami/37120/stats/batting,1B,4,4.0,AL,Munetaka Murakami,808959,37120,37120
CHC,Cubs,1,3,4,1,1,0,0,0,1,1,0,0,1,0,0,0,,0,0,0.257368,0.340982,0.457543,0.798525,0.347199,0.10805,0.2478,0.436037,0.200175,3.91328,0.310385,-0.00146221,,0.56942,0.0986159,0.0266288,-0.00505665,-0.00651886,0.0189557,0.09564441302791238,-0.03880331665277481,121.329,2.6,2.6,2.6,2.6,113.43000030517578,0.45360825,DH/OF,/players/seiya-suzuki/30116/stats/batting,DH/OF,17,17.0,NL,Seiya Suzuki,673548,30116,30116
BOS,Red Sox,1,3,4,1,1,0,0,0,1,0,0,0,1,0,0,0,,0,0,0.261228,0.353916,0.438365,0.792281,0.347733,0.121735,0.246719,0.493414,0.177137,4.73058,0.329978,0.00127194,,0.552511,0.0970589,0.0219547,-0.00301848,-0.00174654,0.0185636,0.090798674733378,-0.04455767199397087,120.688,2.6,2.6,2.6,2.6,50.75,0.30708661,DH/OF,/players/roman-anthony/31812/stats/batting,DH/OF,3,3.0,AL,Roman Anthony,701350,31812,31812
TBR,Rays,1,2,3,1,0,0,0,0,0,0,0,0,0,0,0,0,,0,0,0.24579,0.335916,0.355236,0.691152,0.31182,0.100347,0.147168,0.681858,0.109446,2.62838,0.274002,-0.00056185,,0.329964,-0.010857,0.0505862,-0.00311346,-0.00367531,0.0184447,-0.010759032098576427,0.09009240567684174,97.8839,3.6,3.6,3.6,3.6,748.5399780273438,0.24513619,C,/players/liam-hicks/29844/stats/batting,C,12,12.0,AL,Liam Hicks,689414,29844,29844
MIN,Twins,1,3,3,1,0,0,0,0,0,0,0,0,1,0,0,0,,0,0,0.253673,0.338685,0.430978,0.769663,0.337727,0.100648,0.198446,0.507183,0.177305,3.43309,0.289263,-0.00169232,,0.425344,0.053818,-0.0162871,-0.00369028,-0.0053826,0.018382,0.05342032806947827,0.01612033136188984,116.115,2.6,2.6,2.6,2.6,298.05999755859375,0.1773399,C,/players/ryan-jeffers/24618/stats/batting,C,8,8.0,AL,Ryan Jeffers,680777,24618,24618
NYY,Yankees,1,4,4,1,1,0,0,0,1,1,0,0,1,0,0,0,,0,0,0.251884,0.320426,0.414948,0.735374,0.322076,0.0898525,0.160563,0.559608,0.163064,5.06167,0.272504,0.000808791,,0.509991,0.0187167,0.0464698,0.00149129,0.00230008,0.018324,0.029612688114866614,0.0035685300827026367,105.66,1.6,1.6,1.6,1.6,80.98999786376953,0.00296736,OF,/players/cody-bellinger/15998/stats/batting,OF,9,9.0,AL,Cody Bellinger,641355,15998,15998
CLE,Guardians,1,3,4,1,1,0,0,0,0,0,0,0,0,0,0,0,,0,0,0.268986,0.348381,0.357224,0.705604,0.317226,0.104457,0.0987724,1.05755,0.0882374,4.81052,0.291884,0.00222391,,0.46288,0.00231098,0.0299818,0.00168502,0.00390893,0.0180895,0.01593705825507641,0.024117598310112953,102.659,2.6,2.6,2.6,2.6,169.60000610351562,0.02023121,OF,/players/steven-kwan/24610/stats/batting,OF,5,5.0,AL,Steven Kwan,680757,24610,24610
NYY,Yankees,1,4,4,1,1,0,0,0,1,1,0,0,1,0,0,0,,0,0,0.249113,0.340568,0.480779,0.821347,0.355283,0.11107,0.225655,0.49221,0.231666,3.71071,0.274873,-0.00110297,,0.614797,0.12864,-0.000334367,-0.00412224,-0.0052252,0.0179904,0.13192162802442908,-0.10048868515877984,128.722,1.6,1.6,1.6,1.6,53.189998626708984,0.50175439,1B/DH,/players/ben-rice/29576/stats/batting,1B/DH,9,9.0,AL,Ben Rice,700250,29576,29576
MIL,Brewers,1,3,4,1,1,0,0,0,0,0,0,0,1,0,0,0,,0,0,0.249283,0.329035,0.385569,0.714604,0.317108,0.105154,0.225985,0.465314,0.136286,5.23639,0.306276,0.0017066,,0.457369,0.00191705,0.0242748,0.00891747,0.0106241,0.0177882,0.010964018758386374,0.038626610301434994,100.073,2.6,2.6,2.6,2.6,48.18000030517578,0.0,2B,/players/brice-turang/22186/stats/batting,2B,23,23.0,NL,Brice Turang,668930,22186,22186
BOS,Red Sox,1,3,4,1,0,0,0,0,1,0,0,0,1,0,0,0,,0,0,0.25495,0.318799,0.436987,0.755787,0.328693,0.0766582,0.245523,0.312224,0.182037,7.71997,0.316478,0.00603232,,0.4601,0.0353529,0.03622,0.0121255,0.0181578,0.0177164,0.0493012722581625,-0.0022058896720409393,107.465,2.6,2.6,2.6,2.6,64.04000091552734,0.02795031,OF,/players/jarren-duran/24617/stats/batting,OF,3,3.0,AL,Jarren Duran,680776,24617,24617
LAD,Dodgers,1,4,4,1,1,0,0,0,1,1,0,0,1,0,0,0,,0,0,0.273917,0.351465,0.450808,0.802273,0.35026,0.0982674,0.185415,0.529987,0.176891,3.63348,0.309424,-0.00305924,,0.57925,0.108446,0.0163394,-0.000771515,-0.00383075,0.0176684,0.09946044511161745,-0.05526556633412838,121.564,1.6,1.6,1.6,1.6,67.87999725341797,0.0033557,1B,/players/freddie-freeman/5361/stats/batting,1B,22,22.0,NL,Freddie Freeman,518692,5361,5361
STL,Cardinals,1,3,4,1,1,0,0,0,0,0,0,0,1,0,0,0,,0,0,0.246228,0.309039,0.368164,0.677204,0.300464,0.0764757,0.198377,0.385508,0.121936,5.08415,0.294247,0.00363633,,0.378315,-0.0464325,0.0576684,0.0018762,0.00551253,0.0176521,-0.0394033333286643,0.09609435498714447,89.6061,2.6,2.6,2.6,2.6,364.7799987792969,0.0,SS,/players/masyn-winn/27479/stats/batting,SS,28,28.0,NL,Masyn Winn,691026,27479,27479
CHW,White Sox,1,3,4,1,1,0,0,0,0,0,0,0,1,0,0,0,,0,0,0.247398,0.335077,0.351593,0.68667,0.309933,0.104492,0.189152,0.552421,0.104195,3.58436,0.295544,-0.00123702,,0.439968,-0.0206015,0.034561,-0.00310614,-0.00434317,0.0174102,-0.015686092898249626,0.049067188054323196,97.4925,2.6,2.6,2.6,2.6,646.8699951171875,0.0,2B/SS,/players/chase-meidroth/31580/stats/batting,2B/SS,4,4.0,AL,Chase Meidroth,805367,31580,31580
NYY,Yankees,1,3,3,1,0,0,0,0,0,0,0,0,1,0,0,0,,0,0,0.224138,0.307839,0.399584,0.707423,0.31189,0.0994117,0.246778,0.402839,0.175446,3.92096,0.26579,-0.000516849,,0.348962,-0.0113052,0.0080135,0.000206423,-0.000310427,0.0172836,-0.005311978631652892,0.06742708664387465,98.5865,2.6,2.6,2.6,2.6,246.13999938964844,0.00408163,C,/players/austin-wells/27562/stats/batting,C,9,9.0,AL,Austin Wells,669224,27562,27562
CHC,Cubs,1,4,4,1,1,0,0,0,0,0,0,0,0,0,0,0,,0,0,0.266442,0.32338,0.353578,0.676958,0.302166,0.0656746,0.0987717,0.664914,0.0871362,5.20151,0.287741,0.00324539,,0.447888,-0.0485031,0.0454578,0.0109376,0.014183,0.0169865,-0.03057988826185465,0.061044229194521904,91.1365,1.6,1.6,1.6,1.6,101.93000030517578,0.0,2B/SS,/players/nico-hoerner/21479/stats/batting,2B/SS,17,17.0,NL,Nico Hoerner,663538,21479,21479
SEA,Mariners,1,3,4,1,1,0,0,0,0,0,0,0,1,0,0,0,,0,0,0.245041,0.339763,0.415248,0.755011,0.333627,0.0986415,0.239634,0.411634,0.170207,5.06265,0.298718,-0.0024795,,0.50869,0.0532383,-0.0163904,0.00265179,0.000172295,0.0169392,0.09096419088018592,-0.06068054772913456,120.296,2.6,2.6,2.6,2.6,89.37999725341797,0.02236422,OF,/players/randy-arozarena/19290/stats/batting,OF,11,11.0,AL,Randy Arozarena,668227,19290,19290
NYM,Mets,1,4,4,1,1,0,0,0,0,0,0,0,1,0,0,0,,0,0,0.271302,0.323051,0.421472,0.744523,0.324973,0.0682607,0.179998,0.37923,0.15017,3.53381,0.307398,0.0009959521,,0.508873,0.0278341,0.00103747,-0.00362416,-0.00262821,0.0168194,0.028609389904886484,0.0044325352646410465,106.383,1.6,1.6,1.6,1.6,92.86000061035156,0.04262295,SS,/players/bo-bichette/19612/stats/batting,SS,25,25.0,NL,Bo Bichette,666182,19612,19612
MIN,Twins,1,3,4,1,1,0,0,0,0,0,0,0,1,0,0,0,,0,0,0.247841,0.323191,0.398203,0.721395,0.318409,0.0926724,0.212137,0.436851,0.150363,5.21464,0.295225,-6.56e-05,,0.425121,0.00549061,0.0163937,0.00187465,0.00180905,0.0167884,0.012929974356666207,0.026578890159726143,102.698,2.6,2.6,2.6,2.6,999.0,0.04,OF,/players/walker-jenkins/33571/stats/batting,OF,8,8.0,AL,Walker Jenkins,805805,33571,33571
MIN,Twins,1,3,3,1,0,0,0,0,0,0,0,0,1,0,0,0,,0,0,0.232464,0.34836,0.411718,0.760079,0.337195,0.141976,0.31253,0.454278,0.179254,5.75911,0.326206,0.0,,0.44385,0.054925,0.0206964,-0.0028387,-0.0028387,0.0167565,0.05730461375787854,-0.008933201432228088,115.745,2.6,2.6,2.6,2.6,748.52001953125,0.0,OF,/players/emmanuel-rodriguez/28084/stats/batting,OF,8,8.0,AL,Emmanuel Rodriguez,691181,28084,28084
MIN,Twins,1,3,4,1,0,0,0,0,0,0,0,0,1,0,0,0,,0,0,0.249293,0.307406,0.431186,0.738592,0.321155,0.0733715,0.231574,0.316838,0.181893,4.71082,0.291609,-0.000841216,,0.438263,0.0135153,0.0529841,0.00746814,0.00662692,0.0165949,0.025841221679002047,0.010237228125333786,104.606,2.6,2.6,2.6,2.6,193.64999389648438,0.02880658,3B,/players/royce-lewis/20437/stats/batting,3B,8,8.0,AL,Royce Lewis,668904,20437,20437
PHI,Phillies,1,4,4,1,0,0,0,0,1,1,1,0,1,0,0,0,,0,0,0.232746,0.346424,0.489628,0.836052,0.361747,0.139339,0.294299,0.473461,0.256882,3.25008,0.274464,-0.00568826,,0.676413,0.159551,0.00191623,-0.00387988,-0.00956815,0.0165136,0.12614787556231022,-0.10595413623377681,125.809,4.6,4.6,4.6,4.6,24.690000534057617,0.94339623,DH/OF,/players/kyle-schwarber/16478/stats/batting,DH/OF,26,26.0,NL,Kyle Schwarber,656941,16478,16478
DET,Tigers,1,3,3,1,1,0,0,0,0,0,0,0,1,0,0,0,,0,0,0.244312,0.322379,0.380627,0.703005,0.312061,0.0983859,0.211275,0.465678,0.136314,5.59492,0.29425,0.0,,0.397027,-0.0123685,0.0299957,0.0050399,0.0050399,0.0164129,-0.00346332136541605,0.042341360822319984,97.8853,2.6,2.6,2.6,2.6,999.0,0.0,OF,/players/maxwell-clark/33381/stats/batting,OF,6,6.0,AL,Max Clark,703601,33381,33381
SEA,Mariners,1,3,4,1,1,0,0,0,0,0,0,0,1,0,0,0,,0,0,0.235873,0.330935,0.348767,0.679702,0.307101,0.115632,0.195649,0.591016,0.112894,3.12527,0.281705,-0.000372973,,0.44065,-0.0301539,-0.0251163,-0.00592487,-0.00629784,0.0163436,0.0023677777498960495,0.017476283013820648,101.874,2.6,2.6,2.6,2.6,748.5399780273438,0.00363636,SS,/players/jp-crawford/15491/stats/batting,SS,11,11.0,AL,J.P. Crawford,641487,15491,15491
BAL,Orioles,1,2,3,1,0,0,0,0,0,0,0,0,1,0,0,0,,0,0,0.239647,0.326059,0.422089,0.748149,0.328898,0.103254,0.299264,0.345026,0.182443,4.94285,0.315684,0.000707354,,0.366335,0.0285838,0.0090625,0.00311737,0.00382472,0.0162865,0.04535707924515009,0.013692128472030163,112.52,3.6,3.6,3.6,3.6,251.72000122070312,0.01327434,OF,/players/colton-cowser/29591/stats/batting,OF,2,2.0,AL,Colton Cowser,681297,29591,29591
BOS,Red Sox,1,3,4,1,1,0,0,0,0,0,0,0,1,0,0,0,,0,0,0.250215,0.326417,0.369849,0.696266,0.31123,0.0760645,0.131393,0.57891,0.119634,5.01989,0.273146,0.00130805,,0.444044,-0.0165257,0.0176923,0.010246,0.011554,0.0162563,-0.009536045603454113,0.031581212766468525,95.3378,2.6,2.6,2.6,2.6,219.8300018310547,0.0,3B,/players/caleb-durbin/29646/stats/batting,3B,3,3.0,AL,Caleb Durbin,702332,29646,29646
BAL,Orioles,1,4,4,1,0,0,0,0,0,1,0,0,1,0,0,0,,0,0,0.24413,0.285105,0.444668,0.729773,0.314349,0.0438282,0.285344,0.153598,0.200538,3.73307,0.300603,0.00010875,,0.438713,-0.00650378,0.0304853,-0.00347538,-0.00336663,0.0161401,0.007198093691840768,0.018293913453817368,102.416,1.6,1.6,1.6,1.6,999.0,0.04395604,1B/3B,/players/christian-encarnacion-strand/30011/stats/batting,1B/3B,2,2.0,AL,Christian Encarnacion-Strand,687952,30011,30011
LAD,Dodgers,1,3,3,1,0,0,0,0,0,0,0,0,1,0,0,0,,0,0,0.229787,0.332487,0.440676,0.773162,0.33855,0.12286,0.248666,0.494075,0.210888,3.21213,0.264453,-0.00317131,,0.447447,0.0585212,-0.00647814,-0.00270925,-0.00588056,0.016056,0.04838254954665899,0.0024724812246859074,113.714,2.6,2.6,2.6,2.6,234.3699951171875,0.00823045,1B/3B,/players/max-muncy/13301/stats/batting,1B/3B,22,22.0,NL,Max Muncy,571970,13301,13301
PIT,Pirates,1,4,4,1,1,0,0,0,0,0,0,0,1,0,0,0,,0,0,0.258231,0.318747,0.397394,0.716141,0.315292,0.0631843,0.253362,0.249384,0.139162,6.99827,0.332088,-0.000368919,,0.461881,-0.00380628,-0.00189099,0.0184789,0.01811,0.0160403,-0.0060022324323654175,0.0356090038549155,94.9108,1.6,1.6,1.6,1.6,999.0,0.05063291,SS,/players/konnor-griffin/35376/stats/batting,SS,27,27.0,NL,Konnor Griffin,804606,35376,35376
MIN,Twins,1,3,3,1,0,0,0,0,0,0,0,0,1,0,0,0,,0,0,0.245463,0.309548,0.396314,0.705862,0.310804,0.0692656,0.225304,0.307432,0.150851,5.30541,0.293871,0.0,,0.378758,-0.0152846,0.00951965,0.00401701,0.00401701,0.0159773,-0.00598053727298975,0.045167796313762665,97.4168,2.6,2.6,2.6,2.6,999.0,0.0,SS,/players/kaelen-culpepper/35111/stats/batting,SS,8,8.0,AL,Kaelen Culpepper,701785,35111,35111
PHI,Phillies,1,4,4,1,1,0,0,0,0,0,0,0,1,0,0,0,,0,0,0.263697,0.315107,0.408558,0.723666,0.316718,0.0645488,0.199597,0.323395,0.144861,5.6568,0.30823,0.00594015,,0.486912,0.000754853,-0.0212924,0.0151073,0.0210474,0.0158459,-0.0006170980632305145,0.022689122706651688,95.6199,1.6,1.6,1.6,1.6,26.780000686645508,0.01016949,SS,/players/trea-turner/16252/stats/batting,SS,26,26.0,NL,Trea Turner,607208,16252,16252
TEX,Rangers,1,4,4,1,1,0,0,0,1,0,0,0,1,0,0,0,,0,0,0.253106,0.326802,0.419285,0.746087,0.327393,0.087062,0.220889,0.394144,0.166179,4.67101,0.300198,-0.000636561,,0.516811,0.0357723,0.00534824,-0.000407683,-0.00104424,0.0157798,0.05250334634911269,-0.04125670250505209,111.334,1.6,1.6,1.6,1.6,145.4600067138672,0.04140127,OF,/players/brandon-nimmo/12927/stats/batting,OF,13,13.0,AL,Brandon Nimmo,607043,12927,12927
WSN,Nationals,1,4,4,1,1,0,0,0,1,0,0,0,1,0,0,0,,0,0,0.255666,0.322847,0.433638,0.756486,0.330166,0.0721372,0.213036,0.338616,0.177972,6.52623,0.297555,0.00272915,,0.531507,0.0453503,-0.0571931,0.0169375,0.0196667,0.0157091,0.04937218129634857,-0.028643671423196793,106.006,1.6,1.6,1.6,1.6,65.0,0.04013378,SS,/players/cj-abrams/25768/stats/batting,SS,24,24.0,NL,CJ Abrams,682928,25768,25768
KCR,Royals,1,3,3,1,0,0,0,0,0,0,0,0,1,0,0,0,,0,0,0.237951,0.319581,0.420698,0.740279,0.324409,0.10495,0.261141,0.40189,0.182747,4.58835,0.295636,6.63594e-05,,0.407927,0.0209026,0.0173501,-0.00247763,-0.00241127,0.0157001,0.013187143253162503,0.02537478879094124,104.103,2.6,2.6,2.6,2.6,999.0,0.30538922,C/DH,/players/carter-jensen/29478/stats/batting,C/DH,7,7.0,AL,Carter Jensen,695600,29478,29478
MIN,Twins,1,3,4,1,1,0,0,0,0,0,0,0,1,0,0,0,,0,0,0.263329,0.349349,0.391381,0.74073,0.330276,0.0923481,0.162896,0.566913,0.128052,5.44063,0.301565,0.000142525,,0.464686,0.0399384,0.0041067,0.00720295,0.00734548,0.0153249,0.05298285186290741,-0.029380956664681435,110.94,2.6,2.6,2.6,2.6,114.8499984741211,0.03902439,2B/OF,/players/luke-keaschall/33321/stats/batting,2B/OF,8,8.0,AL,Luke Keaschall,807712,33321,33321
ATH,Athletics,1,3,4,1,0,0,0,0,0,0,0,0,1,0,0,0,,0,0,0.246277,0.316478,0.435247,0.751725,0.327725,0.0869329,0.267232,0.325309,0.18897,5.3359,0.303706,0.000688,,0.473825,0.0337255,0.0122911,0.0114733,0.0121613,0.0152217,0.01774543011561036,0.00025405455380678177,101.292,2.6,2.6,2.6,2.6,999.0,0.01273885,2B,/players/zack-gelof/29766/stats/batting,2B,10,10.0,AL,Zack Gelof,680869,29766,29766
COL,Rockies,1,3,3,1,0,0,0,0,0,0,0,0,1,0,0,0,,0,0,0.25526,0.310949,0.491588,0.802538,0.344209,0.0665658,0.27811,0.239351,0.236328,4.15192,0.306548,-0.000473705,,0.467676,0.0743639,-0.000627497,-0.00505414,-0.00552785,0.0146348,0.013784648384898901,0.02190336602507159,104.826,2.6,2.6,2.6,2.6,67.36000061035156,0.27857143,C,/players/hunter-goodman/29715/stats/batting,C,19,19.0,NL,Hunter Goodman,696100,29715,29715
PIT,Pirates,1,3,4,1,0,0,0,0,0,0,0,0,1,0,0,0,,0,0,0.243964,0.315676,0.442512,0.758187,0.329739,0.0883698,0.267798,0.329987,0.198548,3.24233,0.296209,-0.00123609,,0.463132,0.0383843,0.0100601,-0.00220995,-0.00344605,0.0146237,0.016417456325143576,0.010523059405386448,104.597,2.6,2.6,2.6,2.6,187.57000732421875,0.07092199,2B,/players/brandon-lowe/18882/stats/batting,2B,27,27.0,NL,Brandon Lowe,664040,18882,18882
SEA,Mariners,1,4,4,1,1,0,0,0,0,0,0,0,1,0,0,0,,0,0,0.260485,0.321391,0.400707,0.722098,0.317543,0.0765914,0.14491,0.528544,0.140223,4.58564,0.281539,-0.00247105,,0.494801,0.00352695,0.0162093,0.0128512,0.0103802,0.0145952,0.05441439524292946,-0.05786474049091339,109.126,1.6,1.6,1.6,1.6,67.45999908447266,0.06666667,1B,/players/josh-naylor/18839/stats/batting,1B,11,11.0,AL,Josh Naylor,647304,18839,18839
SEA,Mariners,1,3,3,1,0,0,0,0,0,0,0,0,1,0,0,0,,0,0,0.252472,0.313626,0.441871,0.755497,0.32763,0.0772699,0.220538,0.350371,0.189399,3.86557,0.288218,-0.00136524,,0.434997,0.0307192,0.0133711,-0.00196781,-0.00333305,0.0142964,0.060720304725691676,-0.041104220785200596,116.131,2.6,2.6,2.6,2.6,477.1600036621094,0.47465438,DH/OF,/players/dominic-canzone/26438/stats/batting,DH/OF,11,11.0,AL,Dominic Canzone,686527,26438,26438
PHI,Phillies,1,3,4,1,1,0,0,0,0,0,0,0,1,0,0,0,,0,0,0.253279,0.324065,0.390193,0.714258,0.315736,0.0916161,0.169993,0.53894,0.136914,5.88272,0.287312,0.00122793,,0.427653,-0.00221182,0.0122499,0.0142813,0.0155093,0.0140209,-0.006526031531393528,0.026138766668736935,94.9615,2.6,2.6,2.6,2.6,181.44000244140625,0.0,2B,/players/bryson-stott/26294/stats/batting,2B,26,26.0,NL,Bryson Stott,681082,26294,26294
CLE,Guardians,1,3,4,1,1,0,0,0,0,0,0,0,1,0,0,0,,0,0,0.242555,0.308408,0.363724,0.672132,0.298909,0.0734705,0.168114,0.437027,0.121169,5.04067,0.277568,-0.000464405,,0.373809,-0.0509383,0.0154958,-0.00094432,-0.00140872,0.0139949,-0.04338565713260323,0.053921700455248356,89.9378,2.6,2.6,2.6,2.6,999.0,0.0,SS,/players/brayan-rocchio/23690/stats/batting,SS,5,5.0,AL,Brayan Rocchio,677587,23690,23690
CHC,Cubs,1,3,4,1,0,0,0,0,0,0,0,0,1,0,0,0,,0,0,0.23314,0.329621,0.407769,0.73739,0.325826,0.118969,0.260892,0.456011,0.17463,3.72889,0.290878,-0.000982935,,0.489897,0.0293278,0.0234193,-0.0022879,-0.00327083,0.0139059,0.02952729561366141,-0.019481943920254707,106.999,2.6,2.6,2.6,2.6,184.86000061035156,0.02960526,OF,/players/ian-happ/17919/stats/batting,OF,17,17.0,NL,Ian Happ,664023,17919,17919
TEX,Rangers,1,3,3,1,0,0,0,0,0,0,0,0,1,0,0,0,,0,0,0.231516,0.320327,0.375981,0.696308,0.310312,0.103721,0.234614,0.442093,0.144466,6.31379,0.286542,0.00106219,,0.343124,-0.0150963,0.0144057,0.0051164,0.00617859,0.0139041,0.0043192688608542085,0.025208168663084507,99.4715,2.6,2.6,2.6,2.6,280.4800109863281,0.00995025,OF,/players/evan-carter/27790/stats/batting,OF,13,13.0,AL,Evan Carter,694497,27790,27790
DET,Tigers,1,3,3,1,1,0,0,0,0,0,0,0,1,0,0,0,,0,0,0.256225,0.343254,0.393806,0.73706,0.327647,0.113299,0.180117,0.62903,0.137581,2.60883,0.293196,-0.00257904,,0.435043,0.0307656,-0.0153871,-0.0046376,-0.00721664,0.0137546,0.027365921530872583,-0.013072271831333637,108.709,2.6,2.6,2.6,2.6,261.510009765625,0.12133891,2B,/players/gleyber-torres/16997/stats/batting,2B,6,6.0,AL,Gleyber Torres,650402,16997,16997
MIL,Brewers,1,3,3,1,0,0,0,0,0,0,0,0,1,0,0,0,,0,0,0.24791,0.309078,0.37878,0.687858,0.303635,0.0765373,0.188049,0.407007,0.130869,5.39918,0.290118,0.00121408,,0.322139,-0.0309641,0.0511896,-0.000583521,0.000630563,0.0134938,-0.03155623219208792,0.0670846477150917,91.0404,2.6,2.6,2.6,2.6,743.4400024414062,0.0,3B/SS,/players/joey-ortiz/25493/stats/batting,3B/SS,23,23.0,NL,Joey Ortiz,687401,25493,25493
MIL,Brewers,1,3,3,1,0,0,0,0,0,0,0,0,1,0,0,0,,0,0,0.242455,0.324611,0.408128,0.73274,0.322555,0.0999647,0.302235,0.330752,0.165674,6.31458,0.331071,0.000485,,0.37304,0.0148188,0.0061026,0.00292249,0.00340749,0.0134703,0.016985923750326037,0.016905068885535002,103.726,2.6,2.6,2.6,2.6,691.1699829101562,0.01796407,OF,/players/garrett-mitchell/27555/stats/batting,OF,23,23.0,NL,Garrett Mitchell,669003,27555,27555
NYM,Mets,1,3,4,1,1,0,0,0,0,0,0,0,1,0,0,0,,0,0,0.249552,0.319334,0.398532,0.717866,0.316333,0.0827511,0.222619,0.371717,0.14898,5.34145,0.299489,0.0,,0.44474,-0.000477489,0.0410735,0.00404347,0.00404347,0.0134699,0.0067160294856876135,0.0032648853957653046,100.59,2.6,2.6,2.6,2.6,999.0,0.00609756,OF,/players/carson-benge/35177/stats/batting,OF,25,25.0,NL,Carson Benge,701807,35177,35177
NYY,Yankees,1,3,4,1,0,0,0,0,0,0,0,0,1,0,0,0,,0,0,0.217464,0.309023,0.350665,0.659688,0.29671,0.104967,0.269409,0.389619,0.133201,5.07427,0.284672,0.0,,0.389573,-0.0607612,0.00668595,0.00158148,0.00158148,0.0133066,-0.051300115417689085,0.047426687087863684,88.0441,2.6,2.6,2.6,2.6,999.0,0.0,SS,/players/george-lombard/33433/stats/batting,SS,9,9.0,AL,George Lombard Jr.,806146,33433,33433
CHW,White Sox,1,2,3,1,0,0,0,0,0,0,0,0,1,0,0,0,,0,0,0.236845,0.326431,0.373818,0.700249,0.313146,0.108507,0.268658,0.403886,0.136973,2.87449,0.307586,-0.000588939,,0.317188,-0.00740402,-0.00843909,-0.0023797,-0.00296864,0.0132901,-0.0038475841283798218,0.037394244223833084,99.7243,3.6,3.6,3.6,3.6,266.8800048828125,0.13043478,C,/players/kyle-teel/33549/stats/batting,C,4,4.0,AL,Kyle Teel,691019,33549,33549
STL,Cardinals,1,4,4,1,1,0,0,0,0,1,0,0,1,0,0,0,,0,0,0.268977,0.32558,0.436548,0.762128,0.331748,0.0730408,0.163426,0.446935,0.167571,3.05373,0.29213,-0.00279264,,0.536751,0.0505944,0.0244193,-0.00323345,-0.00602609,0.0132738,0.046304264571517706,-0.04950045049190521,110.58,1.6,1.6,1.6,1.6,175.19000244140625,0.08143322,1B/OF,/players/alec-burleson/27615/stats/batting,1B/OF,28,28.0,NL,Alec Burleson,676475,27615,27615
TEX,Rangers,1,4,4,1,1,0,0,0,0,1,0,0,1,0,0,0,,0,0,0.246392,0.307169,0.451959,0.759127,0.328453,0.0709276,0.254674,0.278504,0.205566,3.53655,0.288137,-0.000573184,,0.514755,0.0388333,0.00840128,-0.00381373,-0.00438691,0.0132008,0.052032634150236845,-0.06459254398941994,112.07,1.6,1.6,1.6,1.6,236.72000122070312,0.04313725,1B/3B,/players/jake-burger/22275/stats/batting,1B/3B,13,13.0,AL,Jake Burger,669394,22275,22275
CHC,Cubs,1,4,4,1,1,0,0,0,1,1,0,0,1,0,0,0,,0,0,0.24307,0.334319,0.428184,0.762503,0.334905,0.107533,0.243363,0.441861,0.185114,3.17411,0.291081,-0.00280649,,0.54722,0.0610633,0.00844306,-0.00456665,-0.00737314,0.012835,0.05735330190509558,-0.06485940888524055,113.086,1.6,1.6,1.6,1.6,106.45999908447266,0.00641026,1B,/players/michael-busch/26319/stats/batting,1B,17,17.0,NL,Michael Busch,683737,26319,26319
TBR,Rays,1,4,4,1,1,0,0,0,0,0,0,0,1,0,0,0,,0,0,0.277965,0.346904,0.430625,0.777529,0.340853,0.0881956,0.150255,0.586972,0.152661,2.79716,0.303361,-0.00297206,,0.560976,0.0799365,7.97863e-05,-0.00601287,-0.00898493,0.012731,0.07627711165696383,-0.09498194058687659,118.046,1.6,1.6,1.6,1.6,138.63999938964844,0.87868852,1B/3B/DH,/players/yandy-diaz/16578/stats/batting,1B/3B/DH,12,12.0,AL,Yandy Díaz,650490,16578,16578
NYM,Mets,1,3,4,1,1,0,0,0,0,0,0,0,1,0,0,0,,0,0,0.236172,0.309005,0.352276,0.66128,0.295531,0.092808,0.252279,0.367878,0.116104,6.39201,0.306316,0.0,,0.368409,-0.0614558,0.0380072,0.014297,0.014297,0.012722,-0.04411731008440256,0.05097012501209974,86.6433,2.6,2.6,2.6,2.6,999.0,0.008,OF,/players/aj-ewing/33656/stats/batting,OF,25,25.0,NL,A.J. Ewing,805999,33656,33656
HOU,Astros,1,3,4,1,0,0,0,0,0,0,0,0,1,0,0,0,,0,0,0.241048,0.308726,0.418259,0.726985,0.31753,0.0790121,0.25504,0.309804,0.177211,6.12571,0.296038,0.000917768,,0.417453,0.00294002,0.0179889,0.00318905,0.00410682,0.012556,0.018970643170177937,-0.0195111483335495,103.651,2.6,2.6,2.6,2.6,341.8699951171875,0.00344828,OF,/players/cam-smith/35108/stats/batting,OF,21,21.0,AL,Cam Smith,701358,35108,35108
ATH,Athletics,1,3,3,1,0,0,0,0,0,0,0,0,1,0,0,0,,0,0,0.25429,0.326586,0.418381,0.744967,0.327078,0.0803391,0.3032,0.264971,0.164091,7.15298,0.35038,0.0,,0.417012,0.0280868,-0.00964845,0.0131823,0.0131823,0.0123941,0.01639997074380517,-0.010883018607273698,100.842,2.6,2.6,2.6,2.6,999.0,0.0078125,OF,/players/henry-bolte/31448/stats/batting,OF,10,10.0,AL,Henry Bolte,703607,31448,31448
STL,Cardinals,1,3,4,1,1,0,0,0,0,0,0,0,1,0,0,0,,0,0,0.257436,0.350079,0.406428,0.756507,0.336049,0.101554,0.196099,0.517869,0.148992,3.98644,0.300557,0.0011484,,0.497155,0.0585171,0.00607568,-0.000491686,0.000656714,0.0123322,0.06074008881114423,-0.06012802477926016,113.464,2.6,2.6,2.6,2.6,178.42999267578125,0.7340824,C/DH,/players/ivan-herrera/20599/stats/batting,C/DH,28,28.0,NL,Iván Herrera,671056,20599,20599
HOU,Astros,1,4,4,1,1,0,0,0,0,1,0,0,1,0,0,0,,0,0,0.233761,0.303543,0.417267,0.720809,0.315233,0.0791776,0.24174,0.327532,0.183506,2.71127,0.271994,-0.00256615,,0.487059,-0.00421464,0.0444493,-0.00405542,-0.00662157,0.0122662,0.003295701928436756,-0.029624808579683304,102.055,1.6,1.6,1.6,1.6,212.94000244140625,0.01294498,1B,/players/christian-walker/13419/stats/batting,1B,21,21.0,AL,Christian Walker,572233,13419,13419
MIA,Marlins,1,3,4,1,0,0,0,0,0,0,0,0,1,0,0,0,,0,0,0.227219,0.330368,0.357343,0.687711,0.310366,0.117568,0.21694,0.54194,0.130123,6.64158,0.278678,0.00192049,,0.416812,-0.0181706,0.003284,0.0104148,0.0123353,0.0121237,-0.01683324482291937,0.01640128786675632,93.409,2.6,2.6,2.6,2.6,137.0800018310547,0.00930233,OF,/players/jakob-marsee/31370/stats/batting,OF,20,20.0,NL,Jakob Marsee,805300,31370,31370
MIN,Twins,1,4,4,1,1,0,0,0,0,0,0,0,1,0,0,0,,0,0,0.251387,0.301546,0.395285,0.696832,0.305321,0.0643111,0.170566,0.377044,0.143898,4.12289,0.279842,-0.0020278,,0.425481,-0.0350885,-0.000237479,-0.00316666,-0.00519446,0.0119932,-0.034103293903172016,0.01426869367423933,93.6093,1.6,1.6,1.6,1.6,542.5700073242188,0.0031746,3B/SS,/players/brooks-lee/31595/stats/batting,3B/SS,8,8.0,AL,Brooks Lee,686797,31595,31595
CIN,Reds,1,3,4,1,0,0,0,0,0,0,0,0,1,0,0,0,,0,0,0.224923,0.306373,0.383917,0.69029,0.306051,0.0936728,0.275991,0.339405,0.158994,5.23039,0.286933,0.000603108,,0.413515,-0.0317023,0.0181196,0.00793221,0.00853532,0.01196,-0.0376318646594882,0.03278009779751301,89.8077,2.6,2.6,2.6,2.6,144.3000030517578,0.01060071,2B,/players/matt-mclain/29695/stats/batting,2B,18,18.0,NL,Matt McLain,680574,29695,29695
CIN,Reds,1,4,4,1,1,0,0,0,0,1,0,0,1,0,0,0,,0,0,0.254018,0.322297,0.439654,0.761952,0.332078,0.0863897,0.217393,0.39739,0.185636,3.45931,0.290163,0.000120214,,0.549169,0.0527776,0.0177719,-0.00116262,-0.0010424,0.0118888,0.035607704892754555,-0.05522196181118488,107.257,1.6,1.6,1.6,1.6,161.8699951171875,0.05583756,1B/3B,/players/sal-stewart/31505/stats/batting,1B/3B,18,18.0,NL,Sal Stewart,701398,31505,31505
MIA,Marlins,1,3,4,1,0,0,0,0,0,0,0,0,1,0,0,0,,0,0,0.244804,0.323472,0.454835,0.778307,0.337968,0.091406,0.293824,0.311092,0.210031,4.03414,0.312719,0.000753239,,0.492839,0.0629739,0.0172353,-0.00405574,-0.0033025,0.0118348,0.04880288941785693,-0.05066593922674656,111.914,2.6,2.6,2.6,2.6,164.42999267578125,0.10447761,OF,/players/kyle-stowers/26151/stats/batting,OF,20,20.0,NL,Kyle Stowers,669065,26151,26151
KCR,Royals,1,3,4,1,1,0,0,0,0,1,0,0,1,0,0,0,,0,0,0.259683,0.330237,0.440814,0.77105,0.336055,0.0896828,0.147128,0.609556,0.18113,3.4635,0.27269,-0.00386277,,0.522031,0.0614617,0.000248558,-0.00202132,-0.00588409,0.0117635,0.04926549317315221,-0.07135637881583534,112.192,2.6,2.6,2.6,2.6,77.0999984741211,0.1402214,1B,/players/vinnie-pasquantino/27676/stats/batting,1B,7,7.0,AL,Vinnie Pasquantino,686469,27676,27676
NYM,Mets,1,2,3,1,0,0,0,0,0,0,0,0,1,0,0,0,,0,0,0.234738,0.313219,0.431202,0.744421,0.32501,0.0916786,0.275095,0.333261,0.196464,2.53928,0.28515,-0.000719861,,0.339121,0.0186236,-0.0122374,-0.00318723,-0.00390709,0.0116947,0.01698413211852312,0.00983053632080555,106.407,3.6,3.6,3.6,3.6,165.25,0.13368984,C,/players/francisco-alvarez/26121/stats/batting,C,25,25.0,NL,Francisco Alvarez,682626,26121,26121
CLE,Guardians,1,3,3,1,0,0,0,0,0,0,0,0,1,0,0,0,,0,0,0.232084,0.325554,0.372914,0.698467,0.312156,0.111281,0.231572,0.480547,0.140829,5.53085,0.287918,0.0,,0.397291,-0.0121039,-0.00605433,0.00569384,0.00569384,0.0116887,0.002227393677458167,-0.00975803006440401,99.1379,2.6,2.6,2.6,2.6,999.0,0.08943089,2B,/players/travis-bazzana/34967/stats/batting,2B,5,5.0,AL,Travis Bazzana,683953,34967,34967
MIA,Marlins,1,3,3,1,0,0,0,0,0,0,0,0,1,0,0,0,,0,0,0.236478,0.300771,0.398119,0.69889,0.307031,0.0772374,0.264956,0.29151,0.161641,2.90352,0.294457,0.0,,0.323891,-0.0223407,-0.00365476,-0.00306675,-0.00306675,0.0116479,-0.03416146896779537,0.053444003919139504,91.1726,2.6,2.6,2.6,2.6,999.0,0.0,C,/players/joe-mack/29780/stats/batting,C,20,20.0,NL,Joe Mack,691788,29780,29780
TOR,Blue Jays,1,3,4,1,1,0,0,0,0,0,0,0,1,0,0,0,,0,0,0.259763,0.316,0.379283,0.695283,0.307357,0.0691545,0.159164,0.434485,0.119521,3.39055,0.293163,-1.43787e-05,,0.388689,-0.025824,0.0448763,-0.00416721,-0.00418158,0.0116007,-0.02100517274811864,0.011080048978328705,95.8677,2.6,2.6,2.6,2.6,999.0,0.00332226,OF,/players/nathan-lukes/18123/stats/batting,OF,14,14.0,AL,Nathan Lukes,664770,18123,18123
BOS,Red Sox,1,2,3,1,0,0,0,0,0,0,0,0,1,0,0,0,,0,0,0.254064,0.347256,0.454023,0.801279,0.35048,0.0939963,0.258228,0.364004,0.199959,3.88466,0.311846,-0.00173426,,0.384536,0.072372,0.00627417,-0.00339724,-0.0051315,0.0115288,0.06414689309895039,-0.044188795145601034,122.596,3.6,3.6,3.6,3.6,168.1999969482422,0.06060606,C,/players/willson-contreras/11609/stats/batting,C,3,3.0,AL,Willson Contreras,575929,11609,11609
HOU,Astros,1,2,2,1,0,0,0,0,0,0,0,0,0,0,0,0,,0,0,0.272818,0.308443,0.443771,0.752214,0.325083,0.0461481,0.168505,0.273868,0.170953,3.03194,0.296447,2.90566e-05,,0.272416,0.0150819,-0.0263356,-0.00262316,-0.0025941,0.0114929,0.019890219205990434,0.016102677211165428,108.896,3.6,3.6,3.6,3.6,113.04000091552734,0.14468085,C,/players/yainer-diaz/23003/stats/batting,C,21,21.0,AL,Yainer Diaz,673237,23003,23003
HOU,Astros,1,4,4,1,1,0,0,0,0,0,0,0,1,0,0,0,,0,0,0.251961,0.315807,0.386444,0.702251,0.310253,0.0793895,0.185846,0.42718,0.134482,3.95681,0.289378,-0.00143244,,0.440973,-0.0195963,-0.0196158,-0.00050802,-0.00194046,0.0114546,-0.00828810699749738,-0.01683800294995308,98.5968,1.6,1.6,1.6,1.6,116.5199966430664,0.18855219,2B,/players/jose-altuve/5417/stats/batting,2B,21,21.0,AL,Jose Altuve,514888,5417,5417
CHW,White Sox,1,3,3,1,1,0,0,0,0,0,0,0,1,0,0,0,,0,0,0.252756,0.350089,0.371387,0.721476,0.325066,0.0906339,0.168128,0.539076,0.118631,5.8345,0.293513,0.0,,0.433342,0.0239466,-0.0108531,0.00583941,0.00583941,0.0114502,0.03801587037742138,-0.04789017327129841,108.002,2.6,2.6,2.6,2.6,999.0,0.01923077,OF,/players/sam-antonacci/35101/stats/batting,OF,4,4.0,AL,Sam Antonacci,803011,35101,35101
KCR,Royals,1,3,4,1,1,0,0,0,0,0,0,0,1,0,0,0,,0,0,0.262707,0.319529,0.461311,0.780839,0.337677,0.0669152,0.236635,0.282778,0.198604,4.35573,0.308761,0.000159823,,0.491985,0.06212,-0.0303288,-0.00146064,-0.00130082,0.0114035,0.05492785759270191,-0.0713781900703907,113.318,2.6,2.6,2.6,2.6,164.58999633789062,0.08878505,OF,/players/jac-caglianone/35041/stats/batting,OF,7,7.0,AL,Jac Caglianone,695506,35041,35041
TBR,Rays,1,3,4,1,1,0,0,0,0,0,0,0,1,0,0,0,,0,0,0.253258,0.335947,0.411536,0.747483,0.329884,0.0962375,0.248544,0.387206,0.158279,2.14952,0.3142,-0.00556755,,0.508232,0.0425453,0.012464,-0.00633133,-0.0118989,0.0113995,0.03580204490572214,-0.0629989393055439,110.429,2.6,2.6,2.6,2.6,195.60000610351562,0.0625,1B,/players/jonathan-aranda/21837/stats/batting,1B,12,12.0,AL,Jonathan Aranda,666018,21837,21837
SDP,Padres,1,4,4,1,1,0,0,0,0,0,0,0,1,0,0,0,,0,0,0.253949,0.326484,0.399593,0.726077,0.321125,0.067708,0.196855,0.343949,0.145645,2.80588,0.294053,-0.000763295,,0.501526,0.0153691,0.0271692,-0.00491887,-0.00568216,0.0112467,0.023024186491966248,-0.046133313328027725,105.804,1.6,1.6,1.6,1.6,999.0,0.03053435,1B,/players/ty-france/17982/stats/batting,1B,29,29.0,NL,Ty France,664034,17982,17982
COL,Rockies,1,3,4,1,1,0,0,0,0,0,0,0,1,0,0,0,,0,0,0.252245,0.296315,0.415455,0.71177,0.309912,0.0543215,0.248479,0.218616,0.163209,4.6632,0.310762,0.00178964,,0.415465,-0.0195176,0.0309959,-0.000968373,0.000821263,0.0112278,-0.0795803289511241,0.07034775242209435,81.8322,2.6,2.6,2.6,2.6,209.22999572753906,0.0,SS,/players/ezequiel-tovar/24064/stats/batting,SS,19,19.0,NL,Ezequiel Tovar,678662,24064,24064
BAL,Orioles,1,3,3,1,0,0,0,0,0,0,0,0,1,0,0,0,,0,0,0.242348,0.313888,0.451412,0.765299,0.331616,0.0848292,0.284904,0.297746,0.209064,4.61055,0.302989,0.000206914,,0.400825,0.0374868,-0.00214633,-0.00141885,-0.00121193,0.0112177,0.0502043372252956,-0.048596943728625774,114.408,2.6,2.6,2.6,2.6,459.1600036621094,0.21495327,1B/3B,/players/coby-mayo/28312/stats/batting,1B/3B,2,2.0,AL,Coby Mayo,691723,28312,28312
SEA,Mariners,1,3,4,1,1,0,0,0,0,0,0,0,1,0,0,0,,0,0,0.240498,0.31349,0.372395,0.685885,0.3046,0.0824337,0.18149,0.454206,0.131897,4.51392,0.2764,0.000126754,,0.399704,-0.0352786,-0.0325399,-0.00542107,-0.00529431,0.010966,-0.004707059531938285,-0.01757074613124132,100.137,2.6,2.6,2.6,2.6,704.2899780273438,0.0,2B,/players/cole-young/31680/stats/batting,2B,11,11.0,AL,Cole Young,702284,31680,31680
TOR,Blue Jays,1,3,4,1,1,0,0,0,0,0,0,0,1,0,0,0,,0,0,0.235646,0.324692,0.310616,0.635308,0.291125,0.113686,0.216071,0.52615,0.0749694,4.55518,0.30056,0.0,,0.347026,-0.0726036,0.0297068,0.00367268,0.00367268,0.010801,-0.0598194373305887,0.04050929006189108,84.5949,2.6,2.6,2.6,2.6,999.0,0.0,OF,/players/brett-bateman/33312/stats/batting,OF,14,14.0,AL,Brett Bateman,703520,33312,33312
LAD,Dodgers,1,3,4,1,1,0,0,0,0,1,0,0,1,0,0,0,,0,0,0.255274,0.313972,0.458921,0.772893,0.334274,0.071794,0.268873,0.267019,0.203647,3.74242,0.309729,-0.00258155,,0.504961,0.0546262,-0.0229401,-0.00184812,-0.00442967,0.0107226,0.04526607505977154,-0.0636808630079031,110.847,2.6,2.6,2.6,2.6,125.41999816894531,0.01544402,OF,/players/teoscar-hernandez/13066/stats/batting,OF,22,22.0,NL,Teoscar Hernández,606192,13066,13066
COL,Rockies,1,3,4,1,1,0,0,0,1,0,0,0,1,0,0,0,,0,0,0.275118,0.329412,0.425881,0.755293,0.329914,0.061646,0.1722,0.357991,0.150763,7.82374,0.316327,0.00218452,,0.491568,0.0412332,0.016286,0.015775,0.0179595,0.0107222,-0.003840038552880287,-0.014578167349100113,95.242,2.6,2.6,2.6,2.6,506.760009765625,0.048583,OF,/players/jake-mccarthy/21622/stats/batting,OF,19,19.0,NL,Jake McCarthy,664983,21622,21622
STL,Cardinals,1,4,4,1,1,0,0,0,0,1,0,0,1,0,0,0,,0,0,0.258621,0.318217,0.43755,0.755767,0.328741,0.0732982,0.25688,0.28534,0.178929,5.1277,0.320645,0.000517828,,0.526781,0.0406245,-0.0301158,0.00287157,0.0033894,0.0105879,0.045749879674986005,-0.07533181086182594,108.564,1.6,1.6,1.6,1.6,511.7200012207031,0.03030303,OF,/players/jordan-walker/27475/stats/batting,OF,28,28.0,NL,Jordan Walker,691023,27475,27475
CLE,Guardians,1,2,3,1,0,0,0,0,0,0,0,0,1,0,0,0,,0,0,0.223248,0.288837,0.347157,0.635994,0.283386,0.0805515,0.254259,0.316808,0.123909,3.51028,0.282987,-0.00101547,,0.231827,-0.0676165,0.0280868,-0.000884756,-0.00190022,0.0105628,-0.06319907761644572,0.07746951840817928,79.1575,3.6,3.6,3.6,3.6,747.8900146484375,0.0,C,/players/patrick-bailey/27478/stats/batting,C,5,5.0,AL,Patrick Bailey,672275,27478,27478
PIT,Pirates,1,4,4,1,1,0,0,0,1,0,0,0,1,0,0,0,,0,0,0.254479,0.336676,0.426964,0.76364,0.335157,0.0987142,0.236389,0.417592,0.172485,4.37955,0.310096,-9.96466e-05,,0.542288,0.0612483,-0.0139503,-0.00167809,-0.00177773,0.0105192,0.03849520778749138,-0.06734539195895195,108.229,1.6,1.6,1.6,1.6,204.72000122070312,0.19760479,OF,/players/bryan-reynolds/19326/stats/batting,OF,27,27.0,NL,Bryan Reynolds,668804,19326,19326
COL,Rockies,1,4,4,1,1,0,0,0,1,0,0,0,1,0,0,0,,0,0,0.257838,0.315266,0.424297,0.739563,0.322515,0.0671755,0.242157,0.277404,0.166459,8.2876,0.322321,0.0,,0.490152,0.019348,-0.0122068,0.0145354,0.0145354,0.0104904,-0.03201453201472759,0.0056943949311971664,90.2817,1.6,1.6,1.6,1.6,999.0,0.0,OF,/players/cole-carrigg/33253/stats/batting,OF,19,19.0,NL,Cole Carrigg,694249,33253,33253
MIL,Brewers,1,3,4,1,0,0,0,0,1,0,1,0,1,0,0,0,,0,0,0.237087,0.341826,0.435577,0.777403,0.341288,0.131215,0.279626,0.469252,0.19849,4.80837,0.297623,-0.00284,,0.550438,0.0796331,-0.0323461,0.00122525,-0.00161475,0.0104268,0.07638813718222082,-0.10333374887704849,116.285,5.6,5.6,5.6,5.6,999.0,0.04048583,1B/OF,/players/jake-bauers/15194/stats/batting,1B/OF,23,23.0,NL,Jake Bauers,641343,15194,15194
TOR,Blue Jays,1,3,4,1,1,0,0,0,0,0,0,0,1,0,0,0,,0,0,0.253778,0.330605,0.426721,0.757327,0.331874,0.0958936,0.187689,0.510918,0.172944,5.03964,0.282413,0.00106466,,0.458008,0.0434951,0.00159161,0.00699229,0.00805695,0.0104069,0.06055240333080292,-0.08220468065701425,112.894,2.6,2.6,2.6,2.6,94.37999725341797,0.74253731,OF,/players/george-springer/12856/stats/batting,OF,14,14.0,AL,George Springer,543807,12856,12856
MIA,Marlins,1,3,3,1,1,0,0,0,0,0,0,0,0,0,0,0,,0,0,0.271315,0.339286,0.360594,0.69988,0.313109,0.0926114,0.146644,0.631541,0.0892792,5.94486,0.312683,0.00233824,,0.374955,-0.00885293,-0.00609908,0.00733201,0.00967025,0.0103888,-0.008886745199561119,0.005474997218698263,95.2477,2.6,2.6,2.6,2.6,182.42999267578125,0.01079137,2B/SS,/players/xavier-edwards/22266/stats/batting,2B/SS,20,20.0,NL,Xavier Edwards,669364,22266,22266
KCR,Royals,1,3,3,1,0,0,0,0,0,0,0,0,1,0,0,0,,0,0,0.253508,0.295403,0.399424,0.694827,0.303462,0.0507153,0.174305,0.290958,0.145916,3.63633,0.28281,0.00010491,,0.340375,-0.0331983,0.0216379,-0.00113019,-0.00102528,0.0103329,-0.03934337059035897,0.02919960394501686,89.5566,2.6,2.6,2.6,2.6,999.0,0.02369668,2B,/players/michael-massey/27684/stats/batting,2B,7,7.0,AL,Michael Massey,686681,27684,27684
KCR,Royals,1,3,4,1,1,0,0,0,0,0,0,0,1,0,0,0,,0,0,0.251755,0.299585,0.439484,0.739069,0.320432,0.0488926,0.197551,0.247493,0.18773,2.22981,0.273782,-0.00809228,,0.437368,0.0114509,-0.0122548,-0.00311831,-0.0112106,0.0102768,-0.005596878007054329,-0.020742454566061497,101.342,2.6,2.6,2.6,2.6,91.13999938964844,0.38387097,C,/players/salvador-perez/7304/stats/batting,C,7,7.0,AL,Salvador Perez,521692,7304,7304
ARI,Diamondbacks,1,3,4,1,1,0,0,0,0,0,0,0,1,0,0,0,,0,0,0.240656,0.302563,0.382148,0.684711,0.30227,0.0740662,0.176141,0.420493,0.141492,2.98803,0.268713,-0.00078623,,0.406652,-0.0436826,0.0201485,-0.00328653,-0.00407276,0.0102686,-0.05536853801459074,0.0324941985309124,88.8042,2.6,2.6,2.6,2.6,638.0599975585938,0.04263566,3B,/players/nolan-arenado/9777/stats/batting,3B,15,15.0,NL,Nolan Arenado,571448,9777,9777
TOR,Blue Jays,1,4,4,1,1,0,0,0,0,0,0,0,0,0,0,0,,0,0,0.260619,0.29641,0.368836,0.665245,0.292428,0.0457919,0.10489,0.43657,0.108217,4.11389,0.277921,0.00190807,,0.372144,-0.0730733,0.0133329,-0.0017461,0.000161964,0.0102082,-0.06324430266977288,0.030462488532066345,85.4999,1.6,1.6,1.6,1.6,337.67999267578125,0.0,2B/3B,/players/ernie-clement/20352/stats/batting,2B/3B,14,14.0,AL,Ernie Clement,676391,20352,20352
LAA,Angels,1,3,3,1,0,0,0,0,0,0,0,0,1,0,0,0,,0,0,0.238518,0.304184,0.408552,0.712735,0.311923,0.0834209,0.283112,0.294657,0.170034,5.92771,0.30622,-0.000844063,,0.361934,-0.0116386,0.0107016,0.0146643,0.0138202,0.0100396,0.011304570129141212,-0.024329260922968388,99.3144,2.6,2.6,2.6,2.6,297.0899963378906,0.01801802,OF,/players/josh-lowe/19953/stats/batting,OF,1,1.0,AL,Josh Lowe,666139,19953,19953
NYY,Yankees,1,4,4,1,1,0,0,0,0,1,0,0,1,0,0,0,,0,0,0.244568,0.312253,0.426456,0.738709,0.32249,0.0783832,0.260009,0.301464,0.181888,4.0018,0.297758,-0.000870291,,0.484742,0.0190556,-0.0247538,-0.00363017,-0.00450047,0.009545,0.02270330721512437,-0.06811798922717571,105.948,1.6,1.6,1.6,1.6,218.8000030517578,0.01486989,OF,/players/heliot-ramos/22515/stats/batting,OF,9,9.0,AL,Heliot Ramos,671218,22515,22515
NYY,Yankees,1,3,3,1,0,0,0,0,0,0,0,0,1,0,0,0,,0,0,0.264981,0.307863,0.462316,0.770179,0.331312,0.0584353,0.178027,0.328238,0.197335,4.47404,0.284131,-9.23457e-05,,0.371897,0.0341458,0.00597856,-0.00164869,-0.00174104,0.00953761,0.03831442364025861,-0.04556465335190296,112.075,2.6,2.6,2.6,2.6,261.8500061035156,0.04727273,2B,/players/luis-garcia-jr/20391/stats/batting,2B,9,9.0,AL,Luis García Jr.,671277,20391,20391
ATL,Braves,1,2,2,0,0,0,0,0,0,0,0,0,1,0,0,0,,0,0,0.225072,0.310301,0.399213,0.709514,0.313498,0.0916428,0.269785,0.339689,0.174141,2.61067,0.277736,-0.000358621,,0.24005,-0.0050025,0.00321631,-0.00212582,-0.00248444,0.00939452,-0.010982358362525702,0.035932360449805856,96.5915,-2.0,-2.0,-2.0,-2.0,746.0599975585938,0.06956522,C,/players/sean-murphy/19352/stats/batting,C,16,16.0,NL,Sean Murphy,669221,19352,19352
WSN,Nationals,1,3,4,1,1,0,0,0,0,0,0,0,1,0,0,0,,0,0,0.241649,0.304862,0.340767,0.645628,0.289298,0.0691302,0.176629,0.391386,0.0991179,5.58454,0.283687,0.00253792,,0.341795,-0.0778349,0.0421749,0.00916375,0.0117017,0.00921289,-0.07963716331869364,0.05482926033437252,78.6056,2.6,2.6,2.6,2.6,746.0700073242188,0.00403226,OF,/players/jacob-young/29931/stats/batting,OF,24,24.0,NL,Jacob Young,696285,29931,29931
ATH,Athletics,1,3,3,1,0,0,0,0,0,0,0,0,1,0,0,0,,0,0,0.262633,0.323041,0.485455,0.808496,0.347761,0.0767694,0.225441,0.34053,0.222822,2.38871,0.295127,-0.000177711,,0.465673,0.0818656,0.0,-0.00183049,-0.0020082,0.00906045,0.0553154656663537,-0.08101851493120193,115.207,2.6,2.6,2.6,2.6,54.04999923706055,0.21212121,C,/players/shea-langeliers/25816/stats/batting,C,10,10.0,AL,Shea Langeliers,669127,25816,25816
COL,Rockies,1,3,4,1,1,0,0,0,0,0,0,0,1,0,0,0,,0,0,0.253182,0.330109,0.390232,0.72034,0.319832,0.0931362,0.222899,0.41784,0.13705,3.7425,0.311644,-0.000247544,,0.434429,0.009682,0.0116594,-0.00252679,-0.00277433,0.0090234,-0.05254373885691166,0.024468044750392437,88.4829,2.6,2.6,2.6,2.6,999.0,0.00584795,3B,/players/kyle-karros/33252/stats/batting,3B,19,19.0,NL,Kyle Karros,691720,33252,33252
NYM,Mets,1,2,3,1,0,0,0,0,0,0,0,0,1,0,0,0,,0,0,0.245116,0.316046,0.409902,0.725948,0.31869,0.0878909,0.252706,0.347799,0.164787,3.71689,0.300862,-0.00034963,,0.332431,0.00491459,0.022057,-0.00140166,-0.00175129,0.00901138,0.005480580264702439,-0.00695539265871048,102.17,3.6,3.6,3.6,3.6,292.9200134277344,0.04682274,3B,/players/brett-baty/26123/stats/batting,3B,25,25.0,NL,Brett Baty,683146,26123,26123
BAL,Orioles,1,3,3,1,0,0,0,0,0,0,0,0,1,0,0,0,,0,0,0.237912,0.324116,0.391609,0.715726,0.317329,0.109457,0.243286,0.44991,0.153697,5.2018,0.295448,-0.000109749,,0.401442,0.00228201,-0.0098802,0.00152736,0.00141761,0.00895679,0.019002423505298793,-0.05031229555606842,104.485,2.6,2.6,2.6,2.6,505.0400085449219,0.08965517,OF,/players/dylan-beavers/31695/stats/batting,OF,2,2.0,AL,Dylan Beavers,687637,31695,31695
MIA,Marlins,1,3,3,1,0,0,0,0,0,0,0,0,1,0,0,0,,0,0,0.234026,0.316484,0.416812,0.733296,0.321729,0.0991046,0.275716,0.359444,0.182786,4.48047,0.293562,-0.00086087,,0.424022,0.0146271,0.0237938,-0.00134635,-0.00220722,0.00893202,0.00206889770925045,-0.026823481544852257,101.027,2.6,2.6,2.6,2.6,999.0,0.17674419,OF,/players/heriberto-hernandez/24878/stats/batting,OF,20,20.0,NL,Heriberto Hernández,681715,24878,24878
MIN,Twins,1,3,3,1,0,0,0,0,0,0,0,0,1,0,0,0,,0,0,0.237594,0.294956,0.435946,0.730903,0.316347,0.0686976,0.231883,0.296259,0.198353,5.58345,0.270902,0.000300485,,0.378321,-0.000369719,-0.0412716,0.00117379,0.00147427,0.00892358,0.006185574107803404,-0.031703732907772064,101.267,2.6,2.6,2.6,2.6,700.7000122070312,0.003125,1B/2B,/players/kody-clemens/20572/stats/batting,1B/2B,8,8.0,AL,Kody Clemens,665019,20572,20572
PHI,Phillies,1,3,3,1,0,0,0,0,0,0,0,0,1,0,0,0,,0,0,0.240968,0.305481,0.389251,0.694731,0.306362,0.0703433,0.231845,0.303406,0.148283,4.28221,0.29136,-0.00109321,,0.348444,-0.0258603,-0.0331224,-0.000225455,-0.00131867,0.00885846,-0.04444024420809001,0.028605978935956955,88.6765,2.6,2.6,2.6,2.6,212.27000427246094,0.00392157,C,/players/jt-realmuto/11739/stats/batting,C,26,26.0,NL,J.T. Realmuto,592663,11739,11739
CHC,Cubs,1,2,2,1,0,0,0,0,0,0,0,0,0,0,0,0,,0,0,0.251065,0.304557,0.382237,0.686793,0.302338,0.0653891,0.206509,0.31664,0.131172,5.97661,0.300113,0.0,,0.240419,-0.0256878,0.0358063,0.0033727,0.0033727,0.00883264,-0.020309997024014592,0.0339544874150306,91.2525,3.6,3.6,3.6,3.6,999.0,0.15584416,2B,/players/pedro-ramirez/29218/stats/batting,2B,17,17.0,NL,Pedro Ramírez,699393,29218,29218
KCR,Royals,1,3,3,1,0,0,0,0,0,0,0,0,1,0,0,0,,0,0,0.238125,0.333774,0.368884,0.702658,0.315164,0.114339,0.209962,0.544571,0.130759,5.93652,0.292892,0.000609375,,0.380336,-0.00347187,0.0132618,0.00102458,0.00163395,0.00883263,-0.007098013651557267,-0.020843173377215862,97.6836,2.6,2.6,2.6,2.6,666.1699829101562,0.01509434,OF,/players/isaac-collins/25477/stats/batting,OF,7,7.0,AL,Isaac Collins,686555,25477,25477
DET,Tigers,1,3,4,1,0,0,0,0,0,0,0,0,1,0,0,0,,0,0,0.231684,0.322797,0.421774,0.744571,0.327068,0.108431,0.275545,0.393517,0.190091,2.89206,0.288363,0.000305052,,0.466365,0.0313829,-0.00873813,-0.00475782,-0.00445276,0.00882738,0.031036981847137213,-0.07432454824447632,108.307,2.6,2.6,2.6,2.6,188.35000610351562,0.03536977,1B,/players/spencer-torkelson/27465/stats/batting,1B,6,6.0,AL,Spencer Torkelson,679529,27465,27465
CHW,White Sox,1,3,4,1,1,0,0,0,0,0,0,0,1,0,0,0,,0,0,0.231789,0.308869,0.368224,0.677092,0.301273,0.0920017,0.252374,0.364546,0.136435,4.29469,0.296001,0.0,,0.399003,-0.0462143,0.0377227,-0.00678188,-0.00678188,0.00880144,-0.044046235736459494,-0.0025550685822963715,91.4782,2.6,2.6,2.6,2.6,999.0,0.0,OF,/players/braden-montgomery/35423/stats/batting,OF,4,4.0,AL,Braden Montgomery,695731,35423,35423
TBR,Rays,1,3,3,1,0,0,0,0,0,0,0,0,1,0,0,0,,0,0,0.24078,0.295354,0.397851,0.693205,0.303021,0.0699631,0.231767,0.301868,0.15707,5.22956,0.28822,2.03884e-05,,0.325308,-0.032913,0.0416961,-0.00291585,-0.00289546,0.00872823,-0.031842577271163464,0.010523250326514244,91.7725,2.6,2.6,2.6,2.6,999.0,0.0,OF,/players/victor-mesa-jr/25999/stats/batting,OF,12,12.0,AL,Victor Mesa Jr.,683748,25999,25999
CIN,Reds,1,3,4,1,0,0,0,0,0,0,0,0,1,0,0,0,,0,0,0.233566,0.323515,0.420518,0.744033,0.326713,0.114098,0.230142,0.49577,0.186952,3.70943,0.271799,-0.000897704,,0.465313,0.0303309,0.000484324,-0.00533093,-0.00622863,0.00872334,0.00996987335383892,-0.04380579714779742,103.66,2.6,2.6,2.6,2.6,748.5800170898438,0.02978723,OF,/players/jj-bleday/26368/stats/batting,OF,18,18.0,NL,JJ Bleday,668709,26368,26368
LAA,Angels,1,3,3,1,0,0,0,0,0,0,0,0,1,0,0,0,,0,0,0.223871,0.309565,0.370432,0.679997,0.302921,0.103417,0.300654,0.343973,0.146561,5.46429,0.306067,-7.02128e-05,,0.30649,-0.0312612,2.8438e-06,-0.00180288,-0.00187309,0.00871662,-0.024886195198632777,0.00957074529219426,93.0627,2.6,2.6,2.6,2.6,748.3499755859375,0.04395604,2B,/players/christian-moore/34979/stats/batting,2B,1,1.0,AL,Christian Moore,695681,34979,34979
BOS,Red Sox,1,3,4,1,1,0,0,0,0,0,0,0,1,0,0,0,,0,0,0.233689,0.285033,0.375541,0.660574,0.290674,0.0594329,0.285891,0.207886,0.141852,4.74178,0.305626,0.000817531,,0.3626,-0.0775002,-0.0153281,0.0102782,0.0110958,0.00867854,-0.07076593488454819,0.024486751295626163,81.0617,2.6,2.6,2.6,2.6,111.33000183105469,0.00913242,SS,/players/trevor-story/12564/stats/batting,SS,3,3.0,AL,Trevor Story,596115,12564,12564
BAL,Orioles,1,2,2,0,0,0,0,0,0,0,0,0,1,0,0,0,,0,0,0.212511,0.290986,0.342658,0.633644,0.284227,0.0873593,0.279774,0.31225,0.130147,3.05304,0.27799,-0.00100227,,0.229896,-0.0648688,0.00472686,-0.00175847,-0.00276074,0.00866336,-0.05632899096235633,0.05333796748891473,81.4969,-2.0,-2.0,-2.0,-2.0,443.010009765625,0.01435407,C,/players/carlos-narvaez/19722/stats/batting,C,2,2.0,AL,Carlos Narváez,665966,19722,19722
DET,Tigers,1,2,3,1,0,0,0,0,0,0,0,0,1,0,0,0,,0,0,0.244451,0.300017,0.418642,0.718659,0.313299,0.0642802,0.23623,0.272108,0.174192,2.10029,0.286122,-2.28037e-05,,0.294641,-0.00655674,0.0194863,-0.00288191,-0.00290472,0.00863555,-0.006617701146751642,0.0014307014644145966,98.7449,3.6,3.6,3.6,3.6,999.0,0.5,C/DH,/players/eduardo-valencia/24574/stats/batting,C/DH,6,6.0,AL,Eduardo Valencia,680664,24574,24574
SDP,Padres,1,3,4,1,1,0,0,0,0,0,0,0,1,0,0,0,,0,0,0.226233,0.313769,0.348702,0.662471,0.29812,0.0964645,0.20943,0.460605,0.122469,4.36743,0.272693,0.000369185,,0.398381,-0.057071,-0.00129952,-0.00213416,-0.00176498,0.00862903,-0.0463410186348483,0.005953564774245024,90.3801,2.6,2.6,2.6,2.6,738.2999877929688,0.015625,1B/2B,/players/jake-cronenworth/18036/stats/batting,1B/2B,29,29.0,NL,Jake Cronenworth,630105,18036,18036
CLE,Guardians,1,3,3,1,0,0,0,0,0,0,0,0,0,0,0,0,,0,0,0.262691,0.333869,0.418864,0.752733,0.330138,0.0959855,0.164096,0.584935,0.156173,4.35567,0.291853,-0.00015061,,0.363599,0.0309657,0.00327461,0.000172704,2.20945e-05,0.00861969,0.03800570201201481,-0.05274390988051891,111.626,2.6,2.6,2.6,2.6,999.0,0.46875,DH/OF,/players/chase-delauter/32127/stats/batting,DH/OF,5,5.0,AL,Chase DeLauter,800050,32127,32127
ATH,Athletics,1,3,4,1,1,0,0,0,0,0,0,0,1,0,0,0,,0,0,0.246191,0.31815,0.423701,0.741851,0.324339,0.095329,0.257073,0.370825,0.17751,5.34297,0.304103,0.00201769,,0.463661,0.023561,-0.0112206,0.00537659,0.00739428,0.00860649,0.0028139231726527214,-0.049800872802734375,98.9404,2.6,2.6,2.6,2.6,157.22000122070312,0.00630915,OF,/players/lawrence-butler/22542/stats/batting,OF,10,10.0,AL,Lawrence Butler,671732,22542,22542
MIA,Marlins,1,3,4,1,1,0,0,0,0,0,0,0,0,0,0,0,,0,0,0.263966,0.303713,0.387797,0.69151,0.302553,0.0549902,0.108798,0.505435,0.123831,5.3122,0.282298,0.000629485,,0.398259,-0.0418403,0.0176403,-0.00565558,-0.0050261,0.00858007,-0.05799372075125575,0.02134401281364262,88.1704,2.6,2.6,2.6,2.6,999.0,0.0,3B,/players/javier-sanoja/28253/stats/batting,3B,20,20.0,NL,Javier Sanoja,691594,28253,28253
PHI,Phillies,1,3,3,1,0,0,0,0,0,0,0,0,1,0,0,0,,0,0,0.255442,0.318867,0.420933,0.7398,0.323397,0.0819008,0.26645,0.307378,0.165491,5.35159,0.324939,0.00106647,,0.39653,0.0178391,0.00867757,0.00259026,0.00365673,0.00852507,0.00403228955110535,-0.024347119964659214,100.097,2.6,2.6,2.6,2.6,609.72998046875,0.0,OF,/players/brandon-marsh/20202/stats/batting,OF,26,26.0,NL,Brandon Marsh,669016,20202,20202
CIN,Reds,1,2,3,1,0,0,0,0,0,0,0,0,1,0,0,0,,0,0,0.243045,0.322766,0.418932,0.741698,0.325839,0.0970028,0.267687,0.362373,0.175887,2.08631,0.30362,-0.00075493,,0.340935,0.0204368,-0.0326458,-0.00350742,-0.00426235,0.00847492,0.005761648528277874,-0.01057790219783783,103.074,3.6,3.6,3.6,3.6,294.75,0.13084112,C,/players/tyler-stephenson/17988/stats/batting,C,18,18.0,NL,Tyler Stephenson,663886,17988,17988
NYM,Mets,1,3,4,1,1,0,0,0,0,0,0,0,1,0,0,0,,0,0,0.229824,0.299931,0.364756,0.664687,0.295249,0.0868635,0.180128,0.482231,0.134932,4.40685,0.257408,0.00100722,,0.363205,-0.0615426,0.0069908,0.00226456,0.00327178,0.0082711,-0.055265560280531645,0.019799440633505583,86.4539,2.6,2.6,2.6,2.6,266.25,0.0,2B/SS,/players/marcus-semien/12533/stats/batting,2B/SS,25,25.0,NL,Marcus Semien,543760,12533,12533
MIA,Marlins,1,3,4,1,0,0,0,0,0,0,0,0,1,0,0,0,,0,0,0.238909,0.31665,0.432132,0.748782,0.327093,0.0935269,0.304204,0.307448,0.193224,3.52176,0.309645,-0.00100522,,0.455464,0.0307168,0.00350231,-0.00284563,-0.00385085,0.00820853,0.016126782400533557,-0.05220756120979786,104.623,2.6,2.6,2.6,2.6,999.0,0.1557377,OF,/players/griffin-conine/21626/stats/batting,OF,20,20.0,NL,Griffin Conine,665052,21626,21626
SDP,Padres,0,2,2,0,0,0,0,0,0,0,0,0,0,0,0,0,,0,0,0.244681,0.321885,0.396943,0.718827,0.317556,0.0960232,0.208767,0.459953,0.152261,1.99304,0.284094,0.000227066,,0.230633,0.00166374,-0.00654562,-0.00243737,-0.00221031,0.00820742,0.005734987556934357,0.011972896289080381,103.411,-2.0,,-2.0,,999.0,0.27272727,C,/players/luis-campusano/22217/stats/batting,C,29,29.0,NL,Luis Campusano,669134,22217,22217
ATH,Athletics,1,2,3,1,0,0,0,0,0,0,0,0,0,0,0,0,,0,0,0.232201,0.291407,0.370335,0.661742,0.292348,0.0737948,0.188663,0.391146,0.138134,2.58633,0.263142,-0.000791111,,0.251598,-0.0496,0.0184879,-0.00190441,-0.00269552,0.00812873,-0.0715550750028342,0.06138916313648224,76.7232,3.6,3.6,3.6,3.6,999.0,0.20720721,C,/players/jonah-heim/16930/stats/batting,C,10,10.0,AL,Jonah Heim,641680,16930,16930
TBR,Rays,0,2,2,0,0,0,0,0,0,0,0,0,0,0,0,0,,0,0,0.241412,0.297191,0.394472,0.691663,0.302959,0.0659738,0.209846,0.314391,0.15306,6.32822,0.28363,0.000160258,,0.213675,-0.0217276,0.028894,0.00602697,0.00618723,0.00812663,-0.012934273574501276,0.02241251850500703,91.7297,-2.0,,-2.0,,999.0,0.02189781,OF,/players/jonny-deluca/26365/stats/batting,OF,12,12.0,AL,Jonny DeLuca,676356,26365,26365
CLE,Guardians,1,3,4,1,1,0,0,0,0,0,0,0,1,0,0,0,,0,0,0.242859,0.302465,0.431252,0.733718,0.318765,0.0630321,0.25202,0.250107,0.188393,4.38309,0.290115,-0.000544762,,0.45732,0.00698496,-0.0280706,-0.00207449,-0.00261926,0.00810786,0.013866909313946962,-0.06881134584546089,103.727,2.6,2.6,2.6,2.6,120.33000183105469,0.06079027,OF,/players/jo-adell/20220/stats/batting,OF,5,5.0,AL,Jo Adell,666176,20220,20220
ARI,Diamondbacks,1,3,3,1,0,0,0,0,0,0,0,0,1,0,0,0,,0,0,0.244824,0.337594,0.406115,0.74371,0.328802,0.119354,0.205528,0.580721,0.161291,4.07302,0.286159,0.00129013,,0.432681,0.0335203,0.00596664,-0.00412336,-0.00283324,0.00802049,0.023939037462696433,-0.05483583174645901,106.592,2.6,2.6,2.6,2.6,745.989990234375,0.08050847,OF,/players/lars-nootbaar/21454/stats/batting,OF,15,15.0,NL,Lars Nootbaar,663457,21454,21454
WSN,Nationals,1,4,4,1,1,0,0,0,1,0,0,0,1,0,0,0,,0,0,0.256518,0.309479,0.418342,0.72782,0.316994,0.0630743,0.191609,0.329183,0.161823,6.63127,0.295622,0.00276583,,0.467287,0.00159973,0.00855327,3.5732e-05,0.00280156,0.00790283,-0.010584802366793156,-0.03974919859319925,97.1746,1.6,1.6,1.6,1.6,206.50999450683594,0.15116279,OF,/players/daylen-lile/29995/stats/batting,OF,24,24.0,NL,Daylen Lile,695734,29995,29995
LAA,Angels,1,3,3,1,0,0,0,0,0,0,0,0,1,0,0,0,,0,0,0.231996,0.288043,0.379903,0.667946,0.293684,0.0695653,0.279353,0.249023,0.147907,4.55154,0.300279,1.9871e-05,,0.332745,-0.0612979,0.00147213,-0.00270247,-0.0026826,0.00781441,-0.05435770354233682,0.013354850234463811,86.6479,2.6,2.6,2.6,2.6,999.0,0.0,3B,/players/denzer-guzman/28816/stats/batting,3B,1,1.0,AL,Denzer Guzman,694203,28816,28816
KCR,Royals,1,2,2,0,0,0,0,0,0,0,0,0,1,0,0,0,,0,0,0.239231,0.313833,0.39186,0.705694,0.311464,0.0961002,0.226959,0.423426,0.152629,6.17616,0.289861,-0.000122039,,0.261926,-0.00929847,0.029406,0.00419122,0.00406918,0.00777375,-0.008946424815803766,0.004251692444086075,95.1141,-2.0,-2.0,-2.0,-2.0,999.0,0.01470588,OF,/players/john-rave/26284/stats/batting,OF,7,7.0,AL,John Rave,670231,26284,26284
CHC,Cubs,0,2,2,0,0,0,0,0,0,0,0,0,0,0,0,0,,0,0,0.241606,0.315915,0.398878,0.714794,0.314749,0.0885153,0.201288,0.439744,0.157273,5.82012,0.279337,0.000214286,,0.21238,-0.00255279,0.0176501,0.0018001,0.00201439,0.00773045,0.0010810759849846363,0.015798296430148184,99.5732,-2.0,,-2.0,,336.67999267578125,0.07920792,3B,/players/matt-shaw/33322/stats/batting,3B,17,17.0,NL,Matt Shaw,807713,33322,33322
ATH,Athletics,0,2,2,0,0,0,0,0,0,0,0,0,1,0,0,0,,0,0,0.236774,0.309989,0.395608,0.705597,0.310992,0.0828093,0.307798,0.269037,0.158834,7.111,0.328301,0.000171123,,0.19702,-0.0076772,0.0245032,0.00456249,0.00473361,0.00771827,-0.01603259425610304,0.030676023568958044,89.6711,-2.0,,-2.0,,728.3300170898438,0.0,OF,/players/denzel-clarke/29858/stats/batting,OF,10,10.0,AL,Denzel Clarke,672016,29858,29858
ATL,Braves,1,4,4,1,1,0,0,0,0,0,0,0,1,0,0,0,,0,0,0.246723,0.306023,0.387063,0.693086,0.305291,0.0715122,0.156133,0.45802,0.14034,4.10281,0.270467,0.000766483,,0.439564,-0.0363582,-0.0258375,-0.0011867,-0.000420218,0.0077088,-0.043566992157138884,-0.011485693976283073,91.0891,1.6,1.6,1.6,1.6,150.5,0.01257862,2B,/players/ozzie-albies/16556/stats/batting,2B,16,16.0,NL,Ozzie Albies,645277,16556,16556
NYY,Yankees,1,2,2,0,0,0,0,0,0,0,0,0,1,0,0,0,,0,0,0.217463,0.299696,0.381341,0.681038,0.301701,0.100338,0.301085,0.333255,0.163879,3.16854,0.284163,0.000214737,,0.239263,-0.0268442,0.0126444,-0.00296221,-0.00274747,0.00766166,-0.024935539346188307,0.02066906914114952,91.5106,-2.0,-2.0,-2.0,-2.0,732.8599853515625,0.00358423,3B,/players/ryan-mcmahon/15112/stats/batting,3B,9,9.0,AL,Ryan McMahon,641857,15112,15112
CHC,Cubs,1,2,2,0,0,0,0,0,0,0,0,0,0,0,0,0,,0,0,0.238277,0.315121,0.370419,0.68554,0.305335,0.0916895,0.186565,0.491462,0.132142,2.65056,0.271781,-0.0019777,,0.225595,-0.0185796,-0.00803456,-0.0022625,-0.0042402,0.00758403,-0.02097996650263667,0.028385192155838013,93.2616,-2.0,-2.0,-2.0,-2.0,591.9099731445312,0.03982301,C,/players/carson-kelly/13620/stats/batting,C,17,17.0,NL,Carson Kelly,608348,13620,13620
BAL,Orioles,0,1,2,0,0,0,0,0,0,0,0,0,0,0,0,0,,0,0,0.247892,0.312801,0.43345,0.74625,0.324976,0.0782802,0.260388,0.300629,0.185558,5.0384,0.301444,-0.00103966,,0.19489,0.0106626,0.00224346,0.00307895,0.0020393,0.00753101,0.01976474211551249,-0.0008429614827036858,109.796,-1.0,,-1.0,,105.63999938964844,0.02994012,OF,/players/luis-robert-jr/20043/stats/batting,OF,2,2.0,AL,Luis Robert Jr.,673357,20043,20043
CHW,White Sox,1,3,3,1,0,0,0,0,0,0,0,0,1,0,0,0,,0,0,0.23366,0.303844,0.359376,0.66322,0.295288,0.0829193,0.20122,0.412083,0.125716,4.70019,0.278563,-5.53846e-05,,0.288904,-0.0488465,0.0115099,-0.0026169,-0.00267228,0.00742823,-0.044729140819981694,0.016756793949753046,87.322,2.6,2.6,2.6,2.6,999.0,0.0,OF,/players/tristan-peters/30063/stats/batting,OF,4,4.0,AL,Tristan Peters,671976,30063,30063
NYM,Mets,0,2,2,0,0,0,0,0,0,0,0,0,0,0,0,0,,0,0,0.232127,0.290672,0.374698,0.66537,0.293456,0.0685214,0.222142,0.308458,0.142571,2.9296,0.274429,-0.000257143,,0.189296,-0.0352864,0.00954029,-0.0017697,-0.00202684,0.00738694,-0.0357242978643626,0.04657732788473368,85.2521,-2.0,,-2.0,,999.0,0.01657459,C,/players/luis-torrens/15905/stats/batting,C,25,25.0,NL,Luis Torrens,620443,15905,15905
LAA,Angels,1,2,2,0,0,0,0,0,0,0,0,0,1,0,0,0,,0,0,0.227105,0.285317,0.415227,0.700545,0.304946,0.0657689,0.32908,0.199857,0.188122,5.77833,0.302709,0.00023328,,0.254581,-0.0217612,0.0123415,0.00482009,0.00505337,0.00736169,-0.009959353599697351,-0.0003128647804260254,94.4687,-2.0,-2.0,-2.0,-2.0,999.0,0.0,OF,/players/jose-siri/17452/stats/batting,OF,1,1.0,AL,Jose Siri,642350,17452,17452
HOU,Astros,1,2,2,0,0,0,0,0,0,0,0,0,1,0,0,0,,0,0,0.228534,0.318889,0.41403,0.732919,0.322418,0.107524,0.290061,0.370694,0.185496,5.2682,0.294608,-0.00019469,,0.292838,0.0113793,-0.00853786,0.000676868,0.000482178,0.00732206,0.019957876444095746,-0.03214896842837334,107.045,-2.0,-2.0,-2.0,-2.0,999.0,0.01212121,OF,/players/taylor-trammell/19960/stats/batting,OF,21,21.0,AL,Taylor Trammell,666211,19960,19960
TBR,Rays,1,2,3,1,0,0,0,0,0,0,0,0,1,0,0,0,,0,0,0.230465,0.31666,0.347489,0.664149,0.298869,0.103272,0.194089,0.532088,0.117024,5.48222,0.273336,-0.000101961,,0.270141,-0.0369051,-0.00363535,0.00757724,0.00747528,0.00726423,-0.026030493434518576,0.00562390498816967,88.8897,3.6,3.6,3.6,3.6,999.0,0.03623188,2B/OF,/players/richie-palacios/24589/stats/batting,2B/OF,12,12.0,AL,Richie Palacios,680700,24589,24589
MIL,Brewers,1,3,3,1,0,0,0,0,0,0,0,0,1,0,0,0,,0,0,0.227239,0.302246,0.337308,0.639555,0.287544,0.0875792,0.20361,0.430133,0.11007,5.94418,0.272915,0.0,,0.308027,-0.0757808,-0.00540686,0.0126354,0.0126354,0.00715716,-0.06447449512779713,0.029315358959138393,80.2528,2.6,2.6,2.6,2.6,999.0,0.0,SS,/players/cooper-pratt/33530/stats/batting,SS,23,23.0,NL,Cooper Pratt,806198,33530,33530
TBR,Rays,1,3,3,1,0,0,0,0,0,0,0,0,1,0,0,0,,0,0,0.225287,0.29944,0.357848,0.657287,0.292815,0.0872773,0.214692,0.406524,0.132561,6.0362,0.269438,-0.00125679,,0.308952,-0.0595034,-0.0046709,0.0100985,0.00884169,0.00712356,-0.046582506969571114,0.006440211087465286,84.6847,2.6,2.6,2.6,2.6,321.5,0.01136364,OF,/players/cedric-mullins/17929/stats/batting,OF,12,12.0,AL,Cedric Mullins,656775,17929,17929
ARI,Diamondbacks,1,3,3,1,0,0,0,0,0,0,0,0,1,0,0,0,,0,0,0.231956,0.300444,0.386689,0.687132,0.303169,0.074007,0.272462,0.271623,0.154732,6.61294,0.299818,0.000663232,,0.311713,-0.0311558,-0.00792878,0.00915168,0.00981491,0.00707394,-0.027137272991240025,0.002410721033811569,89.4069,2.6,2.6,2.6,2.6,261.6499938964844,0.08219178,OF,/players/jordan-lawlar/29976/stats/batting,OF,15,15.0,NL,Jordan Lawlar,691783,29976,29976
CHC,Cubs,1,2,2,1,0,0,0,0,0,0,0,0,0,0,0,0,,0,0,0.245798,0.330837,0.394035,0.724872,0.321353,0.101436,0.146167,0.693969,0.148237,3.1334,0.264334,-0.00149825,,0.285507,0.00916569,0.00799089,-0.00294436,-0.00444261,0.00694267,0.0068052527494728565,-0.01453997939825058,104.001,3.6,3.6,3.6,3.6,119.16999816894531,0.04832714,3B,/players/alex-bregman/17678/stats/batting,3B,17,17.0,NL,Alex Bregman,608324,17678,17678
CLE,Guardians,1,2,3,1,0,0,0,0,0,0,0,0,1,0,0,0,,0,0,0.245225,0.305573,0.361867,0.667441,0.296206,0.0779589,0.20292,0.384186,0.116643,3.96261,0.295634,0.0,,0.264563,-0.0424833,0.000307566,-0.00208782,-0.00208782,0.00694039,-0.03809302649460733,0.014505096623906866,88.0609,3.6,3.6,3.6,3.6,999.0,0.0,2B/3B,/players/angel-genao/28811/stats/batting,2B/3B,5,5.0,AL,Angel Genao,694197,28811,28811
MIN,Twins,0,1,2,0,0,0,0,0,0,0,0,0,0,0,0,0,,0,0,0.241209,0.31723,0.366634,0.683864,0.305626,0.0805827,0.19694,0.409174,0.125424,2.43406,0.281608,-0.00167761,,0.184384,-0.0147579,0.00160383,-0.00195744,-0.00363506,0.00685225,-0.015720995143055916,0.023517413763329387,93.8208,-1.0,,-1.0,,681.02001953125,0.16243655,C,/players/victor-caratini/14968/stats/batting,C,8,8.0,AL,Victor Caratini,605170,14968,14968
ATL,Braves,1,3,4,1,1,0,0,0,0,0,0,0,0,0,0,0,,0,0,0.260056,0.305993,0.366302,0.672295,0.297202,0.0582494,0.131784,0.442007,0.106246,4.04456,0.286843,-3.95455e-05,,0.386642,-0.0585752,0.0149116,-0.00219324,-0.00223279,0.00671137,-0.06715858657844365,0.010744921863079071,85.6664,2.6,2.6,2.6,2.6,743.3800048828125,0.00286533,OF,/players/mauricio-dubon/16530/stats/batting,OF,16,16.0,NL,Mauricio Dubón,643289,16530,16530
PIT,Pirates,1,3,4,1,1,0,0,0,0,0,0,0,1,0,0,0,,0,0,0.264309,0.323348,0.384497,0.707845,0.312919,0.0670079,0.191309,0.35026,0.120188,4.19771,0.316666,0.00069875,,0.42938,-0.0107202,-0.0150861,-0.0060233,-0.00532455,0.0066543,-0.03523498587310314,-0.02033305913209915,93.3199,2.6,2.6,2.6,2.6,999.0,0.03474903,2B/3B,/players/nick-gonzales/27490/stats/batting,2B/3B,27,27.0,NL,Nick Gonzales,693304,27490,27490
CIN,Reds,1,2,3,1,0,0,0,0,0,0,0,0,1,0,0,0,,0,0,0.236983,0.292342,0.356902,0.649244,0.287799,0.0670087,0.199239,0.336324,0.119919,4.45721,0.278886,0.000534728,,0.246956,-0.0600906,0.0405947,0.000254788,0.000789516,0.00661179,-0.06927686941344291,0.04985400103032589,77.5707,3.6,3.6,3.6,3.6,999.0,0.0,3B,/players/kebryan-hayes/18577/stats/batting,3B,18,18.0,NL,Ke'Bryan Hayes,663647,18577,18577
TBR,Rays,1,3,4,1,1,0,0,0,0,0,0,0,0,0,0,0,,0,0,0.279324,0.315349,0.342426,0.657775,0.292283,0.0524966,0.108899,0.482068,0.0631023,6.98523,0.310361,0.00205236,,0.354613,-0.0701343,0.00959788,0.0293362,0.0313886,0.00658532,-0.03404335677623749,-0.028210759162902832,84.3155,2.6,2.6,2.6,2.6,180.19000244140625,0.01132075,OF,/players/chandler-simpson/31912/stats/batting,OF,12,12.0,AL,Chandler Simpson,802415,31912,31912
ATL,Braves,1,2,3,1,0,0,0,0,0,0,0,0,1,0,0,0,,0,0,0.228567,0.314077,0.336648,0.650725,0.294186,0.104343,0.203777,0.512045,0.108081,4.79239,0.276297,0.0001188,,0.286365,-0.0513863,-0.00702378,0.00401366,0.00413246,0.0064798,-0.05207153595983982,0.02291448973119259,83.6439,3.6,3.6,3.6,3.6,748.3800048828125,0.0,SS,/players/ha-seong-kim/27506/stats/batting,SS,16,16.0,NL,Ha-Seong Kim,673490,27506,27506
MIL,Brewers,1,3,3,1,0,0,0,0,0,0,0,0,0,0,0,0,,0,0,0.256146,0.322496,0.361223,0.683719,0.304891,0.0818769,0.135744,0.603169,0.105077,4.94322,0.285279,0.00148163,,0.31574,-0.0271287,0.0251726,0.00132704,0.00280866,0.00646222,-0.025507316924631596,-0.00522867776453495,91.8826,2.6,2.6,2.6,2.6,216.39999389648438,0.00772201,OF,/players/sal-frelick/29622/stats/batting,OF,23,23.0,NL,Sal Frelick,686217,29622,29622
COL,Rockies,1,3,3,1,0,0,0,0,0,0,0,0,1,0,0,0,,0,0,0.254554,0.322346,0.418419,0.740765,0.325194,0.0807276,0.254503,0.317197,0.163865,3.91969,0.318831,-0.00100443,,0.374065,0.0209622,-0.0114521,-0.000449135,-0.00145357,0.00637325,-0.02991482592187822,-0.004507702775299549,92.0775,2.6,2.6,2.6,2.6,728.1400146484375,0.08290155,3B,/players/connor-norby/29592/stats/batting,3B,19,19.0,NL,Connor Norby,681393,29592,29592
SFG,Giants,1,2,3,1,0,0,0,0,0,0,0,0,1,0,0,0,,0,0,0.231603,0.308378,0.368606,0.676984,0.301386,0.0835831,0.194637,0.42943,0.137003,4.15351,0.268283,3.68345e-05,,0.293772,-0.0337446,0.00377913,-0.00365538,-0.00361855,0.00633745,-0.032756674801930785,0.005013693240471184,91.2554,3.6,3.6,3.6,3.6,999.0,0.0,OF,/players/drew-gilbert/31545/stats/batting,OF,30,30.0,NL,Drew Gilbert,687551,31545,31545
SEA,Mariners,1,2,3,1,0,0,0,0,0,0,0,0,1,0,0,0,,0,0,0.201351,0.321231,0.284195,0.605426,0.283663,0.138499,0.268555,0.515719,0.0828442,4.90425,0.276276,-0.000122566,,0.274038,-0.0790651,-0.0107304,0.00617624,0.00605368,0.00632877,-0.04389679431915283,0.0005350736901164055,85.5971,3.6,3.6,3.6,3.6,999.0,0.06,2B/SS,/players/leo-rivas/21009/stats/batting,2B/SS,11,11.0,AL,Leo Rivas,660844,21009,21009
PIT,Pirates,0,2,2,0,0,0,0,0,0,0,0,0,0,0,0,0,,0,0,0.227343,0.310632,0.376568,0.6872,0.305852,0.0855096,0.235822,0.362603,0.149225,3.96525,0.275009,-0.00050625,,0.216965,-0.0169754,-0.0117881,-0.00142312,-0.00192936,0.00630845,-0.029105516034178436,0.02679216582328081,88.5819,-2.0,,-2.0,,999.0,0.00561798,C,/players/henry-davis/29617/stats/batting,C,27,27.0,NL,Henry Davis,680779,29617,29617
STL,Cardinals,1,3,3,1,0,0,0,0,0,0,0,0,1,0,0,0,,0,0,0.238665,0.298466,0.372421,0.670887,0.296601,0.0766001,0.222104,0.344884,0.133757,3.59191,0.286821,0.0,,0.311138,-0.0488369,-0.0269269,-0.00427119,-0.00427119,0.00629466,-0.051822708919644356,0.014739729464054108,87.0162,2.6,2.6,2.6,2.6,999.0,0.17857143,C,/players/leo-bernal/29016/stats/batting,C,28,28.0,NL,Leo Bernal,699024,29016,29016
WSN,Nationals,1,3,3,1,0,0,0,0,0,0,0,0,1,0,0,0,,0,0,0.23545,0.298556,0.390477,0.689033,0.303175,0.0675034,0.237455,0.284279,0.155026,5.59422,0.284263,0.0007878,,0.362907,-0.0362536,0.0199521,0.00604079,0.00682859,0.00628606,-0.042270245030522346,-0.005665164440870285,87.9098,2.6,2.6,2.6,2.6,282.2200012207031,0.02272727,OF,/players/dylan-crews/33541/stats/batting,OF,24,24.0,NL,Dylan Crews,686611,33541,33541
PHI,Phillies,1,3,4,1,1,0,0,0,0,0,0,0,1,0,0,0,,0,0,0.26574,0.32095,0.407225,0.728175,0.31941,0.0676899,0.156085,0.433672,0.141486,3.14166,0.293753,-0.000903166,,0.448865,0.00876479,-0.00629436,-0.00391077,-0.00481394,0.00626755,-0.016344601288437843,-0.043022755067795515,97.4248,2.6,2.6,2.6,2.6,239.8699951171875,0.0,3B,/players/alec-bohm/21618/stats/batting,3B,26,26.0,NL,Alec Bohm,664761,21618,21618
ATH,Athletics,1,3,3,1,1,0,0,0,0,0,0,0,1,0,0,0,,0,0,0.241031,0.292033,0.354496,0.646529,0.286435,0.0587952,0.205871,0.285592,0.113465,3.64652,0.291498,-0.000219174,,0.317329,-0.0818314,0.016802,-0.00416985,-0.00438902,0.00615533,-0.11174402944743633,0.05291313864290714,72.6166,2.6,2.6,2.6,2.6,999.0,0.0,SS,/players/alika-williams/27604/stats/batting,SS,10,10.0,AL,Alika Williams,675961,27604,27604
TOR,Blue Jays,0,2,2,0,0,0,0,0,0,0,0,0,0,0,0,0,,0,0,0.219708,0.290324,0.358579,0.648903,0.28851,0.0876384,0.263496,0.332598,0.138871,2.93163,0.277171,-1.88034e-05,,0.168351,-0.0397094,0.00986029,-0.00133292,-0.00135173,0.00612722,-0.03654344042297453,0.03455164562910795,82.7788,-2.0,,-2.0,,999.0,0.02222222,C,/players/brandon-valenzuela/23813/stats/batting,C,14,14.0,AL,Brandon Valenzuela,678218,23813,23813
SEA,Mariners,1,2,3,0,0,0,0,0,0,0,0,0,1,0,0,0,,0,0,0.215274,0.29951,0.427955,0.727465,0.31691,0.101022,0.356435,0.283423,0.212681,3.51325,0.292098,0.0,,0.29766,0.000848203,-0.0052335,-0.00269171,-0.00269171,0.00586833,0.022629646118730307,-0.053690283093601465,108.686,-2.0,-2.0,-2.0,-2.0,999.0,0.35294118,DH/OF,/players/lazaro-montes/30361/stats/batting,DH/OF,11,11.0,AL,Lazaro Montes,703155,30361,30361
MIN,Twins,1,3,3,1,0,0,0,0,0,0,0,0,1,0,0,0,,0,0,0.249502,0.322222,0.418626,0.740847,0.324868,0.0919529,0.197396,0.46583,0.169124,2.5466,0.280656,-0.00359385,,0.42738,0.0231023,-0.00096,-0.00501536,-0.00860921,0.00579369,0.01991740334779024,-0.08383036416489631,107.184,2.6,2.6,2.6,2.6,636.3300170898438,0.81003584,1B/DH,/players/josh-bell/13145/stats/batting,1B/DH,8,8.0,AL,Josh Bell,605137,13145,13145
TEX,Rangers,0,2,2,0,0,0,0,0,0,0,0,0,0,0,0,0,,0,0,0.220076,0.308039,0.374043,0.682082,0.303948,0.0974684,0.22958,0.424551,0.153967,2.96184,0.260099,-0.00127425,,0.196812,-0.0184133,-0.0295908,-0.00167378,-0.00294803,0.00578394,-0.013408388942480087,0.005903059616684914,95.0516,-2.0,,-2.0,,999.0,0.03797468,C,/players/danny-jansen/16535/stats/batting,C,13,13.0,AL,Danny Jansen,643376,16535,16535
CIN,Reds,1,3,4,1,0,0,0,0,0,0,0,0,1,0,0,0,,0,0,0.223498,0.304603,0.427188,0.73179,0.320038,0.0887557,0.304957,0.291043,0.20369,2.32114,0.279564,-0.00433622,,0.424544,0.0100311,0.0165758,-0.00409843,-0.00843465,0.00574327,-0.011870883638039231,-0.04561557248234749,99.1852,2.6,2.6,2.6,2.6,97.91999816894531,0.27368421,3B,/players/eugenio-suarez/12552/stats/batting,3B,18,18.0,NL,Eugenio Suárez,553993,12552,12552
LAA,Angels,1,3,3,1,0,0,0,0,0,0,0,0,1,0,0,0,,0,0,0.242802,0.30652,0.383151,0.689671,0.304459,0.0815083,0.204098,0.399359,0.140349,2.2574,0.281989,-0.000450374,,0.363047,-0.0324584,0.0130357,-0.00398874,-0.00443911,0.00573288,-0.027238983660936356,-0.034649480134248734,94.1306,2.6,2.6,2.6,2.6,594.3599853515625,0.68595041,DH,/players/moises-ballesteros/28820/stats/batting,DH,1,1.0,AL,Moisés Ballesteros,694208,28820,28820
PIT,Pirates,1,3,3,1,0,0,0,0,0,0,0,0,1,0,0,0,,0,0,0.255609,0.344113,0.39077,0.734882,0.327299,0.10969,0.177865,0.616705,0.135161,2.43144,0.295347,-0.00131812,,0.40661,0.0279196,0.00380822,-0.00419817,-0.00551629,0.00570516,0.0058907982893288136,-0.05390782607719302,102.961,2.6,2.6,2.6,2.6,738.1500244140625,0.01877934,1B,/players/spencer-horwitz/26477/stats/batting,1B,27,27.0,NL,Spencer Horwitz,687462,26477,26477
TEX,Rangers,1,2,2,0,0,0,0,0,0,0,0,0,0,0,0,0,,0,0,0.22524,0.301375,0.379156,0.680531,0.301583,0.0851659,0.215637,0.394951,0.153916,2.81621,0.261111,-2.71795e-05,,0.243645,-0.0275791,0.0266034,-0.0021934,-0.00222058,0.00569475,-0.01977738691493869,-0.0053410604596138,93.4093,-2.0,-2.0,-2.0,-2.0,999.0,0.29292929,2B/DH,/players/justin-foscue/27501/stats/batting,2B/DH,13,13.0,AL,Justin Foscue,679822,27501,27501
HOU,Astros,1,3,3,1,0,0,0,0,0,0,0,0,1,0,0,0,,0,0,0.210935,0.293684,0.350509,0.644193,0.288385,0.0883974,0.294613,0.300046,0.139574,5.84187,0.284465,0.0,,0.289548,-0.0686731,-0.00543363,0.00148341,0.00148341,0.00565437,-0.05688520229887217,0.005368837621062994,83.4102,2.6,2.6,2.6,2.6,999.0,0.0,OF,/players/lucas-spence/35126/stats/batting,OF,21,21.0,AL,Lucas Spence,828599,35126,35126
NYY,Yankees,0,1,1,0,0,0,0,0,0,0,0,0,0,0,0,0,,0,0,0.234441,0.304136,0.397001,0.701137,0.308077,0.0833199,0.233243,0.357224,0.16256,6.31148,0.281928,0.000863672,,0.144713,-0.00881015,0.00359596,0.00344414,0.00430781,0.00563737,-0.0018161139450967312,0.011312010232359171,95.9387,-1.0,,-1.0,,641.989990234375,0.0,SS,/players/anthony-volpe/27647/stats/batting,SS,9,9.0,AL,Anthony Volpe,683011,27647,27647
CHC,Cubs,1,2,2,0,0,0,0,0,0,0,0,0,0,0,0,0,,0,0,0.226082,0.305463,0.358735,0.664198,0.297114,0.0806809,0.233398,0.34568,0.132652,2.88697,0.276631,-0.00107858,,0.207842,-0.0316537,-0.0128943,-0.0022665,-0.00334508,0.00563658,-0.033194245770573616,0.022753856144845486,87.7498,-2.0,-2.0,-2.0,-2.0,745.969970703125,0.10185185,C,/players/miguel-amaya/21693/stats/batting,C,17,17.0,NL,Miguel Amaya,665804,21693,21693
PHI,Phillies,1,3,4,1,1,0,0,0,0,0,0,0,1,0,0,0,,0,0,0.247807,0.298164,0.40198,0.700144,0.3063,0.0469736,0.222925,0.210715,0.154173,5.21337,0.295512,0.00166734,,0.3857,-0.0288124,-0.00589017,-0.00111638,0.000550954,0.00562297,-0.047376913484185934,-0.011291408445686102,88.6352,2.6,2.6,2.6,2.6,999.0,0.01149425,3B/SS,/players/edmundo-sosa/17022/stats/batting,3B/SS,26,26.0,NL,Edmundo Sosa,624641,17022,17022
SFG,Giants,1,3,3,1,0,0,0,0,0,0,0,0,1,0,0,0,,0,0,0.236872,0.294648,0.388085,0.682733,0.299712,0.0730436,0.266617,0.273965,0.151213,5.22006,0.299478,0.0,,0.353477,-0.0456832,0.0151589,0.000404035,0.000404035,0.00549782,-0.039665082847932354,-0.016013924963772297,90.1333,2.6,2.6,2.6,2.6,999.0,0.2,OF,/players/chanteyon-davidson/33405/stats/batting,OF,30,30.0,NL,Bo Davidson,815589,33405,33405
PHI,Phillies,0,2,2,0,0,0,0,0,0,0,0,0,0,0,0,0,,0,0,0.291071,0.334122,0.385571,0.719693,0.317309,0.0568259,0.0565699,1.00453,0.0944997,4.60769,0.299168,0.000576085,,0.195548,0.00108503,0.00348265,-0.00162478,-0.00104869,0.00548193,-0.008931423886679113,0.009346851846203208,96.0157,-2.0,,-2.0,,280.04998779296875,0.09646302,1B/2B,/players/luis-arraez/18568/stats/batting,1B/2B,26,26.0,NL,Luis Arraez,650333,18568,18568
SEA,Mariners,0,1,2,0,0,0,0,0,0,0,0,0,0,0,0,0,,0,0,0.228208,0.327103,0.385941,0.713043,0.317499,0.119809,0.240201,0.498788,0.157732,3.48195,0.276778,-0.001,,0.180342,0.00123181,0.00491533,-0.00207501,-0.00307501,0.0054273,0.01292508328333497,-0.013140223920345306,109.095,-1.0,,-1.0,,148.42999267578125,0.12542373,OF,/players/taylor-ward/17548/stats/batting,OF,11,11.0,AL,Taylor Ward,621493,17548,17548
SFG,Giants,1,3,4,1,1,0,0,0,0,0,0,0,1,0,0,0,,0,0,0.230706,0.275243,0.344698,0.619941,0.274135,0.0470841,0.239987,0.196194,0.113992,4.85796,0.288305,0.000183158,,0.31659,-0.128627,0.0100331,0.00278436,0.00296752,0.00542135,-0.11939744674600661,0.05031090136617422,72.9856,2.6,2.6,2.6,2.6,999.0,0.02816901,2B/SS,/players/christian-koss/27653/stats/batting,2B/SS,30,30.0,NL,Christian Koss,683766,27653,27653
KCR,Royals,1,3,3,1,0,0,0,0,0,0,0,0,1,0,0,0,,0,0,0.237965,0.292194,0.352448,0.644643,0.285755,0.0634957,0.200973,0.315941,0.114484,5.66525,0.287098,0.00197213,,0.270987,-0.0718811,0.0139828,-5.40529e-05,0.00191808,0.00530707,-0.07466200727503747,0.024322290904819965,77.2595,2.6,2.6,2.6,2.6,999.0,0.0,OF,/players/kyle-isbel/21614/stats/batting,OF,7,7.0,AL,Kyle Isbel,664728,21614,21614
ARI,Diamondbacks,1,2,3,1,0,0,0,0,0,0,0,0,1,0,0,0,,0,0,0.231041,0.320585,0.361192,0.681777,0.306091,0.0971239,0.25874,0.375373,0.130151,5.48127,0.303126,0.0,,0.304284,-0.0232319,0.00843306,-0.000350021,-0.000350021,0.00529644,-0.02911875446443446,-0.008850889280438423,91.3663,3.6,3.6,3.6,3.6,999.0,0.01941748,OF,/players/ryan-waldschmidt/35061/stats/batting,OF,15,15.0,NL,Ryan Waldschmidt,814439,35061,35061
LAD,Dodgers,1,3,3,1,0,0,0,0,0,0,0,0,1,0,0,0,,0,0,0.233459,0.295343,0.363354,0.658697,0.29217,0.0673466,0.200805,0.335382,0.129895,5.05207,0.273467,0.000759892,,0.303064,-0.0602738,0.000188246,0.0038473,0.00460719,0.0052266,-0.05964453751221299,0.011145035838126205,82.6186,2.6,2.6,2.6,2.6,730.1199951171875,0.01010101,2B,/players/tommy-edman/19470/stats/batting,2B,22,22.0,NL,Tommy Edman,669242,19470,19470
MIA,Marlins,1,2,2,0,0,0,0,0,0,0,0,0,1,0,0,0,,0,0,0.228264,0.29621,0.383111,0.67932,0.299692,0.0807089,0.236101,0.341841,0.154847,4.33605,0.274813,-0.000358696,,0.226554,-0.029318,0.0177064,-0.00051443,-0.000873126,0.0051966,-0.0366604586597532,0.017397752031683922,86.2527,-2.0,-2.0,-2.0,-2.0,999.0,0.0,3B,/players/graham-pauley/31363/stats/batting,3B,20,20.0,NL,Graham Pauley,688363,31363,31363
WSN,Nationals,1,2,2,1,0,0,0,0,0,0,0,0,0,0,0,0,,0,0,0.256202,0.302545,0.384243,0.686789,0.301944,0.0546946,0.11714,0.466915,0.128041,2.80234,0.270266,-0.00180348,,0.257088,-0.0283193,-0.033515,-0.00225311,-0.00405659,0.00513261,-0.041560414247214794,0.013552915304899216,87.0842,3.6,3.6,3.6,3.6,720.3499755859375,0.0,C,/players/keibert-ruiz/19610/stats/batting,C,24,24.0,NL,Keibert Ruiz,660688,19610,19610
MIL,Brewers,1,3,3,1,0,0,0,0,0,0,0,0,1,0,0,0,,0,0,0.245959,0.327641,0.404486,0.732127,0.323075,0.102538,0.253194,0.404978,0.158527,4.96096,0.30668,0.00253067,,0.390351,0.0167784,0.00113793,0.00537681,0.00790748,0.00510813,0.02339234482496977,-0.0758682427695021,104.074,2.6,2.6,2.6,2.6,127.22000122070312,0.91984733,OF,/players/christian-yelich/11477/stats/batting,OF,23,23.0,NL,Christian Yelich,592885,11477,11477
MIN,Twins,0,2,2,0,0,0,0,0,0,0,0,0,0,0,0,0,,0,0,0.246779,0.330895,0.369984,0.700879,0.313796,0.0940037,0.182944,0.513838,0.123205,3.76332,0.288001,-3.65605e-05,,0.205959,-0.00385582,0.00936556,-0.000995166,-0.00103173,0.00506788,-0.002072384348139167,-0.010850489139556885,99.495,-2.0,,-2.0,,999.0,0.01136364,OF,/players/alan-roden/31564/stats/batting,OF,8,8.0,AL,Alan Roden,702176,31564,31564
LAA,Angels,0,2,2,0,0,0,0,0,0,0,0,0,1,0,0,0,,0,0,0.227669,0.291281,0.362773,0.654054,0.290353,0.0668721,0.267382,0.2501,0.135105,5.39114,0.290363,0.000125893,,0.189229,-0.0410556,0.00267412,0.00475094,0.00487683,0.005032,-0.030555079225450754,0.01116177742369473,84.3346,-2.0,,-2.0,,999.0,0.02531646,2B/3B,/players/oswald-peraza/22823/stats/batting,2B/3B,1,1.0,AL,Oswald Peraza,672724,22823,22823
STL,Cardinals,1,2,3,1,0,0,0,0,0,0,0,0,1,0,0,0,,0,0,0.241595,0.297161,0.37788,0.675041,0.2978,0.0636467,0.250232,0.254351,0.136284,4.43163,0.303134,0.000126804,,0.267901,-0.0391456,-0.0104339,-0.000650529,-0.000523725,0.00495129,-0.03857292019529268,0.0028376635164022446,87.8199,3.6,3.6,3.6,3.6,999.0,0.02013423,2B/SS,/players/thomas-saggese/27883/stats/batting,2B/SS,28,28.0,NL,Thomas Saggese,695336,27883,27883
CLE,Guardians,1,2,2,1,0,0,0,0,0,0,0,0,1,0,0,0,,0,0,0.2453,0.324823,0.391119,0.715942,0.317107,0.100992,0.234408,0.430837,0.14582,2.81655,0.301039,-0.0011687,,0.287782,0.00120553,0.00417807,-0.00269498,-0.00386368,0.00490191,0.0033880749251693487,-0.04088365938514471,102.576,3.6,3.6,3.6,3.6,999.0,0.19548872,1B,/players/nathaniel-lowe/19566/stats/batting,1B,5,5.0,AL,Nathaniel Lowe,663993,19566,19566
BAL,Orioles,1,2,2,0,0,0,0,0,0,0,0,0,1,0,0,0,,0,0,0.224382,0.321831,0.33993,0.661761,0.299939,0.112256,0.264667,0.424138,0.115548,5.62699,0.30052,-6.08955e-05,,0.231524,-0.0294653,0.00814334,0.000736636,0.000675741,0.00489352,-0.018783851235639304,-0.011146781966090202,92.4086,-2.0,-2.0,-2.0,-2.0,999.0,0.04761905,OF,/players/christian-franklin/29896/stats/batting,OF,2,2.0,AL,Christian Franklin,681047,29896,29896
LAA,Angels,0,1,2,0,0,0,0,0,0,0,0,0,0,0,0,0,,0,0,0.223156,0.292812,0.31329,0.606102,0.274261,0.0709031,0.187782,0.377581,0.0901338,4.40615,0.266288,-0.000627907,,0.133243,-0.0539095,0.0111611,-0.000447017,-0.00107492,0.00483994,-0.05041405116207898,0.042025282979011536,73.1584,-1.0,,-1.0,,999.0,0.00699301,C,/players/tyler-heineman/13897/stats/batting,C,1,1.0,AL,Tyler Heineman,623168,13897,13897
TBR,Rays,1,3,3,1,0,0,0,0,0,0,0,0,1,0,0,0,,0,0,0.212877,0.295473,0.310899,0.606372,0.275343,0.101059,0.237734,0.425091,0.0980226,5.94349,0.274915,0.000607595,,0.294491,-0.114904,-0.0141491,0.0113195,0.0119271,0.00476416,-0.09844435565173626,0.022887933999300003,72.5511,2.6,2.6,2.6,2.6,999.0,0.00446429,SS,/players/taylor-walls/22458/stats/batting,SS,12,12.0,AL,Taylor Walls,670764,22458,22458
TOR,Blue Jays,1,2,2,0,0,0,0,0,0,0,0,0,0,0,0,0,,0,0,0.231728,0.318926,0.354725,0.673651,0.302915,0.0938095,0.20925,0.448314,0.122997,4.91194,0.279922,-5.0428e-05,,0.250753,-0.0255889,-0.00778986,0.00144808,0.00139765,0.00475728,-0.0181910089449957,-0.01766640180721879,92.7828,-2.0,-2.0,-2.0,-2.0,428.9100036621094,0.05579399,3B/SS,/players/josh-smith/26396/stats/batting,3B/SS,14,14.0,AL,Josh Smith,669701,26396,26396
STL,Cardinals,1,2,2,1,0,0,0,0,0,0,0,0,0,0,0,0,,0,0,0.246398,0.328436,0.335316,0.663752,0.300456,0.106581,0.186469,0.571578,0.0889184,4.57053,0.297587,-0.000114,,0.25979,-0.0319039,0.0259663,0.00209115,0.00197715,0.00473627,-0.02888521016575396,-0.004743533208966255,89.6005,3.6,3.6,3.6,3.6,999.0,0.109375,OF,/players/bryan-torres/21464/stats/batting,OF,28,28.0,NL,Bryan Torres,663494,21464,21464
MIA,Marlins,1,3,3,1,0,0,0,0,0,0,0,0,1,0,0,0,,0,0,0.23354,0.316213,0.3685,0.684714,0.30595,0.0830143,0.254116,0.326678,0.13496,6.97243,0.300145,-0.000120261,,0.37996,-0.0294351,-0.0313864,0.0343343,0.034214,0.00467363,-0.0055720992386341095,-0.06101607531309128,90.4479,2.6,2.6,2.6,2.6,748.530029296875,0.0,OF,/players/esteury-ruiz/21780/stats/batting,OF,20,20.0,NL,Esteury Ruiz,665923,21780,21780
DET,Tigers,1,3,3,1,0,0,0,0,0,0,0,0,1,0,0,0,,0,0,0.231693,0.278861,0.354132,0.632993,0.279491,0.0537902,0.279579,0.192397,0.122439,5.51372,0.305552,0.0,,0.241033,-0.0813656,-0.00702556,0.00576771,0.00576771,0.0045826,-0.07255394104868174,0.021215183660387993,75.2657,2.6,2.6,2.6,2.6,999.0,0.0,SS,/players/john-peck/33500/stats/batting,SS,6,6.0,AL,John Peck,807726,33500,33500
PIT,Pirates,1,3,4,1,1,0,0,0,0,0,0,0,1,0,0,0,,0,0,0.256145,0.325087,0.405803,0.73089,0.32182,0.0843822,0.203957,0.413726,0.149658,3.12918,0.29971,-0.00197745,,0.434885,0.0152547,0.0103354,-0.00337774,-0.00535519,0.00455219,-0.008398215053603053,-0.062195511534810066,99.2872,2.6,2.6,2.6,2.6,285.44000244140625,0.27985075,1B/DH,/players/ryan-ohearn/16442/stats/batting,1B/DH,27,27.0,NL,Ryan O'Hearn,656811,16442,16442
COL,Rockies,1,3,3,1,0,0,0,0,0,0,0,0,1,0,0,0,,0,0,0.259991,0.304192,0.472403,0.776595,0.333483,0.0536247,0.257797,0.208011,0.212412,5.75543,0.312931,-0.000600591,,0.416873,0.0433003,0.00856001,-0.00236095,-0.00296155,0.00452812,-0.011949880747124553,-0.046223944053053856,97.6351,2.6,2.6,2.6,2.6,245.8300018310547,0.20454545,OF,/players/mickey-moniak/19956/stats/batting,OF,19,19.0,NL,Mickey Moniak,666160,19956,19956
MIA,Marlins,0,2,2,0,0,0,0,0,0,0,0,0,0,0,0,0,,0,0,0.244293,0.30701,0.409392,0.716401,0.313472,0.0762078,0.221986,0.3433,0.165098,5.28483,0.288777,-0.000725,,0.198192,-0.00416663,0.0065596,0.00367313,0.00294813,0.00450521,-0.006334850564599037,-0.005014476366341114,95.491,-2.0,,-2.0,,86.8499984741211,0.49751244,C/DH,/players/agustin-ramirez/26546/stats/batting,C/DH,20,20.0,NL,Agustín Ramírez,682663,26546,26546
LAA,Angels,1,3,4,1,1,0,0,0,0,0,0,0,1,0,0,0,,0,0,0.244631,0.320777,0.335632,0.656409,0.296211,0.0986169,0.213659,0.461562,0.0910012,4.08871,0.30591,0.0,,0.357173,-0.0573396,0.00182205,0.000429684,0.000429684,0.00446792,-0.046787256287643686,-0.03320880956016481,88.4023,2.6,2.6,2.6,2.6,999.0,0.01886792,OF,/players/wade-meckler/31490/stats/batting,OF,1,1.0,AL,Wade Meckler,685133,31490,31490
CHW,White Sox,0,2,2,0,0,0,0,0,0,0,0,0,0,0,0,0,,0,0,0.225113,0.276769,0.368945,0.645715,0.284033,0.0633327,0.287792,0.220064,0.143832,5.4855,0.290822,0.000487882,,0.155394,-0.0441858,0.0121171,0.00549947,0.00598735,0.0044381,-0.034186434000730515,0.01813565567135811,79.5055,-2.0,,-2.0,,166.25,0.02293578,OF,/players/brenton-doyle/25479/stats/batting,OF,4,4.0,AL,Brenton Doyle,686668,25479,25479
WSN,Nationals,1,2,2,0,0,0,0,0,0,0,0,0,1,0,0,0,,0,0,0.22221,0.299582,0.289667,0.589249,0.269957,0.0974131,0.21407,0.455052,0.0674564,6.03552,0.280912,-0.000306701,,0.199108,-0.0925859,0.0216327,0.0212524,0.0209457,0.00432845,-0.08102715946733952,0.04339200258255005,65.6389,-2.0,-2.0,-2.0,-2.0,583.0999755859375,0.00546448,2B/SS,/players/nasim-nunez/25979/stats/batting,2B/SS,24,24.0,NL,Nasim Nuñez,683083,25979,25979
CIN,Reds,1,2,2,1,0,0,0,0,0,0,0,0,1,0,0,0,,0,0,0.238321,0.308763,0.371546,0.680309,0.302518,0.0821703,0.250824,0.327602,0.133225,4.43705,0.29898,-0.000288608,,0.263893,-0.0278008,-0.0132724,0.0042593,0.0039707,0.00431338,-0.03330711415037513,-0.0044760797172784805,87.4387,3.6,3.6,3.6,3.6,999.0,0.02702703,OF,/players/dane-myers/22054/stats/batting,OF,18,18.0,NL,Dane Myers,667472,22054,22054
WSN,Nationals,1,3,3,1,0,0,0,0,0,0,0,0,1,0,0,0,,0,0,0.243916,0.287265,0.390543,0.677807,0.296472,0.0496764,0.267318,0.185832,0.146626,3.66062,0.309035,0.00017004,,0.309307,-0.0489139,-0.00495018,-0.00184133,-0.00167129,0.00429342,-0.062112981104291975,0.00585228530690074,83.4157,2.6,2.6,2.6,2.6,710.1199951171875,0.06626506,3B,/players/brady-house/29993/stats/batting,3B,24,24.0,NL,Brady House,691781,29993,29993
TEX,Rangers,1,2,2,0,0,0,0,0,0,0,0,0,0,0,0,0,,0,0,0.232098,0.278994,0.356987,0.635981,0.28057,0.056392,0.179863,0.313529,0.124888,2.9767,0.261046,-0.000105361,,0.204771,-0.0664532,0.0153682,-0.00196994,-0.0020753,0.00425319,-0.05850629438646138,0.019226261880248785,78.8164,-2.0,-2.0,-2.0,-2.0,999.0,0.04819277,2B/3B,/players/cody-freeman/25629/stats/batting,2B/3B,13,13.0,AL,Cody Freeman,683227,25629,25629
STL,Cardinals,0,2,2,0,0,0,0,0,0,0,0,0,1,0,0,0,,0,0,0.21397,0.295722,0.385702,0.681424,0.301176,0.101212,0.321253,0.315055,0.171733,2.61432,0.283867,-0.00230442,,0.219978,-0.0256591,0.00854079,-0.00187079,-0.0041752,0.00422735,-0.028957197908312082,0.0029852339066565037,90.0836,-2.0,,-2.0,,653.1400146484375,0.19587629,2B/3B,/players/nolan-gorman/22263/stats/batting,2B/3B,28,28.0,NL,Nolan Gorman,669357,22263,22263
MIL,Brewers,0,2,2,0,0,0,0,0,0,0,0,0,0,0,0,0,,0,0,0.223449,0.318976,0.40154,0.720516,0.318887,0.107439,0.244095,0.440153,0.178091,2.50682,0.262471,-0.000822414,,0.227362,0.00365633,-0.00473775,-0.00204943,-0.00287184,0.00422119,9.863637387752533e-06,-0.020015526562929153,101.266,-2.0,,-2.0,,999.0,0.28571429,C,/players/gary-sanchez/11442/stats/batting,C,23,23.0,NL,Gary Sánchez,596142,11442,11442
NYY,Yankees,0,1,2,0,0,0,0,0,0,0,0,0,0,0,0,0,,0,0,0.248777,0.314536,0.421138,0.735674,0.321579,0.0837408,0.23235,0.360407,0.172361,3.48838,0.293245,-0.0011285,,0.185327,0.00621627,0.0086553,6.77381e-05,-0.00106077,0.00417367,0.008289435412734747,-0.020820004865527153,105.315,-1.0,,-1.0,,748.3599853515625,0.07264957,1B,/players/paul-goldschmidt/9218/stats/batting,1B,9,9.0,AL,Paul Goldschmidt,502671,9218,9218
NYY,Yankees,0,1,1,0,0,0,0,0,0,0,0,0,0,0,0,0,,0,0,0.223198,0.303358,0.340854,0.644212,0.290073,0.087555,0.246284,0.355504,0.117657,5.9452,0.283217,-1.81818e-05,,0.125859,-0.0276642,0.0109762,0.0088687,0.00885051,0.00411496,-0.01612750254571438,0.010667583905160427,83.4348,-1.0,,-1.0,,200.02999877929688,0.0096463,SS,/players/jose-caballero/23401/stats/batting,SS,9,9.0,AL,José Caballero,676609,23401,23401
SFG,Giants,1,2,2,0,0,0,0,0,0,0,0,0,1,0,0,0,,0,0,0.211379,0.305909,0.321114,0.627023,0.286113,0.0999481,0.300539,0.332563,0.109736,2.90906,0.295716,0.0,,0.233687,-0.0610777,-0.0301101,-0.0025128,-0.0025128,0.00407754,-0.05944473063573241,0.018500978127121925,81.0158,-2.0,-2.0,-2.0,-2.0,999.0,0.03773585,C,/players/drew-cavanaugh/33380/stats/batting,C,30,30.0,NL,Drew Cavanaugh,701852,33380,33380
WSN,Nationals,0,2,2,0,0,0,0,0,0,0,0,0,1,0,0,0,,0,0,0.243055,0.306929,0.43403,0.740959,0.322194,0.0757929,0.240965,0.314539,0.190975,3.06878,0.285838,-3.71429e-05,,0.265826,0.00995419,0.0114565,-0.00259811,-0.00263526,0.0040519,-0.000915181590244174,-0.0295929042622447,100.661,-2.0,,-2.0,,999.0,0.26829268,1B/DH,/players/abimelec-ortiz/29539/stats/batting,1B/DH,24,24.0,NL,Abimelec Ortiz,694673,29539,29539
PHI,Phillies,1,3,3,1,1,0,0,0,0,0,0,0,1,0,0,0,,0,0,0.258541,0.307225,0.364087,0.671313,0.296923,0.0633399,0.20074,0.315533,0.105546,6.30769,0.314609,-9.93151e-05,,0.33258,-0.0512276,-0.018018,0.00966225,0.00956293,0.0040373,-0.059364170767366886,-0.006443879567086697,82.3483,2.6,2.6,2.6,2.6,999.0,0.00684932,OF,/players/justin-crawford/31791/stats/batting,OF,26,26.0,NL,Justin Crawford,702222,31791,31791
SFG,Giants,1,3,3,1,1,0,0,0,0,0,0,0,1,0,0,0,,0,0,0.231522,0.28225,0.339281,0.621532,0.275673,0.0593421,0.283129,0.209594,0.107759,8.48896,0.316379,0.0,,0.288027,-0.111133,-0.00130375,0.0241921,0.0241921,0.00397963,-0.08132660947740078,0.010733289644122124,74.0168,2.6,2.6,2.6,2.6,999.0,0.0,2B/OF,/players/jonah-cox/33270/stats/batting,2B/OF,30,30.0,NL,Jonah Cox,813841,33270,33270
DET,Tigers,1,2,2,1,0,0,0,0,0,0,0,0,1,0,0,0,,0,0,0.239249,0.305319,0.384863,0.690182,0.304513,0.0775995,0.22913,0.33867,0.145614,5.14891,0.290131,0.0,,0.263164,-0.0234126,-0.0199555,-0.000292386,-0.000292386,0.00392143,-0.0209992945601698,-0.026128296740353107,92.6432,3.6,3.6,3.6,3.6,999.0,0.03361345,2B/3B,/players/hao-yu-lee/30080/stats/batting,2B/3B,6,6.0,AL,Hao-Yu Lee,701678,30080,30080
BAL,Orioles,1,2,2,1,0,0,0,0,0,0,0,0,1,0,0,0,,0,0,0.23409,0.269881,0.398308,0.668189,0.290109,0.0424072,0.250466,0.169313,0.164218,4.19695,0.279885,-0.000105434,,0.239203,-0.0524907,-0.0142155,-0.0013026,-0.00140804,0.0038489,-0.04271591012366116,-0.006653743330389261,85.5816,3.6,3.6,3.6,3.6,999.0,0.03496503,2B/OF,/players/jeremiah-jackson/22239/stats/batting,2B/OF,2,2.0,AL,Jeremiah Jackson,669236,22239,22239
ATL,Braves,1,2,3,1,0,0,0,0,0,0,0,0,1,0,0,0,,0,0,0.225748,0.308841,0.38596,0.694801,0.307644,0.0995492,0.24048,0.41396,0.160212,3.88639,0.272526,-8.49315e-05,,0.298136,-0.0191449,0.0126025,-0.00189362,-0.00197855,0.00380843,-0.02564910682849586,-0.02412585448473692,92.6671,3.6,3.6,3.6,3.6,656.0999755859375,0.02405498,OF,/players/mike-yastrzemski/14854/stats/batting,OF,16,16.0,NL,Mike Yastrzemski,573262,14854,14854
WSN,Nationals,0,2,2,0,0,0,0,0,0,0,0,0,0,0,0,0,,0,0,0.231037,0.320288,0.322211,0.642499,0.293238,0.0947963,0.149767,0.632957,0.0911739,3.72195,0.2637,-8.8e-05,,0.189454,-0.0357137,0.0139569,-0.0015215,-0.0016095,0.00374792,-0.04456922796089202,0.019512486178427935,81.2472,-2.0,,-2.0,,999.0,0.02702703,2B/3B,/players/jorbit-vivas/23917/stats/batting,2B/3B,24,24.0,NL,Jorbit Vivas,678391,23917,23917
LAA,Angels,1,3,4,1,1,0,0,0,0,0,0,0,1,0,0,0,,0,0,0.250029,0.315023,0.382428,0.697451,0.308916,0.071119,0.194242,0.366137,0.132399,3.5315,0.291353,0.000473846,,0.427066,-0.0232685,-0.0199691,-0.00137969,-0.000905848,0.00369765,-0.013176869542803615,-0.08509258553385735,97.2257,2.6,2.6,2.6,2.6,999.0,0.02419355,1B/2B,/players/vaughn-grissom/26031/stats/batting,1B/2B,1,1.0,AL,Vaughn Grissom,687093,26031,26031
SFG,Giants,1,2,3,1,0,0,0,0,0,0,0,0,1,0,0,0,,0,0,0.223613,0.274556,0.376476,0.651032,0.285874,0.0578661,0.288708,0.200432,0.152864,4.24151,0.283443,-5.74638e-05,,0.246973,-0.0651908,-0.000403004,0.00528016,0.0052227,0.0035834,-0.05557761853560805,0.00499823028803803,80.856,3.6,3.6,3.6,3.6,999.0,0.05555556,3B,/players/shay-whitcomb/27789/stats/batting,3B,30,30.0,NL,Shay Whitcomb,694376,27789,27789
MIL,Brewers,0,2,2,0,0,0,0,0,0,0,0,0,0,0,0,0,,0,0,0.232871,0.313298,0.328896,0.642194,0.290634,0.0947916,0.208567,0.454489,0.0960248,5.64738,0.288424,0.0,,0.193885,-0.0415172,0.018127,0.00333348,0.00333348,0.00354909,-0.03899886831641197,0.009176380932331085,82.3245,-2.0,,-2.0,,999.0,0.0,OF,/players/luis-lara/30675/stats/batting,OF,23,23.0,NL,Luis Lara,800325,30675,30675
SFG,Giants,1,3,3,1,0,0,0,0,0,0,0,0,1,0,0,0,,0,0,0.241745,0.302251,0.388612,0.690863,0.303781,0.0761738,0.244565,0.311466,0.146868,4.20057,0.300934,0.00063743,,0.327165,-0.0310553,-0.005475,-0.00111661,-0.000479182,0.00352991,-0.0264961359789595,-0.03726512473076582,92.8614,2.6,2.6,2.6,2.6,589.5399780273438,0.01626016,2B/3B,/players/marcelo-mayer/29668/stats/batting,2B/3B,30,30.0,NL,Marcelo Mayer,691785,29668,29668
TOR,Blue Jays,1,2,3,1,0,0,0,0,0,0,0,0,0,0,0,0,,0,0,0.237562,0.300583,0.321935,0.622518,0.280056,0.0807066,0.16548,0.487711,0.0843724,5.45743,0.279564,0.000718256,,0.223048,-0.0737639,0.0224536,0.00766149,0.00837974,0.00352527,-0.058939448557794094,0.004861032590270042,76.9076,3.6,3.6,3.6,3.6,999.0,0.00655738,OF,/players/myles-straw/17620/stats/batting,OF,14,14.0,AL,Myles Straw,664702,17620,17620
BOS,Red Sox,0,2,2,0,0,0,0,0,0,0,0,0,0,0,0,0,,0,0,0.242594,0.311393,0.363222,0.674615,0.300608,0.083305,0.218858,0.380635,0.120628,4.2142,0.297473,-3.09353e-05,,0.196211,-0.0238386,-0.00882572,-8.13424e-05,-0.000112278,0.0034976,-0.026131632897886448,-0.005276336567476392,87.9611,-2.0,,-2.0,,999.0,0.06857143,2B/3B/SS,/players/andruw-monasterio/19455/stats/batting,2B/3B/SS,3,3.0,AL,Andruw Monasterio,655316,19455,19455
TEX,Rangers,1,3,3,1,0,0,0,0,0,0,0,0,0,0,0,0,,0,0,0.233496,0.297721,0.297923,0.595644,0.27059,0.0734263,0.165427,0.443858,0.0644273,5.05743,0.278695,0.000404202,,0.228491,-0.104143,0.0147731,-0.000353856,5.0346e-05,0.00345716,-0.09180108211512561,0.02634722087532282,71.8854,2.6,2.6,2.6,2.6,999.0,0.0,2B/SS,/players/nicky-lopez/19339/stats/batting,2B/SS,13,13.0,AL,Nicky Lopez,670032,19339,19339
NYY,Yankees,0,1,1,0,0,0,0,0,0,0,0,0,0,0,0,0,,0,0,0.256734,0.303046,0.399534,0.702581,0.307152,0.0577116,0.203043,0.284233,0.1428,5.51707,0.300332,0.00125037,,0.153327,-0.0104313,-0.0160624,0.00128329,0.00253366,0.00333749,-0.005032371962442994,-0.011124164797365665,95.2959,-1.0,,-1.0,,999.0,0.05839416,SS,/players/amed-rosario/15518/stats/batting,SS,9,9.0,AL,Amed Rosario,642708,15518,15518
STL,Cardinals,0,1,2,0,0,0,0,0,0,0,0,0,0,0,0,0,,0,0,0.239289,0.307824,0.419877,0.7277,0.318156,0.0787266,0.294435,0.267382,0.180588,4.85604,0.309327,-0.000222,,0.191497,0.00215145,-0.00549347,-9.89665e-05,-0.000320967,0.0033116,0.002506592631107196,-0.022005810867995024,101.468,-1.0,,-1.0,,999.0,0.08196721,OF,/players/everson-pereira/23695/stats/batting,OF,28,28.0,NL,Everson Pereira,677592,23695,23695
TBR,Rays,0,1,1,0,0,0,0,0,0,0,0,0,0,0,0,0,,0,0,0.236389,0.292303,0.349399,0.641702,0.285504,0.0561349,0.161966,0.346584,0.11301,3.20912,0.266574,0.000230233,,0.132836,-0.0356009,-0.0108498,-0.00147483,-0.0012446,0.00328681,-0.03498077881522477,0.01692793145775795,79.6075,-1.0,,-1.0,,999.0,0.02487562,C,/players/nick-fortes/21538/stats/batting,C,12,12.0,AL,Nick Fortes,663743,21538,21538
TBR,Rays,0,1,2,0,0,0,0,0,0,0,0,0,0,0,0,0,,0,0,0.245345,0.311856,0.395297,0.707152,0.311115,0.0796561,0.238485,0.334009,0.149951,5.32904,0.304172,-3.12048e-05,,0.182403,-0.00694214,-0.0047396,-0.00109186,-0.00112307,0.00327243,-0.005968967569060624,-0.018474170938134193,97.3943,-1.0,,-1.0,,999.0,0.02970297,OF,/players/ryan-vilade/22165/stats/batting,OF,12,12.0,AL,Ryan Vilade,668723,22165,22165
MIL,Brewers,1,3,3,1,0,0,0,0,0,0,0,0,1,0,0,0,,0,0,0.220931,0.289369,0.34275,0.632119,0.282042,0.084352,0.2432,0.346842,0.121819,7.38471,0.277241,0.000629032,,0.254472,-0.0781611,-0.0156024,0.0230504,0.0236795,0.00326289,-0.05563344620168209,-0.0037196679040789604,76.5637,2.6,2.6,2.6,2.6,743.3300170898438,0.01826484,2B/3B/SS,/players/david-hamilton/27531/stats/batting,2B/3B/SS,23,23.0,NL,David Hamilton,666152,27531,27531
BAL,Orioles,0,2,2,0,0,0,0,0,0,0,0,0,1,0,0,0,,0,0,0.208547,0.272787,0.364792,0.637579,0.281754,0.0631511,0.321282,0.19656,0.156245,5.46601,0.279888,-4.28571e-06,,0.175722,-0.0545628,-0.00100324,0.00168752,0.00168323,0.00325245,-0.044051067903637886,0.007175768027082086,79.7797,-2.0,,-2.0,,999.0,0.0,SS,/players/jose-barrero/23378/stats/batting,SS,2,2.0,AL,José Barrero,676480,23378,23378
NYM,Mets,1,3,3,1,0,0,0,0,0,0,0,0,1,0,0,0,,0,0,0.242562,0.301409,0.438008,0.739417,0.320602,0.0705656,0.254164,0.277638,0.195446,2.64043,0.285096,-0.00165855,,0.336702,0.00918599,-0.0132,-0.00288206,-0.00454062,0.00324839,0.006962649058550596,-0.0650518536567688,103.452,2.6,2.6,2.6,2.6,652.5700073242188,0.28571429,3B/DH,/players/mark-vientos/22184/stats/batting,3B/DH,25,25.0,NL,Mark Vientos,668901,22184,22184
CHW,White Sox,0,1,1,0,0,0,0,0,0,0,0,0,0,0,0,0,,0,0,0.21616,0.29428,0.370651,0.664931,0.295073,0.0929584,0.277834,0.334582,0.154491,3.6632,0.274554,-9.19118e-05,,0.099882,-0.017088,-0.00692501,-0.000642678,-0.000734589,0.00324248,-0.015471231483388692,0.012365116272121668,87.1727,-1.0,,-1.0,,999.0,0.00943396,C,/players/jake-rogers/19452/stats/batting,C,4,4.0,AL,Jake Rogers,668670,19452,19452
SDP,Padres,1,2,3,1,0,0,0,0,0,0,0,0,1,0,0,0,,0,0,0.230883,0.298342,0.345713,0.644055,0.287843,0.0776217,0.21358,0.363432,0.11483,6.03572,0.279619,-1.84127e-05,,0.238812,-0.0579995,0.0161372,0.00931423,0.00929581,0.00314592,-0.040560971945524216,-0.010097390040755272,83.4897,3.6,3.6,3.6,3.6,999.0,0.03174603,OF,/players/dustin-harris/25705/stats/batting,OF,29,29.0,NL,Dustin Harris,687957,25705,25705
PIT,Pirates,1,2,2,1,0,0,0,0,0,0,0,0,1,0,0,0,,0,0,0.236971,0.309986,0.382473,0.692458,0.306453,0.0911373,0.278254,0.327533,0.145501,2.37408,0.309788,-7.94231e-05,,0.261235,-0.0192006,-0.0416203,-0.00295767,-0.0030371,0.00313126,-0.03446591645479202,-0.011836392804980278,88.9845,3.6,3.6,3.6,3.6,999.0,0.0,C/1B,/players/rafael-flores/31991/stats/batting,C/1B,27,27.0,NL,Rafael Flores Jr.,804668,31991,31991
CHC,Cubs,0,2,2,0,0,0,0,0,0,0,0,0,1,0,0,0,,0,0,0.228995,0.317508,0.395488,0.712996,0.315689,0.102026,0.250508,0.407276,0.166493,2.80296,0.278749,-0.000218867,,0.249383,-0.00137174,0.00073781,-0.00178766,-0.00200652,0.00312056,-0.0014888732694089413,-0.03676218818873167,100.203,-2.0,,-2.0,,999.0,0.22707424,OF,/players/michael-conforto/16376/stats/batting,OF,17,17.0,NL,Michael Conforto,624424,16376,16376
COL,Rockies,1,3,4,1,1,0,0,0,0,0,0,0,1,0,0,0,,0,0,0.262399,0.339904,0.396877,0.736781,0.327014,0.093451,0.172019,0.543258,0.134478,1.98841,0.299641,-0.000327826,,0.477174,0.0319572,0.0136958,-0.0054273,-0.00575513,0.00311855,-0.036114498507231474,-0.05559433251619339,93.2976,2.6,2.6,2.6,2.6,999.0,0.07333333,1B,/players/tj-rumfield/29805/stats/batting,1B,19,19.0,NL,TJ Rumfield,681198,29805,29805
TOR,Blue Jays,0,1,1,0,0,0,0,0,0,0,0,0,0,0,0,0,,0,0,0.233976,0.312197,0.415851,0.728048,0.319292,0.0935267,0.216094,0.432807,0.181875,2.74033,0.264139,-0.000371688,,0.140811,0.00264007,0.00464881,-0.00143963,-0.00181132,0.0030402,0.0038288814248517156,-0.015258600935339928,104.156,-1.0,,-1.0,,748.4199829101562,0.54545455,OF,/players/anthony-santander/14551/stats/batting,OF,14,14.0,AL,Anthony Santander,623993,14551,14551
DET,Tigers,0,1,2,0,0,0,0,0,0,0,0,0,0,0,0,0,,0,0,0.233826,0.306797,0.360247,0.667043,0.296996,0.0879831,0.194578,0.452174,0.126421,6.5742,0.278808,0.000896338,,0.164168,-0.0251776,0.0123905,0.000400785,0.00129712,0.00302926,-0.022092805011197925,-0.0047391727566719055,87.4227,-1.0,,-1.0,,510.30999755859375,0.00884956,3B/OF,/players/zach-mckinstry/19392/stats/batting,3B/OF,6,6.0,AL,Zach McKinstry,656716,19392,19392
ATH,Athletics,1,3,3,1,0,0,0,0,0,0,0,0,1,0,0,0,,0,0,0.240485,0.306716,0.397498,0.704214,0.30967,0.083064,0.199177,0.417036,0.157014,3.20669,0.274939,-0.000296324,,0.317158,-0.0154757,0.00719495,-0.00296201,-0.00325834,0.0030258,-0.040003685280680656,-0.02968776971101761,88.7527,2.6,2.6,2.6,2.6,999.0,0.175,OF,/players/carlos-cortes/21842/stats/batting,OF,10,10.0,AL,Carlos Cortes,666126,21842,21842
CIN,Reds,1,3,3,1,0,0,0,0,0,0,0,0,1,0,0,0,,0,0,0.252512,0.289247,0.429256,0.718502,0.310417,0.0461211,0.222134,0.207627,0.176744,4.83665,0.292235,-9.79866e-06,,0.358096,-0.0154772,-0.00439099,-0.00256849,-0.00257829,0.00298651,-0.030192671809345484,-0.04312556190416217,92.7344,2.6,2.6,2.6,2.6,999.0,0.05128205,OF,/players/hector-rodriguez/29189/stats/batting,OF,18,18.0,NL,Héctor Rodríguez,699302,29189,29189
CHW,White Sox,0,1,1,0,0,0,0,0,0,0,0,0,0,0,0,0,,0,0,0.249761,0.297351,0.429584,0.726935,0.315031,0.0574963,0.214207,0.268414,0.179823,3.22012,0.285201,9.50365e-05,,0.157062,-0.00157904,0.00380704,-0.00157991,-0.00148487,0.00294892,0.00012515345588326454,-0.018569501116871834,101.033,-1.0,,-1.0,,999.0,0.44230769,OF,/players/randal-grichuk/10243/stats/batting,OF,4,4.0,AL,Randal Grichuk,545341,10243,10243
LAA,Angels,0,1,2,0,0,0,0,0,0,0,0,0,0,0,0,0,,0,0,0.219421,0.282508,0.372537,0.655045,0.289286,0.0677303,0.271984,0.249023,0.153116,2.43466,0.27377,-0.0010588,,0.144803,-0.0329918,-0.0225549,-0.00129552,-0.00235432,0.00294188,-0.03100426192395389,0.0067661236971616745,83.5935,-1.0,,-1.0,,999.0,0.04444444,C,/players/travis-darnaud/7739/stats/batting,C,1,1.0,AL,Travis d'Arnaud,518595,7739,7739
ARI,Diamondbacks,1,3,3,1,0,0,0,0,0,0,0,0,1,0,0,0,,0,0,0.230412,0.29367,0.39243,0.6861,0.301277,0.0782356,0.242835,0.322176,0.162018,4.95117,0.277434,-1.60417e-05,,0.353153,-0.0408902,0.0108432,-0.000743451,-0.000759493,0.00288848,-0.048311273742001504,-0.031595055013895035,88.1387,2.6,2.6,2.6,2.6,748.489990234375,0.02475248,1B/OF,/players/tim-tawa/29571/stats/batting,1B/OF,15,15.0,NL,Tim Tawa,694374,29571,29571
BAL,Orioles,0,2,2,0,0,0,0,0,0,0,0,0,0,0,0,0,,0,0,0.239057,0.297673,0.37697,0.674643,0.297391,0.0760771,0.231242,0.328993,0.137912,6.06666,0.293459,6.31214e-05,,0.186931,-0.0280015,-0.00675017,0.00343312,0.00349624,0.00284525,-0.016265309182927012,-0.0200217729434371,90.6388,-2.0,,-2.0,,999.0,0.0,OF,/players/leody-taveras/18900/stats/batting,OF,2,2.0,AL,Leody Taveras,665750,18900,18900
KCR,Royals,0,1,2,0,0,0,0,0,0,0,0,0,0,0,0,0,,0,0,0.240574,0.317908,0.363785,0.681693,0.30461,0.0908419,0.160473,0.566088,0.123211,4.4249,0.271797,-7.39437e-05,,0.164595,-0.0145149,0.0044421,-0.000212361,-0.000286305,0.00284099,-0.017255967162782326,-0.00836654333397746,90.3536,-1.0,,-1.0,,999.0,0.0097561,2B/3B,/players/nick-loftin/27630/stats/batting,2B/3B,7,7.0,AL,Nick Loftin,679845,27630,27630
BOS,Red Sox,0,1,1,0,0,0,0,0,0,0,0,0,0,0,0,0,,0,0,0.251441,0.306118,0.331132,0.63725,0.285745,0.0639398,0.172033,0.371672,0.0796906,5.33065,0.29852,0.000474251,,0.133459,-0.0354163,0.0034249,0.00302359,0.00349784,0.00280531,-0.03359209606423974,0.010677990969270468,77.6385,-1.0,,-1.0,,746.1500244140625,0.00469484,SS,/players/isiah-kiner-falefa/16512/stats/batting,SS,3,3.0,AL,Isiah Kiner-Falefa,643396,16512,16512
WSN,Nationals,1,2,2,0,0,0,0,0,0,0,0,0,1,0,0,0,,0,0,0.241859,0.311495,0.423431,0.734926,0.321079,0.0830441,0.231656,0.35848,0.181572,2.37762,0.28176,-0.000433793,,0.269159,0.00816918,0.00543469,-0.00254345,-0.00297724,0.00279898,-0.0032068610307760537,-0.0410159220919013,99.9135,-2.0,-2.0,-2.0,-2.0,999.0,0.20869565,1B/DH,/players/andres-chaparro/21797/stats/batting,1B/DH,24,24.0,NL,Andrés Chaparro,665953,21797,21797
SDP,Padres,0,2,2,0,0,0,0,0,0,0,0,0,0,0,0,0,,0,0,0.222214,0.282609,0.342003,0.624612,0.277852,0.0754221,0.222506,0.338967,0.119789,4.48484,0.269177,0.0,,0.166686,-0.0596515,-0.0097471,-0.00121379,-0.00121379,0.00279155,-0.054655909654684365,0.01988252718001604,76.792,-2.0,,-2.0,,999.0,0.33333333,C/DH,/players/ethan-salas/32051/stats/batting,C/DH,29,29.0,NL,Ethan Salas,806956,32051,32051
TOR,Blue Jays,0,1,1,0,0,0,0,0,0,0,0,0,0,0,0,0,,0,0,0.238904,0.302483,0.392073,0.694555,0.30563,0.0776696,0.261835,0.296636,0.153169,5.23612,0.300572,0.0,,0.161104,-0.0128892,-0.0118851,0.00160541,0.00160541,0.00275412,-0.007505823392421007,-0.017440627794712782,94.6684,-1.0,,-1.0,,999.0,0.0,1B/2B,/players/charles-mcadoo/33323/stats/batting,1B/2B,14,14.0,AL,Charles McAdoo,807727,33323,33323
BAL,Orioles,0,1,1,0,0,0,0,0,0,0,0,0,0,0,0,0,,0,0,0.247281,0.270687,0.384061,0.654748,0.284469,0.0294883,0.167044,0.17653,0.13678,2.64114,0.272088,-0.000472381,,0.117019,-0.0327026,-0.0140816,-0.000873007,-0.00134539,0.00275351,-0.028308077715337276,0.010609726421535015,81.6646,-1.0,,-1.0,,999.0,0.10344828,C,/players/yohel-pozo/18848/stats/batting,C,2,2.0,AL,Yohel Pozo,650968,18848,18848
PIT,Pirates,0,1,1,0,0,0,0,0,0,0,0,0,0,0,0,0,,0,0,0.238865,0.314941,0.342124,0.657065,0.295639,0.0932671,0.214988,0.433825,0.10326,4.83241,0.29648,-0.000210959,,0.131688,-0.0218355,0.00601274,0.00255682,0.00234586,0.00274385,-0.026183867594227195,0.01095101609826088,81.7344,-1.0,,-1.0,,735.5399780273438,0.00790514,3B/SS,/players/jared-triolo/25807/stats/batting,3B/SS,27,27.0,NL,Jared Triolo,669707,25807,25807
MIN,Twins,0,1,1,0,0,0,0,0,0,0,0,0,0,0,0,0,,0,0,0.220313,0.303051,0.365886,0.668937,0.298188,0.0953539,0.284016,0.335734,0.145573,5.53847,0.291777,2.5935e-05,,0.129878,-0.0185275,-0.00793875,-0.000233397,-0.000207462,0.00274085,-0.01674379657197278,-0.0006856597028672695,88.6551,-1.0,,-1.0,,999.0,0.0,SS,/players/ryan-kreidler/25867/stats/batting,SS,8,8.0,AL,Ryan Kreidler,668952,25867,25867
SEA,Mariners,0,1,2,0,0,0,0,0,0,0,0,0,0,0,0,0,,0,0,0.222918,0.303433,0.366922,0.670355,0.29897,0.0703219,0.249101,0.282303,0.144004,4.88807,0.27642,0.0,,0.175729,-0.0238515,-0.0112204,-0.00100019,-0.00100019,0.00261426,-0.008395579410716891,-0.02557225711643696,96.2273,-1.0,,-1.0,,999.0,0.15384615,2B,/players/michael-arroyo/30384/stats/batting,2B,11,11.0,AL,Michael Arroyo,703197,30384,30384
DET,Tigers,0,1,1,0,0,0,0,0,0,0,0,0,0,0,0,0,,0,0,0.226195,0.316508,0.3888,0.705308,0.312714,0.113952,0.254923,0.447005,0.162604,2.58154,0.27921,1.55705e-05,,0.144583,-0.00382296,-0.003591,-0.00163533,-0.00161976,0.00252852,-0.004041552194394171,-0.015473715495318174,98.3385,-1.0,,-1.0,,999.0,0.125,3B,/players/jace-jung/31437/stats/batting,3B,6,6.0,AL,Jace Jung,690291,31437,31437
CLE,Guardians,0,1,1,0,0,0,0,0,0,0,0,0,0,0,0,0,,0,0,0.217872,0.295464,0.345907,0.641371,0.287167,0.0971885,0.259375,0.374703,0.128035,4.32066,0.278349,-0.000247561,,0.118722,-0.0296834,0.00788586,0.000595402,0.000347841,0.00250895,-0.02620452648261562,0.006496972171589732,81.7835,-1.0,,-1.0,,999.0,0.00796813,2B/OF,/players/daniel-schneemann/25180/stats/batting,2B/OF,5,5.0,AL,Daniel Schneemann,682177,25180,25180
LAD,Dodgers,0,1,1,0,0,0,0,0,0,0,0,0,0,0,0,0,,0,0,0.239887,0.294967,0.345007,0.639974,0.284944,0.0662426,0.14012,0.472756,0.105119,3.45022,0.265311,-0.000130889,,0.124504,-0.0341365,0.011911,-0.000321759,-0.000452648,0.00250212,-0.036326030851341784,0.017312262672930956,77.7736,-1.0,,-1.0,,999.0,0.01401869,SS,/players/miguel-rojas/7802/stats/batting,SS,22,22.0,NL,Miguel Rojas,500743,7802,7802
SEA,Mariners,0,1,1,0,0,0,0,0,0,0,0,0,0,0,0,0,,0,0,0.209757,0.285816,0.360285,0.6461,0.287097,0.0918175,0.30036,0.305692,0.150528,4.77345,0.273466,-8.32174e-05,,0.135017,-0.0338583,-0.0135083,0.00185323,0.00177001,0.00243218,-0.018163889064453542,-0.008415727410465479,87.9819,-1.0,,-1.0,,999.0,0.032,3B/OF,/players/weston-wilson/19358/stats/batting,3B/OF,11,11.0,AL,Weston Wilson,642215,19358,19358
KCR,Royals,0,1,2,0,0,0,0,0,0,0,0,0,0,0,0,0,,0,0,0.226112,0.286078,0.323813,0.60989,0.273229,0.0672947,0.235038,0.286314,0.0977002,7.57112,0.28913,-0.000225548,,0.137079,-0.057384,0.0022085,0.019764,0.0195385,0.0024258,-0.040510620921850204,0.0062208459712564945,68.5601,-1.0,,-1.0,,999.0,0.03521127,OF,/players/tyler-tolbert/25779/stats/batting,OF,7,7.0,AL,Tyler Tolbert,686475,25779,25779
CHC,Cubs,0,1,1,0,0,0,0,0,0,0,0,0,0,0,0,0,,0,0,0.240055,0.294051,0.395099,0.68915,0.301733,0.0568925,0.209752,0.271237,0.155044,5.42453,0.279952,0.000471288,,0.105853,-0.0118484,0.00953901,0.00109752,0.00156881,0.0024119,-0.009392713429406285,0.0007427120581269264,90.8462,-1.0,,-1.0,,999.0,0.02941176,OF,/players/tyrone-taylor/13675/stats/batting,OF,17,17.0,NL,Tyrone Taylor,621438,13675,13675
WSN,Nationals,0,1,1,0,0,0,0,0,0,0,0,0,0,0,0,0,,0,0,0.212717,0.320621,0.32736,0.647982,0.296462,0.121794,0.247162,0.49277,0.114643,3.35722,0.272508,0.0,,0.149465,-0.0236502,-0.0226469,-0.000584885,-0.000584885,0.00240928,-0.029806071252096444,0.005902515724301338,83.409,-1.0,,-1.0,,725.52001953125,0.04878049,C,/players/harry-ford/29958/stats/batting,C,24,24.0,NL,Harry Ford,695670,29958,29958
DET,Tigers,0,1,1,0,0,0,0,0,0,0,0,0,0,0,0,0,,0,0,0.247255,0.306878,0.449809,0.756687,0.327427,0.0669039,0.247178,0.270671,0.202554,3.94069,0.288763,-0.000164545,,0.109983,0.00763472,-0.000196877,-0.00124099,-0.00140554,0.00238103,0.007195505779236555,-0.014394407364306971,108.556,-1.0,,-1.0,,236.22000122070312,0.37864078,DH/OF,/players/kerry-carpenter/25961/stats/batting,DH/OF,6,6.0,AL,Kerry Carpenter,681481,25961,25961
BOS,Red Sox,1,3,3,1,0,0,0,0,0,0,0,0,1,0,0,0,,0,0,0.234082,0.320906,0.333108,0.654014,0.296533,0.108433,0.210667,0.514713,0.0990266,3.73472,0.291483,-0.000289259,,0.313877,-0.0494615,-0.0133539,-0.00231463,-0.00260389,0.00237885,-0.05566620943136513,-0.029557636938989162,85.1308,2.6,2.6,2.6,2.6,999.0,0.00884956,1B/2B,/players/nick-sogard/25483/stats/batting,1B/2B,3,3.0,AL,Nick Sogard,686765,25483,25483
TEX,Rangers,1,2,2,1,0,0,0,0,0,0,0,0,1,0,0,0,,0,0,0.223239,0.276391,0.355471,0.631862,0.279236,0.0617251,0.241973,0.255091,0.132232,2.3816,0.271932,-0.000456126,,0.218769,-0.074533,-0.0112946,-0.00268519,-0.00314131,0.00236822,-0.06683621346019208,0.0024400129914283752,77.8894,3.6,3.6,3.6,3.6,999.0,0.04761905,C,/players/elias-diaz/11680/stats/batting,C,13,13.0,AL,Elias Díaz,553869,11680,11680
BOS,Red Sox,0,1,1,0,0,0,0,0,0,0,0,0,0,0,0,0,,0,0,0.243323,0.305524,0.37222,0.677744,0.300409,0.0707367,0.241218,0.293248,0.128897,4.07202,0.306163,-0.000346456,,0.141629,-0.0174499,-0.0302265,-0.000963108,-0.00130956,0.00236335,-0.020336001180112362,-0.003991937264800072,87.8226,-1.0,,-1.0,,999.0,0.02898551,C,/players/connor-wong/19896/stats/batting,C,3,3.0,AL,Connor Wong,657136,19896,19896
CHW,White Sox,0,1,1,0,0,0,0,0,0,0,0,0,0,0,0,0,,0,0,0.246741,0.290801,0.343548,0.634349,0.28126,0.056987,0.198017,0.287789,0.0968069,5.99687,0.297236,0.000459912,,0.11663,-0.0368932,-0.00663671,0.00603202,0.00649193,0.00231429,-0.027315052691847086,0.004165755584836006,77.5796,-1.0,,-1.0,,395.510009765625,0.02,2B/SS,/players/luisangel-acuna/26548/stats/batting,2B/SS,4,4.0,AL,Luisangel Acuña,682668,26548,26548
BAL,Orioles,0,1,1,0,0,0,0,0,0,0,0,0,0,0,0,0,,0,0,0.233932,0.308464,0.370293,0.678757,0.302074,0.0786894,0.274964,0.286181,0.136361,5.15071,0.307652,7.90751e-05,,0.0830561,-0.00905779,-0.00270451,-0.000349252,-0.000270177,0.00228269,-0.005796548823127523,0.0006905519403517246,93.8916,-1.0,,-1.0,,745.9099731445312,0.00534759,3B,/players/blaze-alexander/23789/stats/batting,3B,2,2.0,AL,Blaze Alexander,677942,23789,23789
HOU,Astros,0,1,1,0,0,0,0,0,0,0,0,0,0,0,0,0,,0,0,0.231437,0.293721,0.314217,0.607938,0.274084,0.0762071,0.197467,0.385924,0.08278,3.97774,0.282473,3.87952e-05,,0.101842,-0.0414467,0.0106741,-0.000558277,-0.000519482,0.00222196,-0.03784433496184647,0.016846947371959686,73.4784,-1.0,,-1.0,,999.0,0.00440529,SS,/players/nick-allen/22277/stats/batting,SS,21,21.0,AL,Nick Allen,669397,22277,22277
CLE,Guardians,0,2,2,0,0,0,0,0,0,0,0,0,0,0,0,0,,0,0,0.241369,0.290963,0.388123,0.679086,0.297502,0.0563387,0.210551,0.267577,0.146755,5.08868,0.284203,0.000634526,,0.196003,-0.0291644,-0.000498135,-0.000337462,0.000297064,0.00220838,-0.02411676530027762,-0.021485789329744875,88.9607,-2.0,,-2.0,,748.5800170898438,0.0,OF,/players/angel-martinez/26540/stats/batting,OF,5,5.0,AL,Angel Martínez,682657,26540,26540
SDP,Padres,0,1,1,0,0,0,0,0,0,0,0,0,0,0,0,0,,0,0,0.220232,0.291214,0.32479,0.616004,0.277277,0.0862915,0.237508,0.363321,0.104558,4.9616,0.277451,-0.00024645,,0.116208,-0.0424328,0.00790165,0.0017519,0.00150545,0.00216288,-0.036575207370333374,0.01422881055623293,76.4061,-1.0,,-1.0,,999.0,0.01408451,2B/SS,/players/sung-mun-song/37122/stats/batting,2B/SS,29,29.0,NL,Sung-Mun Song,823550,37122,37122
PHI,Phillies,0,1,1,0,0,0,0,0,0,0,0,0,0,0,0,0,,0,0,0.232231,0.284544,0.38465,0.669194,0.293474,0.0605562,0.291574,0.207687,0.152419,6.60599,0.303392,5.36134e-05,,0.125106,-0.0232996,0.00709465,0.00370742,0.00376104,0.00214081,-0.02638235967606306,0.006631682743318379,80.0358,-1.0,,-1.0,,999.0,0.02234637,OF,/players/derek-hill/16947/stats/batting,OF,26,26.0,NL,Derek Hill,656537,16947,16947
HOU,Astros,0,1,1,0,0,0,0,0,0,0,0,0,0,0,0,0,,0,0,0.214706,0.28606,0.32276,0.60882,0.273855,0.0842865,0.2424,0.347717,0.108054,4.50333,0.273769,-3e-05,,0.101618,-0.0416704,0.0127606,-0.000719445,-0.000749445,0.00213682,-0.038298068509902805,0.01646428811363876,73.3194,-1.0,,-1.0,,999.0,0.00729927,OF,/players/jorge-barrosa/23968/stats/batting,OF,21,21.0,AL,Jorge Barrosa,678489,23968,23968
BAL,Orioles,0,1,1,0,0,0,0,0,0,0,0,0,0,0,0,0,,0,0,0.227252,0.281086,0.410572,0.691658,0.300762,0.0605079,0.327487,0.184764,0.18332,6.10291,0.306573,1.56716e-05,,0.137052,-0.0164711,-0.00263335,0.00131923,0.0013349,0.00211008,-0.009250519680790603,-0.01590495929121971,92.9799,-1.0,,-1.0,,999.0,0.02564103,OF,/players/rece-hinds/27493/stats/batting,OF,2,2.0,AL,Rece Hinds,677956,27493,27493
NYM,Mets,0,1,2,0,0,0,0,0,0,0,0,0,0,0,0,0,,0,0,0.227046,0.296186,0.321636,0.617822,0.278783,0.0761533,0.25664,0.296732,0.0945905,5.98801,0.299012,0.0,,0.140645,-0.0486999,0.0228705,0.00659143,0.00659143,0.00210788,-0.04076882125809789,0.009444545954465866,75.415,-1.0,,-1.0,,999.0,0.15789474,OF,/players/nick-morabito/32119/stats/batting,OF,25,25.0,NL,Nick Morabito,703492,32119,32119
SDP,Padres,0,1,1,0,0,0,0,0,0,0,0,0,0,0,0,0,,0,0,0.23041,0.291361,0.341411,0.632771,0.282432,0.0735227,0.208089,0.353323,0.111001,2.69911,0.275214,9.54e-05,,0.0646531,-0.0195653,0.00160611,-0.000780309,-0.000684909,0.00210695,-0.01793976651970297,0.015495001571252942,79.8621,-1.0,,-1.0,,735.3099975585938,0.02970297,C,/players/freddy-fermin/21840/stats/batting,C,29,29.0,NL,Freddy Fermin,666023,21840,21840
STL,Cardinals,1,3,3,1,0,0,0,0,0,0,0,0,0,0,0,0,,0,0,0.242393,0.292195,0.350475,0.64267,0.285152,0.0568346,0.165892,0.3426,0.108082,4.43905,0.275599,-2.25434e-05,,0.261528,-0.0711051,-0.0105055,-0.000767868,-0.000790411,0.00205874,-0.07070772466249764,-0.0004746755585074425,79.3401,2.6,2.6,2.6,2.6,999.0,0.0,OF,/players/nathan-church/31357/stats/batting,OF,28,28.0,NL,Nathan Church,701675,31357,31357
ATL,Braves,0,1,1,0,0,0,0,0,0,0,0,0,0,0,0,0,,0,0,0.226371,0.300358,0.396295,0.696653,0.306786,0.0783934,0.307739,0.25474,0.169924,6.75024,0.300739,-1.13208e-05,,0.0955737,-0.00677504,0.00211114,0.00498756,0.00497624,0.00205496,-0.0032587023451924324,-0.004678984172642231,92.0916,-1.0,,-1.0,,999.0,0.0,OF,/players/brewer-hicklen/20450/stats/batting,OF,16,16.0,NL,Brewer Hicklen,676551,20450,20450
CIN,Reds,0,2,2,0,0,0,0,0,0,0,0,0,0,0,0,0,,0,0,0.231941,0.278385,0.341892,0.620277,0.274749,0.0567817,0.176336,0.322009,0.109951,2.55237,0.264613,-0.00056,,0.153945,-0.0612794,-0.00424098,-0.00183007,-0.00239007,0.00200881,-0.07066205609589815,0.031252844259142876,68.8211,-2.0,,-2.0,,999.0,0.00680272,C,/players/jose-trevino/16725/stats/batting,C,18,18.0,NL,Jose Trevino,624431,16725,16725
ATH,Athletics,0,2,2,0,0,0,0,0,0,0,0,0,0,0,0,0,,0,0,0.255791,0.293488,0.353182,0.64667,0.28579,0.0407099,0.151417,0.268859,0.097391,4.56237,0.291336,0.0,,0.165877,-0.0439375,0.00739054,8.933e-05,8.933e-05,0.00195057,-0.05726441612205235,0.013717704452574253,72.1685,-2.0,,-2.0,,999.0,0.0,2B/3B,/players/joshua-kuroda-grauer/35121/stats/batting,2B/3B,10,10.0,AL,Joshua Kuroda-Grauer,811965,35121,35121
STL,Cardinals,1,2,2,0,0,0,0,0,0,0,0,0,0,0,0,0,,0,0,0.240105,0.321047,0.350305,0.671352,0.302018,0.0922779,0.13895,0.66411,0.1102,4.10671,0.26583,-0.000111972,,0.24445,-0.0267741,-0.0259289,0.00188339,0.00177142,0.00191971,-0.024034247850067914,-0.03163882624357939,90.6482,-2.0,-2.0,-2.0,-2.0,999.0,0.01863354,2B/3B/OF,/players/jose-fermin/21746/stats/batting,2B/3B/OF,28,28.0,NL,José Fermín,665877,21746,21746
ATH,Athletics,1,3,3,1,1,0,0,0,0,0,0,0,0,0,0,0,,0,0,0.255286,0.319221,0.365498,0.68472,0.304971,0.0723069,0.129986,0.556267,0.110212,4.33663,0.281529,-0.00347565,,0.363079,-0.0309633,-0.00472387,0.00164288,-0.00183277,0.00191254,-0.0579924201592803,-0.04098929604515433,85.4892,2.6,2.6,2.6,2.6,440.5199890136719,0.04745763,2B/OF,/players/jeff-mcneil/15362/stats/batting,2B/OF,10,10.0,AL,Jeff McNeil,643446,15362,15362
WSN,Nationals,0,1,1,0,0,0,0,0,0,0,0,0,0,0,0,0,,0,0,0.248345,0.306516,0.384651,0.691167,0.3047,0.072943,0.26348,0.276844,0.136306,5.14138,0.322603,-4.81395e-05,,0.108236,-0.00946556,-0.00265774,-0.000224826,-0.000272965,0.00191204,-0.013526222028303891,-3.428012132644653e-05,88.9324,-1.0,,-1.0,,999.0,0.37748344,3B/DH,/players/jose-tena/23691/stats/batting,3B/DH,24,24.0,NL,José Tena,677588,23691,23691
CHW,White Sox,1,3,3,1,0,0,0,0,0,0,0,0,1,0,0,0,,0,0,0.245513,0.310633,0.393174,0.703807,0.309898,0.0838592,0.199923,0.419457,0.14766,3.18622,0.283371,-0.000864,,0.337225,-0.0158783,-5.14286e-05,-0.00325211,-0.00411611,0.00190016,-0.012896215543150902,-0.07397117932123365,97.4683,2.6,2.6,2.6,2.6,735.8099975585938,0.67346939,OF,/players/andrew-benintendi/17901/stats/batting,OF,4,4.0,AL,Andrew Benintendi,643217,17901,17901
NYY,Yankees,0,1,1,0,0,0,0,0,0,0,0,0,0,0,0,0,,0,0,0.220375,0.277097,0.332703,0.6098,0.271852,0.0674439,0.245259,0.27499,0.112328,2.25746,0.274162,-3.11111e-05,,0.068338,-0.0299168,0.00171244,-0.00102438,-0.00105549,0.00183525,-0.029253105749376118,0.017916139215230942,70.7807,-1.0,,-1.0,,999.0,0.0,C,/players/ali-sanchez/18551/stats/batting,C,9,9.0,AL,Ali Sánchez,645305,18551,18551
DET,Tigers,0,1,1,0,0,0,0,0,0,0,0,0,0,0,0,0,,0,0,0.234228,0.295831,0.378838,0.674669,0.297746,0.0650723,0.268609,0.242257,0.14461,5.97491,0.300746,0.0,,0.151747,-0.0222459,-0.00134539,0.00217555,0.00217555,0.00180411,-0.01842755381949246,-0.015851567732170224,87.9437,-1.0,,-1.0,,999.0,0.12121212,OF,/players/brett-callahan/33514/stats/batting,OF,6,6.0,AL,Brett Callahan,814430,33514,33514
BOS,Red Sox,0,1,1,0,0,0,0,0,0,0,0,0,0,0,0,0,,0,0,0.256677,0.309815,0.42022,0.730035,0.318244,0.0650716,0.245338,0.265233,0.163543,5.17131,0.31588,-0.000286351,,0.134645,0.0015915,-0.0121855,-0.000221295,-0.000507646,0.00177831,-0.0002347514673601836,-0.022062010131776333,100.209,-1.0,,-1.0,,999.0,0.104,1B/2B,/players/romy-gonzalez/21562/stats/batting,1B/2B,3,3.0,AL,Romy Gonzalez,663853,21562,21562
SEA,Mariners,0,1,1,0,0,0,0,0,0,0,0,0,0,0,0,0,,0,0,0.227762,0.299777,0.317989,0.617766,0.279455,0.088576,0.226996,0.39021,0.0902267,2.52133,0.287532,-2.82353e-05,,0.069937,-0.023639,-0.00930865,-0.000814118,-0.000842353,0.00176362,-0.016765696578659117,0.006123444996774197,82.6747,-1.0,,-1.0,,999.0,0.0,C,/players/jhonny-pereda/19802/stats/batting,C,11,11.0,AL,Jhonny Pereda,640902,19802,19802
TBR,Rays,0,1,1,0,0,0,0,0,0,0,0,0,0,0,0,0,,0,0,0.240793,0.301529,0.340652,0.642181,0.287111,0.0720065,0.21172,0.340103,0.0998584,5.17447,0.298427,-9.31579e-05,,0.122758,-0.0307657,-0.00658658,0.00105677,0.000963614,0.00173657,-0.02810239524114877,-0.0007223780266940594,80.7237,-1.0,,-1.0,,999.0,0.00549451,2B/3B,/players/ben-williamson/33197/stats/batting,2B/3B,12,12.0,AL,Ben Williamson,810938,33197,33197
LAD,Dodgers,0,1,1,0,0,0,0,0,0,0,0,0,0,0,0,0,,0,0,0.21867,0.304334,0.342531,0.646864,0.291028,0.107316,0.246089,0.436085,0.12386,3.13884,0.275933,-0.000215256,,0.0889224,-0.01869,-0.00914468,-0.00104396,-0.00125921,0.00173523,-0.021127395913936198,0.008602231740951538,81.853,-1.0,,-1.0,,999.0,0.01574803,C,/players/hunter-feduccia/23372/stats/batting,C,22,22.0,NL,Hunter Feduccia,676439,23372,23372
DET,Tigers,0,2,2,0,0,0,0,0,0,0,0,0,0,0,0,0,,0,0,0.234416,0.278214,0.359999,0.638213,0.281038,0.0457531,0.231996,0.197215,0.125583,4.94356,0.287059,0.000632368,,0.174596,-0.0556889,-0.000291752,0.000817489,0.00144986,0.00172367,-0.052064850577153265,0.000171210354892537,76.3397,-2.0,,-2.0,,740.6500244140625,0.0,SS,/players/javier-baez/12979/stats/batting,SS,6,6.0,AL,Javier Báez,595879,12979,12979
STL,Cardinals,0,1,1,0,0,0,0,0,0,0,0,0,0,0,0,0,,0,0,0.22773,0.286855,0.355452,0.642307,0.284968,0.0691488,0.255401,0.270746,0.127722,3.26028,0.287394,-0.000386591,,0.0661103,-0.0181081,-0.00145566,-0.000515589,-0.00090218,0.00171692,-0.018709592579398304,0.012433224474079907,79.2172,-1.0,,-1.0,,748.2899780273438,0.00507614,C,/players/pedro-pages/25782/stats/batting,C,28,28.0,NL,Pedro Pagés,686780,25782,25782
SFG,Giants,0,1,1,0,0,0,0,0,0,0,0,0,0,0,0,0,,0,0,0.231312,0.30393,0.346996,0.650926,0.291952,0.0753164,0.205761,0.366038,0.115685,2.31425,0.277123,-5.93023e-05,,0.132453,-0.0266266,-0.0274479,-0.00166469,-0.001724,0.00166821,-0.026113161584362388,-0.001213356852531433,84.9307,-1.0,,-1.0,,999.0,0.01666667,C,/players/andrew-knizner/19514/stats/batting,C,30,30.0,NL,Andrew Knizner,668800,19514,19514
HOU,Astros,0,2,2,0,0,0,0,0,0,0,0,0,0,0,0,0,,0,0,0.219269,0.276563,0.308285,0.584848,0.262864,0.0687146,0.196689,0.349357,0.0890162,2.76834,0.261984,-0.001204,,0.130563,-0.0753045,-0.00713936,-0.0020189,-0.0032229,0.00160168,-0.07260550442151725,0.02681125421077013,65.6857,-2.0,,-2.0,,999.0,0.02702703,C,/players/christian-vazquez/9774/stats/batting,C,21,21.0,AL,Christian Vázquez,543877,9774,9774
CLE,Guardians,0,1,1,0,0,0,0,0,0,0,0,0,0,0,0,0,,0,0,0.206455,0.279135,0.297557,0.576692,0.261924,0.0834489,0.219274,0.38057,0.0911017,3.13577,0.254465,-0.000397228,,0.0998703,-0.059209,-0.00108101,-0.000773078,-0.00117031,0.00159567,-0.05702299508266151,0.025153555325232446,64.2528,-1.0,,-1.0,,999.0,0.0,C,/players/austin-hedges/12976/stats/batting,C,5,5.0,AL,Austin Hedges,595978,12976,12976
CIN,Reds,1,2,2,0,0,0,0,0,0,0,0,0,1,0,0,0,,0,0,0.220127,0.276159,0.333962,0.610121,0.271548,0.0638859,0.26682,0.239434,0.113835,6.26742,0.285912,0.0,,0.195177,-0.0862817,0.0255356,0.00830078,0.00830078,0.00158801,-0.08712534699589014,0.025381242157891393,66.6756,-2.0,-2.0,-2.0,-2.0,999.0,0.0,OF,/players/carlos-jorge/29455/stats/batting,OF,18,18.0,NL,Carlos Jorge,699115,29455,29455
CLE,Guardians,0,1,1,0,0,0,0,0,0,0,0,0,0,0,0,0,,0,0,0.222504,0.302386,0.37502,0.677406,0.300749,0.0892996,0.257078,0.347364,0.152516,3.27546,0.275903,-0.000188671,,0.0860079,-0.0103462,0.00678445,-0.000645508,-0.000834179,0.00151274,-0.00914745859336108,-0.004789626691490412,91.2156,-1.0,,-1.0,,999.0,0.43650794,DH,/players/david-fry/24934/stats/batting,DH,5,5.0,AL,David Fry,681807,24934,24934
DET,Tigers,0,1,1,0,0,0,0,0,0,0,0,0,0,0,0,0,,0,0,0.224606,0.300067,0.362407,0.662475,0.295131,0.0823711,0.273066,0.301652,0.137801,5.14488,0.293494,-3.01887e-06,,0.1399,-0.0238585,0.00295544,-0.000345924,-0.000348943,0.00146814,-0.02266129874624312,-0.011859378544613719,86.1275,-1.0,,-1.0,,999.0,0.015625,OF,/players/ben-malgeri/29577/stats/batting,OF,6,6.0,AL,Ben Malgeri,701162,29577,29577
CLE,Guardians,0,1,2,0,0,0,0,0,0,0,0,0,0,0,0,0,,0,0,0.216977,0.312043,0.386447,0.69849,0.310113,0.112072,0.280849,0.399046,0.169471,2.97272,0.274286,-0.00134543,,0.171319,-0.00779152,-0.00115581,-0.00128303,-0.00262846,0.00146662,-0.0066410875879228115,-0.03248297004029155,97.719,-1.0,,-1.0,,737.989990234375,0.15697674,1B,/players/rhys-hoskins/16472/stats/batting,1B,5,5.0,AL,Rhys Hoskins,656555,16472,16472
HOU,Astros,0,1,1,0,0,0,0,0,0,0,0,0,0,0,0,0,,0,0,0.224903,0.294845,0.411055,0.7059,0.308662,0.0838423,0.293155,0.286,0.186153,4.11048,0.281859,0.000273429,,0.106572,-0.00601205,-0.0066,-0.000197698,7.57307e-05,0.00144197,-0.0026977516754413955,-0.016785184387117624,97.4918,-1.0,,-1.0,,748.5599975585938,0.24390244,DH/OF,/players/nelson-velazquez/23359/stats/batting,DH/OF,21,21.0,AL,Nelson Velázquez,676369,23359,23359
ATH,Athletics,0,1,2,0,0,0,0,0,0,0,0,0,0,0,0,0,,0,0,0.212521,0.282571,0.338712,0.621283,0.277914,0.0763949,0.286364,0.266775,0.126191,2.39159,0.281458,-4.55844e-05,,0.134459,-0.0480147,-0.00976303,-0.00165766,-0.00170325,0.00137225,-0.06138583249412477,0.02032956015318632,66.6988,-1.0,,-1.0,,999.0,0.07407407,C,/players/brian-serven/19422/stats/batting,C,10,10.0,AL,Brian Serven,661531,19422,19422
TOR,Blue Jays,0,0,0,0,0,0,0,0,0,0,0,0,0,0,0,0,,0,0,0.215819,0.337216,0.391927,0.729143,0.32616,0.143222,0.271964,0.526622,0.176108,3.76376,0.270645,-7.95455e-05,,0.0490945,0.00303757,-0.00215389,-0.000141222,-0.000220767,0.00133487,0.0038168471364770085,-0.004468707367777824,108.926,0.0,,0.0,,999.0,0.01986755,2B/OF,/players/davis-schneider/23565/stats/batting,2B/OF,14,14.0,AL,Davis Schneider,676914,23565,23565
TBR,Rays,0,1,1,0,0,0,0,0,0,0,0,0,0,0,0,0,,0,0,0.216896,0.269536,0.346586,0.616122,0.272277,0.0614231,0.272979,0.22501,0.12969,6.90177,0.28039,0.000491562,,0.0929268,-0.0401266,-0.00686901,0.00913373,0.0096253,0.00127356,-0.02902829833328724,0.0017729620449244976,70.4215,-1.0,,-1.0,,999.0,0.11570248,SS,/players/jorge-mateo/17273/stats/batting,SS,12,12.0,AL,Jorge Mateo,622761,17273,17273
BOS,Red Sox,0,1,1,0,0,0,0,0,0,0,0,0,0,0,0,0,,0,0,0.238763,0.323705,0.401847,0.725552,0.320601,0.0943835,0.266245,0.354499,0.163084,5.87878,0.306549,-4.28571e-06,,0.110479,0.003013,-3.8142e-05,0.000390031,0.000385746,0.00125682,0.002333714859560132,-0.022106042721134145,101.846,-1.0,,-1.0,,999.0,0.7080292,DH/OF,/players/jahmai-jones/18872/stats/batting,DH/OF,3,3.0,AL,Jahmai Jones,663330,18872,18872
HOU,Astros,0,1,2,0,0,0,0,0,0,0,0,0,0,0,0,0,,0,0,0.218013,0.328553,0.349178,0.677731,0.307398,0.132498,0.240539,0.550836,0.131165,2.87984,0.272354,-0.00072,,0.172802,-0.0114257,-0.0167264,-0.00187884,-0.00259884,0.00122328,-0.008725120685994625,-0.03431899845600128,96.6143,-1.0,,-1.0,,999.0,0.01639344,1B/OF,/players/lamonte-wade-jr/18126/stats/batting,1B/OF,21,21.0,AL,LaMonte Wade Jr.,664774,18126,18126
SDP,Padres,0,1,1,0,0,0,0,0,0,0,0,0,0,0,0,0,,0,0,0.23962,0.292445,0.394885,0.687329,0.300866,0.06076,0.248244,0.244759,0.155265,3.961,0.292946,-3.20388e-05,,0.137162,-0.0163615,0.00578486,-0.0012902,-0.00132224,0.00121846,-0.013471925281919539,-0.016746002715080976,92.2214,-1.0,,-1.0,,572.469970703125,0.39849624,OF,/players/austin-hays/19363/stats/batting,OF,29,29.0,NL,Austin Hays,669720,19363,19363
TEX,Rangers,1,2,2,0,0,0,0,0,0,0,0,0,0,0,0,0,,0,0,0.24324,0.320142,0.354761,0.674903,0.302838,0.0853938,0.194533,0.438968,0.111522,4.54298,0.29093,0.000112441,,0.236685,-0.0243047,-0.00649436,-0.00167652,-0.00156408,0.00121341,-0.016224707360379398,-0.04985855985432863,94.2807,-2.0,-2.0,-2.0,-2.0,999.0,0.08333333,OF,/players/alejandro-osuna/27915/stats/batting,OF,13,13.0,AL,Alejandro Osuna,696030,27915,27915
ARI,Diamondbacks,0,0,0,0,0,0,0,0,0,0,0,0,0,0,0,0,,0,0,0.226429,0.295475,0.381211,0.676686,0.29847,0.0845854,0.262972,0.321652,0.154783,3.08329,0.285112,-2.90441e-05,,0.0205184,-0.0028756,0.00489256,-0.000209358,-0.000238402,0.0011879,-0.0035094949416816235,0.008750582113862038,86.2565,0.0,,0.0,,999.0,0.67777778,C/DH,/players/adrian-del-castillo/29554/stats/batting,C/DH,15,15.0,NL,Adrian Del Castillo,680728,29554,29554
NYM,Mets,0,1,1,0,0,0,0,0,0,0,0,0,0,0,0,0,,0,0,0.229963,0.302268,0.417686,0.719954,0.314493,0.0861096,0.291678,0.295222,0.187723,4.51907,0.290884,0.000568841,,0.126193,-0.00174299,-0.0059668,-0.00079882,-0.000229979,0.00118179,-0.0010677783866412938,-0.022479143925011158,99.3563,-1.0,,-1.0,,999.0,0.24193548,DH/OF,/players/christopher-morel/21897/stats/batting,DH/OF,25,25.0,NL,Christopher Morel,666624,21897,21897
PHI,Phillies,0,1,1,0,0,0,0,0,0,0,0,0,0,0,0,0,,0,0,0.223256,0.290098,0.331446,0.621544,0.27887,0.0731638,0.182315,0.401304,0.108191,2.87128,0.258268,-0.000210435,,0.0556509,-0.0192099,0.00211037,-0.000673486,-0.000883921,0.00116876,-0.023546042677480727,0.014456053730100393,70.2452,-1.0,,-1.0,,999.0,0.0,C,/players/rafael-marchan/21646/stats/batting,C,26,26.0,NL,Rafael Marchán,665561,21646,21646
MIN,Twins,0,1,1,0,0,0,0,0,0,0,0,0,0,0,0,0,,0,0,0.236391,0.333962,0.327075,0.661036,0.30227,0.108315,0.183579,0.590018,0.0906837,5.0109,0.286493,0.000127349,,0.0646946,-0.00694959,0.000452912,0.000710494,0.000837843,0.0011674,-0.005150468379724771,-0.004794001637492329,91.4899,-1.0,,-1.0,,748.5599975585938,0.0,OF,/players/austin-martin/27462/stats/batting,OF,8,8.0,AL,Austin Martin,668885,27462,27462
ARI,Diamondbacks,0,1,1,0,0,0,0,0,0,0,0,0,0,0,0,0,,0,0,0.237319,0.285894,0.380052,0.665946,0.292597,0.0552196,0.249261,0.221533,0.142734,2.64638,0.292041,-0.00111125,,0.137069,-0.0266895,-0.0292861,-0.00135641,-0.00246766,0.00109886,-0.03192556160502136,-0.002279890701174736,82.3189,-1.0,,-1.0,,999.0,0.0,C,/players/james-mccann/12859/stats/batting,C,15,15.0,NL,James McCann,543510,12859,12859
MIN,Twins,0,1,2,0,0,0,0,0,0,0,0,0,0,0,0,0,,0,0,0.226929,0.289677,0.403829,0.693506,0.30337,0.0716194,0.309127,0.231683,0.1769,3.07416,0.299352,-3.33333e-06,,0.163081,-0.0160294,0.000872653,-0.00150268,-0.00150602,0.00109153,-0.015132181695662439,-0.027676729252561927,92.2542,-1.0,,-1.0,,999.0,0.0,1B,/players/aaron-sabato/27774/stats/batting,1B,8,8.0,AL,Aaron Sabato,693306,27774,27774
COL,Rockies,0,2,2,0,0,0,0,0,0,0,0,0,0,0,0,0,,0,0,0.238272,0.317311,0.365324,0.682635,0.305111,0.0986829,0.171593,0.575099,0.127052,4.21498,0.269725,-0.000290072,,0.22657,-0.019067,-0.00257605,-0.00205668,-0.00234676,0.00105497,-0.05579524743370712,-0.0013414784334599972,78.6129,-2.0,,-2.0,,999.0,0.09090909,2B,/players/adael-amador/27962/stats/batting,2B,19,19.0,NL,Adael Amador,691182,27962,27962
SEA,Mariners,0,0,0,0,0,0,0,0,0,0,0,0,0,0,0,0,,0,0,0.235541,0.306496,0.341682,0.648178,0.290941,0.0711853,0.214152,0.332405,0.106141,6.10558,0.291144,1.70803e-05,,0.0380303,-0.00802664,0.00088233,0.00171976,0.00173684,0.00100171,-0.002492240397259593,-0.0014324845396913588,90.6511,0.0,,0.0,,727.5399780273438,0.01,OF,/players/victor-robles/18363/stats/batting,OF,11,11.0,AL,Victor Robles,645302,18363,18363
CHC,Cubs,0,0,0,0,0,0,0,0,0,0,0,0,0,0,0,0,,0,0,0.23058,0.288762,0.38809,0.676851,0.297017,0.066612,0.306489,0.217339,0.15751,5.3732,0.308344,0.000113242,,0.0355015,-0.00543798,0.00326897,9.37841e-05,0.000207026,0.000976871,-0.0049224811809835956,0.0032689732033759356,87.6847,0.0,,0.0,,748.3800048828125,0.0,SS,/players/gabriel-arias/22563/stats/batting,SS,17,17.0,NL,Gabriel Arias,672356,22563,22563
COL,Rockies,0,0,0,0,0,0,0,0,0,0,0,0,0,0,0,0,,0,0,0.230083,0.305421,0.382435,0.687856,0.305172,0.0750627,0.284282,0.264043,0.152352,5.11454,0.303824,7.12963e-06,,0.030223,-0.00252863,0.00148784,0.000140489,0.000147619,0.0009084,-0.006965213586227037,0.006889078766107559,78.6538,0.0,,0.0,,999.0,0.2739726,C/DH,/players/braxton-fulford/29704/stats/batting,C/DH,19,19.0,NL,Braxton Fulford,690924,29704,29704
TOR,Blue Jays,0,0,0,0,0,0,0,0,0,0,0,0,0,0,0,0,,0,0,0.229861,0.319677,0.415174,0.734851,0.323349,0.097712,0.275434,0.354757,0.185313,3.53745,0.288127,0.0,,0.0321411,0.00143648,0.00212793,-0.000302013,-0.000302013,0.000894257,0.0018011667707469314,-0.002193054184317589,106.974,0.0,,0.0,,999.0,0.34782609,1B/DH,/players/sean-keys/35094/stats/batting,1B/DH,14,14.0,AL,Sean Keys,815873,35094,35094
TEX,Rangers,0,0,0,0,0,0,0,0,0,0,0,0,0,0,0,0,,0,0,0.2257,0.286044,0.384626,0.67067,0.294745,0.073939,0.245395,0.301306,0.158927,2.96853,0.268296,-0.000314074,,0.0318784,-0.00555197,-0.00393476,-0.000252119,-0.000566193,0.000884598,-0.0047350345412269235,0.002238077577203512,88.6603,0.0,,0.0,,999.0,0.18120805,C,/players/kyle-higashioka/5517/stats/batting,C,13,13.0,AL,Kyle Higashioka,543309,5517,5517
CLE,Guardians,0,1,1,0,0,0,0,0,0,0,0,0,0,0,0,0,,0,0,0.225407,0.305051,0.399078,0.704129,0.310172,0.0937585,0.2592,0.361722,0.173671,2.36924,0.273763,-3.20346e-05,,0.0979378,-0.00441099,-0.00116414,-0.00095021,-0.000982245,0.000875326,-0.0032338739838451147,-0.018756732693873346,97.7601,-1.0,,-1.0,,253.4600067138672,0.41350211,1B/DH,/players/kyle-manzardo/29794/stats/batting,1B/DH,5,5.0,AL,Kyle Manzardo,700932,29794,29794
LAD,Dodgers,0,0,0,0,0,0,0,0,0,0,0,0,0,0,0,0,,0,0,0.215413,0.305896,0.348974,0.654869,0.294563,0.107839,0.270598,0.398521,0.13356,4.61046,0.279112,-2.90698e-06,,0.0435204,-0.00765397,0.000441608,0.000439974,0.000437067,0.000873278,-0.00777717714663595,0.0022934599546715617,84.223,0.0,,0.0,,999.0,0.0,2B,/players/alex-freeland/31665/stats/batting,2B,22,22.0,NL,Alex Freeland,690976,31665,31665
ATH,Athletics,1,3,3,1,1,0,0,0,0,0,0,0,1,0,0,0,,0,0,0.241172,0.275921,0.363546,0.639466,0.280559,0.0384244,0.194118,0.197944,0.122373,2.6283,0.278979,0.0,,0.28974,-0.0940682,0.051165,-0.0035378,-0.0035378,0.000853912,-0.12214793264865875,0.01582547277212143,68.5356,2.6,2.6,2.6,2.6,999.0,0.01666667,1B/3B,/players/tommy-white/35107/stats/batting,1B/3B,10,10.0,AL,Tommy White,695720,35107,35107
STL,Cardinals,0,1,1,0,0,0,0,0,0,0,0,0,0,0,0,0,,0,0,0.21594,0.282606,0.303373,0.585979,0.265123,0.071379,0.218064,0.32733,0.0874334,6.65959,0.269884,0.000365142,,0.0964071,-0.0519987,0.00620338,0.0088605,0.00922564,0.000749745,-0.04224309604614973,0.008826835080981255,65.9119,-1.0,,-1.0,,391.1300048828125,0.00444444,OF,/players/victor-scott-ii/31349/stats/batting,OF,28,28.0,NL,Victor Scott II,687363,31349,31349
COL,Rockies,0,0,0,0,0,0,0,0,0,0,0,0,0,0,0,0,,0,0,0.240512,0.314908,0.379974,0.694882,0.308929,0.0770958,0.261579,0.294733,0.139462,5.30361,0.312412,1.34104e-05,,0.0388279,-0.00211159,0.00157265,0.000155543,0.000168953,0.000744147,-0.007672895852010697,0.003733147867023945,81.1728,0.0,,0.0,,999.0,0.0,2B/SS,/players/ryan-ritter/31500/stats/batting,2B/SS,19,19.0,NL,Ryan Ritter,690022,31500,31500
COL,Rockies,1,2,2,1,0,0,0,0,0,0,0,0,1,0,0,0,,0,0,0.246504,0.30812,0.411602,0.719722,0.314943,0.0767658,0.257629,0.297971,0.165098,6.44967,0.31109,-5.37594e-05,,0.278488,-0.00297117,0.00272239,0.00421427,0.00416051,0.000726645,-0.038206173572689295,-0.03199983201920986,85.2048,3.6,3.6,3.6,3.6,743.6599731445312,0.02222222,OF,/players/zac-veen/27770/stats/batting,OF,19,19.0,NL,Zac Veen,691728,27770,27770
LAA,Angels,0,0,0,0,0,0,0,0,0,0,0,0,0,0,0,0,,0,0,0.207127,0.318035,0.390098,0.708133,0.31565,0.124351,0.348467,0.356851,0.182972,2.10871,0.291115,-9.16031e-06,,0.0508811,-0.000293329,-0.000857316,-0.000540759,-0.000549919,0.000725576,0.00040646339766681194,-0.008573364990297705,101.903,0.0,,0.0,,999.0,0.0,1B/DH,/players/niko-kavadas/29782/stats/batting,1B/DH,1,1.0,AL,Niko Kavadas,694359,29782,29782
CIN,Reds,0,2,2,0,0,0,0,0,0,0,0,0,0,0,0,0,,0,0,0.235381,0.288267,0.364464,0.65273,0.28831,0.0662774,0.235932,0.280917,0.129083,3.76912,0.287409,-0.000150159,,0.177752,-0.0422977,0.00962601,-0.000417599,-0.000567757,0.000708809,-0.05001480568898842,-0.003491271287202835,77.9134,-2.0,,-2.0,,999.0,0.0,3B/OF,/players/oswaldo-cabrera/21707/stats/batting,3B/OF,18,18.0,NL,Oswaldo Cabrera,665828,21707,21707
KCR,Royals,0,1,1,0,0,0,0,0,0,0,0,0,0,0,0,0,,0,0,0.24085,0.289578,0.403965,0.693543,0.302386,0.0543634,0.268705,0.202317,0.163115,6.46379,0.308729,-8.35821e-06,,0.0647512,-0.00689292,-0.000408515,-0.000294304,-0.000302662,0.000708745,-0.008177463110769168,-0.006272712518693879,88.809,-1.0,,-1.0,,999.0,0.02777778,OF,/players/matthew-lugo/25980/stats/batting,OF,7,7.0,AL,Matthew Lugo,683090,25980,25980
SFG,Giants,1,3,3,1,0,0,0,0,0,0,0,0,1,0,0,0,,0,0,0.242186,0.28717,0.356017,0.643187,0.283962,0.0522633,0.191532,0.272869,0.113831,5.03112,0.286259,0.0,,0.254848,-0.0726678,-0.0262682,-0.000319349,-0.000319349,0.000689308,-0.06838073817198165,-0.01484842412173748,79.5742,2.6,2.6,2.6,2.6,999.0,0.01851852,2B/SS,/players/osleivis-basabe/23985/stats/batting,2B/SS,30,30.0,NL,Osleivis Basabe,678545,23985,23985
LAA,Angels,0,1,1,0,0,0,0,0,0,0,0,0,0,0,0,0,,0,0,0.205169,0.259751,0.311233,0.570984,0.255088,0.0531112,0.316852,0.167622,0.106065,7.29783,0.291579,3.07643e-05,,0.0684041,-0.049297,0.0146365,0.00520105,0.00523181,0.000673628,-0.04119085380807519,0.012630359502509236,59.843,-1.0,,-1.0,,999.0,0.01098901,OF,/players/bryce-teodosio/29524/stats/batting,OF,1,1.0,AL,Bryce Teodosio,669326,29524,29524
,,0,1,1,0,0,0,0,0,0,0,0,0,0,0,0,0,,0,0,0.248711,0.298758,0.387688,0.686446,0.301563,0.0590194,0.182154,0.324007,0.138977,3.65536,0.282439,-0.000176959,,0.147084,-0.0166741,0.0053415,-0.00141991,-0.00159687,0.000662843,-0.018641271046362817,-0.02181899268180132,89.5895,-1.0,,-1.0,,689.0700073242188,0.13812155,OF,/players/lourdes-gurriel-jr/19238/stats/batting,OF,-1,-1.0,,Lourdes Gurriel Jr.,666971,19238,19238
ARI,Diamondbacks,0,0,0,0,0,0,0,0,0,0,0,0,0,0,0,0,,0,0,0.236315,0.273184,0.363793,0.636977,0.278869,0.0452931,0.253994,0.178323,0.127479,6.00897,0.300993,0.0,,0.0418464,-0.0144454,0.00469266,0.000298904,0.000298904,0.000656798,-0.01509818693739362,0.00608155329246074,73.1154,0.0,,0.0,,999.0,0.30985915,1B/3B/DH,/players/jose-fernandez/28020/stats/batting,1B/3B/DH,15,15.0,NL,Jose Fernandez,699912,28020,28020
MIL,Brewers,0,0,0,0,0,0,0,0,0,0,0,0,0,0,0,0,,0,0,0.214457,0.299616,0.382882,0.682499,0.302049,0.103837,0.270134,0.384392,0.168425,3.8375,0.265289,-2.04846e-05,,0.0210896,-0.00230443,-0.00152837,-0.000108705,-0.00012919,0.000635564,-0.002514631109079346,0.0023296549916267395,89.9775,0.0,,0.0,,574.2899780273438,0.0,C,/players/bo-naylor/21865/stats/batting,C,23,23.0,NL,Bo Naylor,666310,21865,21865
,,0,0,0,0,0,0,0,0,0,0,0,0,0,0,0,0,,0,0,0.221563,0.290421,0.351632,0.642053,0.285705,0.0779964,0.250412,0.311473,0.130069,4.5459,0.277189,0.0,,0.0363855,-0.00967145,0.0,-6.55397e-05,-6.55397e-05,0.000633472,-0.008931125266826712,0.0013888889225199819,80.4015,0.0,,0.0,,999.0,0.0,2B/SS,/players/jose-caballero/sa3015390/stats/batting,2B/SS,-1,,,Jose Caballero,691606,sa3015390,sa3015390
LAD,Dodgers,0,1,1,0,0,0,0,0,0,0,0,0,0,0,0,0,,0,0,0.22596,0.323664,0.34824,0.671903,0.30388,0.110893,0.193386,0.573427,0.12228,3.69098,0.265773,-7.18667e-05,,0.0654817,-0.00616242,-0.000888241,-0.00054146,-0.000613327,0.000609986,-0.007560135272797197,-0.006135154806543142,90.4695,-1.0,,-1.0,,999.0,0.06010929,OF,/players/alex-call/19296/stats/batting,OF,22,22.0,NL,Alex Call,669743,19296,19296
TEX,Rangers,0,0,0,0,0,0,0,0,0,0,0,0,0,0,0,0,,0,0,0.218013,0.27689,0.365845,0.642735,0.283058,0.0736867,0.283394,0.260015,0.147832,6.90022,0.282169,0.0,,0.0197523,-0.00583494,0.00043999,0.00115693,0.00115693,0.000553262,-0.00373251223936677,0.0015202367212623358,80.5442,0.0,,0.0,,999.0,0.03225806,2B/OF,/players/cameron-cauley/29710/stats/batting,2B/OF,13,13.0,AL,Cam Cauley,695508,29710,29710
TEX,Rangers,0,1,1,0,0,0,0,0,0,0,0,0,0,0,0,0,,0,0,0.208415,0.264508,0.343452,0.60796,0.269184,0.0611853,0.252534,0.242285,0.135038,4.83933,0.254598,-3.2e-05,,0.0554582,-0.0264208,0.000577386,0.00129683,0.00126483,0.000548446,-0.022130410536192358,0.0030465214513242245,70.9085,-1.0,,-1.0,,999.0,0.0,OF,/players/michael-helman/24605/stats/batting,OF,13,13.0,AL,Michael Helman,680737,24605,24605
KCR,Royals,0,0,0,0,0,0,0,0,0,0,0,0,0,0,0,0,,0,0,0.232072,0.294844,0.339526,0.63437,0.283385,0.0792883,0.198382,0.399676,0.107454,4.09913,0.278477,-7.73729e-05,,0.0435804,-0.0127114,2.52301e-05,5.35161e-05,-2.38568e-05,0.000544487,-0.013506772031178116,0.002031402802458615,75.6135,0.0,,0.0,,999.0,0.03361345,3B,/players/josh-rojas/19734/stats/batting,3B,7,7.0,AL,Josh Rojas,668942,19734,19734
CHW,White Sox,0,0,0,0,0,0,0,0,0,0,0,0,0,0,0,0,,0,0,0.219502,0.273507,0.342223,0.61573,0.273127,0.0610029,0.240493,0.253658,0.122721,3.56418,0.269214,-1.0101e-06,,0.0329489,-0.0138391,-0.00324874,-0.000308273,-0.000309283,0.000533732,-0.013207857380621135,0.00446730456314981,71.9315,0.0,,0.0,,999.0,0.0,C,/players/drew-romo/27763/stats/batting,C,4,4.0,AL,Drew Romo,691011,27763,27763
WSN,Nationals,0,0,0,0,0,0,0,0,0,0,0,0,0,0,0,0,,0,0,0.239049,0.287327,0.36523,0.652557,0.28772,0.0535319,0.239471,0.223542,0.126182,5.48757,0.297519,0.0,,0.0329054,-0.0080341,-0.000551012,0.000161502,0.000161502,0.000530623,-0.009190053737256676,0.0031526919919997454,77.5482,0.0,,0.0,,999.0,0.0,SS,/players/seaver-king/sa3025414/stats/batting,SS,24,,NL,Seaver King,814409,sa3025414,sa3025414
COL,Rockies,0,0,0,0,0,0,0,0,0,0,0,0,0,0,0,0,,0,0,0.259727,0.34361,0.418486,0.762096,0.336313,0.0932711,0.225601,0.413434,0.158759,5.73472,0.319138,-2.76923e-06,,0.0348563,0.00415163,0.000181074,8.11817e-05,7.84124e-05,0.000524841,-6.765471334801987e-05,-0.0032139877730514854,99.5324,0.0,,0.0,,999.0,0.4,DH/OF,/players/sterlin-thompson/31443/stats/batting,DH/OF,19,19.0,NL,Sterlin Thompson,694514,31443,31443
MIN,Twins,0,0,0,0,0,0,0,0,0,0,0,0,0,0,0,0,,0,0,0.206184,0.277202,0.34056,0.617762,0.275557,0.0844788,0.292812,0.288509,0.134376,4.53362,0.273323,-8e-07,,0.0368862,-0.0142882,-1.89348e-05,0.000141237,0.000140437,0.000498908,-0.013461129448842257,0.003067484927669284,72.9388,0.0,,0.0,,999.0,0.18181818,SS,/players/ben-ross/31710/stats/batting,SS,8,8.0,AL,Ben Ross,805346,31710,31710
CLE,Guardians,0,0,0,0,0,0,0,0,0,0,0,0,0,0,0,0,,0,0,0.218981,0.305509,0.329301,0.63481,0.287246,0.10559,0.252293,0.418521,0.11032,5.66443,0.285519,4.05797e-05,,0.0286764,-0.00714566,-0.000108855,0.000626155,0.000666735,0.000480471,-0.0057231453829444945,-0.0002631762472447008,81.8384,0.0,,0.0,,999.0,0.01886792,OF,/players/blake-perkins/19921/stats/batting,OF,5,5.0,AL,Blake Perkins,663368,19921,19921
BAL,Orioles,0,0,0,0,0,0,0,0,0,0,0,0,0,0,0,0,,0,0,0.256775,0.311396,0.438188,0.749584,0.325382,0.068359,0.240643,0.284068,0.181413,3.51777,0.305774,2.44966e-05,,0.0271391,0.00155186,0.0,-0.000140954,-0.000116457,0.000474616,0.0024163544439943507,-0.005401234608143568,110.078,0.0,,0.0,,748.0900268554688,0.37634409,1B,/players/ryan-mountcastle/18373/stats/batting,1B,2,2.0,AL,Ryan Mountcastle,663624,18373,18373
ARI,Diamondbacks,0,1,1,0,0,0,0,0,0,0,0,0,0,0,0,0,,0,0,0.23184,0.303519,0.359269,0.662788,0.295373,0.0855047,0.243397,0.351298,0.127429,5.4406,0.29377,-3.93939e-06,,0.0569442,-0.00958253,0.000803533,0.000382692,0.000378752,0.000467214,-0.010328453790862113,-0.003363134164828807,84.1806,-1.0,,-1.0,,999.0,0.04,OF,/players/tommy-troy/33279/stats/batting,OF,15,15.0,NL,Tommy Troy,694371,33279,33279
CLE,Guardians,0,1,1,0,0,0,0,0,0,0,0,0,0,0,0,0,,0,0,0.224234,0.276711,0.343309,0.62002,0.274622,0.0645288,0.248424,0.259753,0.119075,5.57594,0.283727,0.0,,0.0877429,-0.0350756,-0.00421454,0.000676463,0.000676463,0.000446754,-0.03180789353791624,-0.0005108388140797615,73.0709,-1.0,,-1.0,,999.0,0.0,OF,/players/petey-halpin/27931/stats/batting,OF,5,5.0,AL,Petey Halpin,690984,27931,27931
SDP,Padres,0,2,2,0,0,0,0,0,0,0,0,0,0,0,0,0,,0,0,0.234691,0.309947,0.386221,0.696168,0.307786,0.091458,0.205255,0.445582,0.151529,3.12527,0.270841,-0.00105983,,0.202171,-0.0127615,0.0,-0.00147319,-0.00253302,0.00043716,-0.009398068068549037,-0.04537037014961243,96.8606,-2.0,,-2.0,,684.8099975585938,0.3671875,DH/OF,/players/gavin-sheets/19901/stats/batting,DH/OF,29,29.0,NL,Gavin Sheets,657757,19901,19901
KCR,Royals,0,0,0,0,0,0,0,0,0,0,0,0,0,0,0,0,,0,0,0.219628,0.300862,0.329986,0.630848,0.285165,0.0917315,0.252475,0.363329,0.110358,2.77265,0.282999,-7.5e-06,,0.0183953,-0.00499872,-0.00122551,-0.000159267,-0.000166767,0.000421255,-0.005486104550072923,0.0026325114304199815,76.8493,0.0,,0.0,,999.0,0.0,C,/players/luke-maile/13355/stats/batting,C,7,7.0,AL,Luke Maile,571912,13355,13355
HOU,Astros,0,0,0,0,0,0,0,0,0,0,0,0,0,0,0,0,,0,0,0.230562,0.308983,0.374813,0.683796,0.303997,0.0912619,0.2842,0.321119,0.144251,4.53032,0.304244,5.45455e-06,,0.0280881,-0.00261652,-0.000619026,0.000247171,0.000252625,0.000406238,-0.00148064608220011,-0.003705445444211364,94.2526,0.0,,0.0,,999.0,0.10769231,OF,/players/zach-dezenzo/31562/stats/batting,OF,21,21.0,AL,Zach Dezenzo,701305,31562,31562
NYY,Yankees,0,0,0,0,0,0,0,0,0,0,0,0,0,0,0,0,,0,0,0.247503,0.315018,0.398823,0.713841,0.314128,0.0856267,0.236826,0.36156,0.15132,5.60187,0.301868,1.35135e-06,,0.0201399,-0.000329815,-0.000996942,0.000649269,0.00065062,0.000401892,0.0006789686121919658,-0.002848793868906796,100.141,0.0,,0.0,,421.5400085449219,0.14534884,OF,/players/jasson-dominguez/28080/stats/batting,OF,9,9.0,AL,Jasson Domínguez,691176,28080,28080
SEA,Mariners,0,0,0,0,0,0,0,0,0,0,0,0,0,0,0,0,,0,0,0.214581,0.283542,0.44127,0.724813,0.313188,0.0788424,0.345339,0.228304,0.22669,3.80834,0.273127,-1.49573e-05,,0.0250107,-0.000576461,-0.00253843,-5.35502e-05,-6.85075e-05,0.000370698,0.001464785891585052,-0.005470533622428775,106.101,0.0,,0.0,,999.0,0.05882353,3B,/players/patrick-wisdom/13602/stats/batting,3B,11,11.0,AL,Patrick Wisdom,621550,13602,13602
BAL,Orioles,0,0,0,0,0,0,0,0,0,0,0,0,0,0,0,0,,0,0,0.223825,0.28874,0.379751,0.668491,0.295217,0.0680536,0.249374,0.272897,0.155926,2.1814,0.267641,0.0,,0.0199994,-0.00339465,-0.00450621,-0.000228052,-0.000228052,0.000368279,-0.0027258339250693098,-0.0006481809541583061,89.1292,0.0,,0.0,,999.0,0.0,C/1B,/players/creed-willems/sa3017562/stats/batting,C/1B,2,,AL,Creed Willems,695735,sa3017562,sa3017562
ATH,Athletics,1,2,3,1,0,0,0,0,0,0,0,0,0,0,0,0,,0,0,0.232341,0.311668,0.351599,0.663267,0.297825,0.090311,0.181344,0.49801,0.119258,3.133,0.267131,-1.56522e-05,,0.267953,-0.0390933,-0.0405648,-0.00341602,-0.00343168,0.000361548,-0.06215853872708976,-0.026058584451675415,80.5265,3.6,3.6,3.6,3.6,999.0,0.07446809,2B,/players/donovan-walton/19314/stats/batting,2B,10,10.0,AL,Donovan Walton,622268,19314,19314
,,0,0,0,0,0,0,0,0,0,0,0,0,0,0,0,0,,0,0,0.22204,0.315939,0.333929,0.649868,0.294866,0.111661,0.227879,0.490001,0.111889,3.04169,0.276087,-0.000102154,,0.0349009,-0.00603864,0.0019803,-0.000396619,-0.000498773,0.000345039,-0.0066299771424382925,-0.0017234068363904953,85.0205,0.0,,0.0,,999.0,0.20652174,OF,/players/mike-tauchman/15274/stats/batting,OF,-1,-1.0,,Mike Tauchman,643565,15274,15274
TBR,Rays,0,0,0,0,0,0,0,0,0,0,0,0,0,0,0,0,,0,0,0.239829,0.321933,0.356865,0.678798,0.304036,0.105676,0.233829,0.45194,0.117036,4.15637,0.305491,1.08962e-05,,0.0140481,-0.00130422,-0.000435363,-0.000110485,-9.95888e-05,0.000344286,-0.001233847659023013,2.760032657533884e-05,92.4777,0.0,,0.0,,745.989990234375,0.43382353,2B,/players/gavin-lux/19955/stats/batting,2B,12,12.0,AL,Gavin Lux,666158,19955,19955
WSN,Nationals,0,0,0,0,0,0,0,0,0,0,0,0,0,0,0,0,,0,0,0.242638,0.299919,0.385601,0.685521,0.301935,0.06253,0.310594,0.201324,0.142964,6.15331,0.334,-1.8797e-06,,0.0230468,-0.00254041,0.00109944,0.000304786,0.000302906,0.000343279,-0.003060910908970982,-0.0005980952410027385,87.0783,0.0,,0.0,,999.0,0.0,OF,/players/andrew-pinckney/33357/stats/batting,OF,24,24.0,NL,Andrew Pinckney,687605,33357,33357
TEX,Rangers,0,0,0,0,0,0,0,0,0,0,0,0,0,0,0,0,,0,0,0.23247,0.296428,0.395509,0.691937,0.304084,0.0723522,0.251452,0.287738,0.163039,2.53409,0.278806,-0.000464272,,0.0503235,-0.00465245,-0.00315871,-0.000578593,-0.00104286,0.000334014,-0.0036638500168919563,-0.009485868737101555,95.146,0.0,,0.0,,246.50999450683594,0.08900524,C,/players/logan-ohoppe/24729/stats/batting,C,13,13.0,AL,Logan O'Hoppe,681351,24729,24729
BAL,Orioles,0,0,0,0,0,0,0,0,0,0,0,0,0,0,0,0,,0,0,0.25153,0.315099,0.455192,0.770291,0.333641,0.079626,0.248215,0.320795,0.203662,3.19291,0.295344,-1.40845e-06,,0.0114322,0.00119734,9.66483e-05,-9.61937e-05,-9.76022e-05,0.00031602,0.0014921154142939486,-0.001446561553166248,115.814,0.0,,0.0,,160.94000244140625,0.29285714,C/DH,/players/samuel-basallo/28824/stats/batting,C/DH,2,2.0,AL,Samuel Basallo,694212,28824,28824
SDP,Padres,0,1,1,0,0,0,0,0,0,0,0,0,0,0,0,0,,0,0,0.213492,0.267768,0.35634,0.624107,0.275171,0.0577961,0.310181,0.18633,0.142847,6.15009,0.28683,-5.41667e-06,,0.0477769,-0.0187498,0.00480218,0.00104841,0.001043,0.000308966,-0.0158817000919953,0.0006355093792080879,74.9945,-1.0,,-1.0,,999.0,0.05194805,OF,/players/jase-bowen/26047/stats/batting,OF,29,29.0,NL,Jase Bowen,687749,26047,26047
BOS,Red Sox,0,0,0,0,0,0,0,0,0,0,0,0,0,0,0,0,,0,0,0.256608,0.327236,0.416674,0.74391,0.326672,0.0791685,0.208439,0.379816,0.160065,4.77227,0.302649,6.09023e-06,,0.0164185,0.00106614,-0.000514864,-6.92021e-05,-6.31119e-05,0.000297063,0.0008508789978804998,-0.0025210370658896863,106.061,0.0,,0.0,,999.0,0.05113636,1B/3B,/players/curtis-mead/23986/stats/batting,1B/3B,3,3.0,AL,Curtis Mead,678554,23986,23986
ATH,Athletics,0,0,0,0,0,0,0,0,0,0,0,0,0,0,0,0,,0,0,0.243492,0.305982,0.335512,0.641493,0.287755,0.0772425,0.172221,0.448508,0.0920202,2.76793,0.286483,-2.32022e-05,,0.0288008,-0.00702129,-0.000453758,-1.71328e-05,-4.03351e-05,0.000295872,-0.009352202025183942,0.0015524151385761797,73.5334,0.0,,0.0,,999.0,0.0,3B/SS,/players/darell-hernaiz/26224/stats/batting,3B/SS,10,10.0,AL,Darell Hernaiz,687231,26224,26224
COL,Rockies,0,0,0,0,0,0,0,0,0,0,0,0,0,0,0,0,,0,0,0.253404,0.328523,0.404428,0.732951,0.323793,0.0821737,0.238919,0.34394,0.151025,5.73259,0.316915,5.19838e-05,,0.016117,0.000764715,-0.000542601,-2.586e-05,2.61238e-05,0.000283102,-0.0013580074919445906,-7.963812095113099e-05,91.1384,0.0,,0.0,,256.3399963378906,0.0,2B/OF,/players/willi-castro/17338/stats/batting,2B/OF,19,19.0,NL,Willi Castro,650489,17338,17338
ATL,Braves,0,0,0,0,0,0,0,0,0,0,0,0,0,0,0,0,,0,0,0.229867,0.293736,0.323718,0.617454,0.277384,0.0752373,0.202465,0.371606,0.0938514,5.81132,0.281874,0.0,,0.0187619,-0.00682525,0.000368572,0.000234944,0.000234944,0.000280891,-0.006955278819077648,0.0026833864976651967,72.3796,0.0,,0.0,,999.0,0.0,SS,/players/jim-jarvis/33492/stats/batting,SS,16,16.0,NL,Jim Jarvis,805347,33492,33492
MIN,Twins,0,0,0,0,0,0,0,0,0,0,0,0,0,0,0,0,,0,0,0.23235,0.321972,0.439669,0.761641,0.332822,0.0934716,0.317674,0.294237,0.207319,4.38783,0.307993,-2.76444e-05,,0.011375,0.00114014,-0.000589063,-8.10422e-05,-0.000108687,0.000276141,0.0011687824444379658,-0.0015149887767620385,112.708,0.0,,0.0,,340.5899963378906,0.11278195,OF,/players/matt-wallner/26466/stats/batting,OF,8,8.0,AL,Matt Wallner,670242,26466,26466
NYM,Mets,0,1,1,0,0,0,0,0,0,0,0,0,0,0,0,0,,0,0,0.238255,0.27658,0.397664,0.674244,0.29331,0.0440574,0.254404,0.173179,0.15941,5.0224,0.288272,-8.76712e-06,,0.137866,-0.0258925,-0.000997004,0.000685946,0.000677179,0.000271056,-0.024056640337221324,-0.018280956312082708,85.1544,-1.0,,-1.0,,999.0,0.07894737,2B/3B,/players/ronny-mauricio/23698/stats/batting,2B/3B,25,25.0,NL,Ronny Mauricio,677595,23698,23698
BOS,Red Sox,0,0,0,0,0,0,0,0,0,0,0,0,0,0,0,0,,0,0,0.229207,0.286623,0.353766,0.640388,0.284008,0.0631004,0.256416,0.246086,0.124559,5.92827,0.293884,-3.57143e-07,,0.019918,-0.00566919,0.00199595,0.000631654,0.000631297,0.000270197,-0.0052914731204509735,0.000298422877676785,76.4325,0.0,,0.0,,999.0,0.08333333,OF,/players/nate-eaton/25055/stats/batting,OF,3,3.0,AL,Nate Eaton,681987,25055,25055
ATH,Athletics,0,0,0,0,0,0,0,0,0,0,0,0,0,0,0,0,,0,0,0.261586,0.328801,0.435532,0.764333,0.333623,0.0869844,0.261066,0.33319,0.173946,3.33373,0.330391,-7.72414e-06,,0.0228618,0.00239208,-0.00255907,-0.000211063,-0.000218787,0.000261752,0.0008643887122161686,-0.004410918802022934,105.388,0.0,,0.0,,999.0,0.08823529,OF,/players/johnathan-rodriguez/22530/stats/batting,OF,10,10.0,AL,Johnathan Rodríguez,671286,22530,22530
CHC,Cubs,0,0,0,0,0,0,0,0,0,0,0,0,0,0,0,0,,0,0,0.237095,0.298883,0.402451,0.701335,0.306959,0.0789026,0.31066,0.253984,0.165356,4.70071,0.319403,3.10078e-07,,0.00956946,-0.000665421,0.000579274,-4.6416e-05,-4.61059e-05,0.000249267,-0.0006344089088088367,0.0002706323575694114,94.3503,0.0,,0.0,,999.0,0.37931034,DH/OF,/players/kevin-alcantara/25971/stats/batting,DH/OF,17,17.0,NL,Kevin Alcántara,682634,25971,25971
NYY,Yankees,0,0,0,0,0,0,0,0,0,0,0,0,0,0,0,0,,0,0,0.225479,0.295658,0.34715,0.642808,0.287345,0.0782797,0.192452,0.406749,0.121671,3.05871,0.262492,-1.13178e-05,,0.0074973,-0.0018603,-0.000278135,-7.95968e-05,-9.09146e-05,0.000231515,-0.0017874876139103435,0.001265074621187523,81.5405,0.0,,0.0,,999.0,0.01428571,C,/players/jc-escarra/20084/stats/batting,C,9,9.0,AL,J.C. Escarra,641555,20084,20084
NYM,Mets,0,0,0,0,0,0,0,0,0,0,0,0,0,0,0,0,,0,0,0.218585,0.292979,0.399533,0.692513,0.303683,0.0900997,0.293164,0.307335,0.180948,4.54558,0.278519,-1.06e-05,,0.0140111,-0.00134118,0.000620288,-0.000253417,-0.000264017,0.000198865,-0.0014965771115384996,-0.0007686009048484266,92.1088,0.0,,0.0,,999.0,0.33333333,OF,/players/mj-melendez/22197/stats/batting,OF,25,25.0,NL,MJ Melendez,669004,22197,22197
ATL,Braves,0,0,0,0,0,0,0,0,0,0,0,0,0,0,0,0,,0,0,0.232124,0.309058,0.382172,0.69123,0.306265,0.0922398,0.265942,0.346841,0.150048,5.03436,0.296792,7.51852e-05,,0.0380841,-0.00285542,-0.00161452,-1.26237e-05,6.25615e-05,0.000197253,-0.0033768197827157564,-0.005935508408583701,91.7425,0.0,,0.0,,726.6699829101562,0.04907975,OF,/players/lane-thomas/16939/stats/batting,OF,16,16.0,NL,Lane Thomas,657041,16939,16939
CIN,Reds,0,0,0,0,0,0,0,0,0,0,0,0,0,0,0,0,,0,0,0.220315,0.297868,0.377474,0.675342,0.299347,0.0882041,0.304875,0.289313,0.157159,5.46355,0.295775,-2.12766e-07,,0.00903806,-0.00119682,0.000129501,0.000124996,0.000124783,0.000187922,-0.0014045602147234604,0.0004381432954687625,85.313,0.0,,0.0,,999.0,0.23076923,2B,/players/ivan-johnson/27593/stats/batting,2B,18,18.0,NL,Ivan Johnson,671155,27593,27593
WSN,Nationals,0,0,0,0,0,0,0,0,0,0,0,0,0,0,0,0,,0,0,0.22795,0.305185,0.384696,0.689881,0.305758,0.0786461,0.287411,0.273637,0.156745,3.03386,0.29749,-2.58065e-06,,0.00867258,-0.000685025,-0.00141926,-9.10145e-05,-9.35951e-05,0.000164462,-0.0010797529175761156,0.00012394494842737913,89.6416,0.0,,0.0,,999.0,0.01219512,C,/players/riley-adams/19864/stats/batting,C,24,24.0,NL,Riley Adams,656180,19864,19864
SFG,Giants,1,2,2,0,0,0,0,0,0,0,0,0,0,0,0,0,,0,0,0.241752,0.309405,0.337093,0.646498,0.290315,0.0794385,0.16029,0.495592,0.0953406,5.95077,0.281576,0.0,,0.222799,-0.0484254,0.00152933,0.00272299,0.00272299,0.000164077,-0.041887637227773666,-0.031032400322146714,83.8333,-2.0,-2.0,-2.0,-2.0,999.0,0.06060606,OF,/players/turner-hill/32053/stats/batting,OF,30,30.0,NL,Turner Hill,806367,32053,32053
CLE,Guardians,0,0,0,0,0,0,0,0,0,0,0,0,0,0,0,0,,0,0,0.230945,0.294135,0.394376,0.688511,0.30191,0.0754342,0.243306,0.310038,0.163431,3.12156,0.278406,0.0,,0.0368678,-0.00407166,3.05954e-05,-0.000386168,-0.000386168,0.000160182,-0.003594082751078531,-0.0070681697070540395,92.022,0.0,,0.0,,999.0,0.0,1B,/players/raffaele-velazquez/sa3023013/stats/batting,1B,5,,AL,Ralphy Velazquez,806252,sa3023013,sa3023013
,,0,0,0,0,0,0,0,0,0,0,0,0,0,0,0,0,,0,0,0.223614,0.308544,0.41235,0.720894,0.316744,0.0995882,0.285534,0.348778,0.188736,2.3795,0.278071,-0.000234524,,0.0256314,4.42255e-05,0.0,-0.000255541,-0.000490065,0.000146016,-0.0005036934207964805,-0.005401234608143568,99.9467,0.0,,0.0,,634.8099975585938,0.69753086,DH/OF,/players/jorge-soler/14221/stats/batting,DH/OF,-1,-1.0,,Jorge Soler,624585,14221,14221
TOR,Blue Jays,0,0,0,0,0,0,0,0,0,0,0,0,0,0,0,0,,0,0,0.221781,0.292651,0.361708,0.654359,0.290569,0.0868328,0.278055,0.312286,0.139926,6.63135,0.290907,1.8705e-06,,0.00842524,-0.00180964,0.000441636,0.000442898,0.000444768,0.000145772,-0.0011426398996263742,-0.0004842897760681808,84.2087,0.0,,0.0,,999.0,0.02173913,OF,/players/jonatan-clase/26599/stats/batting,OF,14,14.0,AL,Jonatan Clase,682729,26599,26599
CHW,White Sox,0,0,0,0,0,0,0,0,0,0,0,0,0,0,0,0,,0,0,0.237038,0.282787,0.369484,0.652271,0.286809,0.0516329,0.240081,0.215064,0.132446,3.73543,0.293643,-3.35664e-06,,0.0122441,-0.0031082,-0.00107005,-0.000121338,-0.000124694,0.000139022,-0.002924275177065283,-0.0002984479069709778,81.4335,0.0,,0.0,,999.0,0.0,OF,/players/tanner-murray/28848/stats/batting,OF,4,4.0,AL,Tanner Murray,695020,28848,28848
STL,Cardinals,0,0,0,0,0,0,0,0,0,0,0,0,0,0,0,0,,0,0,0.229701,0.300728,0.372087,0.672815,0.298637,0.0794416,0.279037,0.2847,0.142385,2.48089,0.298347,-8.57143e-07,,0.00410901,-0.000569793,-9.39838e-05,-4.77503e-05,-4.86074e-05,0.000138608,-0.0006016931074555032,0.000677621181239374,88.381,0.0,,0.0,,999.0,0.09090909,C,/players/jimmy-crooks/31354/stats/batting,C,28,28.0,NL,Jimmy Crooks,699625,31354,31354
PHI,Phillies,0,0,0,0,0,0,0,0,0,0,0,0,0,0,0,0,,0,0,0.217909,0.299682,0.38434,0.684022,0.302495,0.0996733,0.32285,0.308729,0.166431,6.31934,0.300326,-1.27132e-05,,0.0185157,-0.00195406,-0.000626988,0.000494524,0.000481811,0.000137143,-0.002416223578620702,-0.001861556142102927,86.0844,0.0,,0.0,,999.0,0.02247191,OF,/players/kameron-misner/26374/stats/batting,OF,26,26.0,NL,Kameron Misner,670224,26374,26374
MIA,Marlins,0,1,1,0,0,0,0,0,0,0,0,0,0,0,0,0,,0,0,0.251523,0.29124,0.415213,0.706452,0.306719,0.0473418,0.248407,0.190581,0.163689,4.91491,0.305507,0.0,,0.14329,-0.0102328,-0.000128099,0.000175803,0.000175803,0.000129201,-0.013938668998889625,-0.026979950329405256,90.9635,-1.0,,-1.0,,999.0,0.06666667,1B,/players/deyvison-de-los-santos/27969/stats/batting,1B,20,20.0,NL,Deyvison De Los Santos,691277,27969,27969
TBR,Rays,0,0,0,0,0,0,0,0,0,0,0,0,0,0,0,0,,0,0,0.209891,0.282662,0.377174,0.659836,0.290894,0.0839317,0.347764,0.241347,0.167283,7.05696,0.299833,-5.08621e-06,,0.00422396,-0.000893476,9.1296e-05,5.57655e-06,4.90339e-07,0.000126978,-0.0008363306426986128,0.0005542590006371029,83.3509,0.0,,0.0,,724.5499877929688,0.04166667,SS,/players/carson-williams/30038/stats/batting,SS,12,12.0,AL,Carson Williams,700246,30038,30038
TOR,Blue Jays,0,0,0,0,0,0,0,0,0,0,0,0,0,0,0,0,,0,0,0.237287,0.29826,0.380929,0.679189,0.299201,0.0780824,0.248173,0.314629,0.143643,3.49547,0.297185,0.0,,0.0135418,-0.00181053,-0.00041902,-0.000123791,-0.000123791,0.000120072,-0.0016009716055123135,-0.0018079093133565038,90.2035,0.0,,0.0,,999.0,0.01538462,OF,/players/yohendrick-pinango/26664/stats/batting,OF,14,14.0,AL,Yohendrick Piñango,682818,26664,26664
MIN,Twins,0,0,0,0,0,0,0,0,0,0,0,0,0,0,0,0,,0,0,0.220767,0.271438,0.374546,0.645984,0.283187,0.0571471,0.288179,0.198304,0.153779,4.04496,0.284059,-1.4094e-05,,0.0118649,-0.00348746,-0.00080291,-0.000102975,-0.000117069,0.000117938,-0.003398539156478364,-3.1305127777159214e-05,78.2376,0.0,,0.0,,999.0,0.0,3B/SS,/players/tristan-gray/19877/stats/batting,3B/SS,8,8.0,AL,Tristan Gray,656484,19877,19877
CHW,White Sox,0,0,0,0,0,0,0,0,0,0,0,0,0,0,0,0,,0,0,0.206039,0.276067,0.362631,0.638698,0.28233,0.0864943,0.351437,0.246116,0.156592,6.36189,0.297975,-5.51724e-07,,0.00785004,-0.00238484,0.000353287,0.000230968,0.000230416,0.000117565,-0.0019486778473947197,4.464475205168128e-05,78.3227,0.0,,0.0,,999.0,0.0,OF,/players/junior-perez/23989/stats/batting,OF,4,4.0,AL,Junior Perez,678577,23989,23989
BOS,Red Sox,0,0,0,0,0,0,0,0,0,0,0,0,0,0,0,0,,0,0,0.223771,0.30981,0.306695,0.616505,0.283016,0.0583508,0.225356,0.258927,0.0829233,8.1407,0.290273,0.0,,0.00394896,-0.00116848,0.000187892,0.000498309,0.000498309,0.000117145,-0.0007208862225525081,0.00034221328678540885,75.7433,0.0,,0.0,,999.0,0.0,OF,/players/braiden-ward/sa3017332/stats/batting,OF,3,,AL,Braiden Ward,685274,sa3017332,sa3017332
PHI,Phillies,0,0,0,0,0,0,0,0,0,0,0,0,0,0,0,0,,0,0,0.220158,0.292283,0.327284,0.619567,0.278994,0.0793856,0.240555,0.330011,0.107126,4.31479,0.278459,-1.09524e-05,,0.0139285,-0.0047867,-0.00153512,7.34744e-05,6.2522e-05,0.000112681,-0.005587242572801188,0.0015513015678152442,70.328,0.0,,0.0,,999.0,0.1627907,C,/players/garrett-stubbs/18067/stats/batting,C,26,26.0,NL,Garrett Stubbs,596117,18067,18067
MIN,Twins,0,0,0,0,0,0,0,0,0,0,0,0,0,0,0,0,,0,0,0.224403,0.283674,0.397913,0.681588,0.298305,0.0632297,0.31078,0.203455,0.17351,3.73783,0.296046,-1.5625e-06,,0.00409841,-0.000580393,-0.000525916,-3.0438e-05,-3.20005e-05,0.000111409,-0.0005496165867953096,0.00024568859953433275,88.7362,0.0,,0.0,,999.0,0.04477612,C,/players/alex-jackson/17276/stats/batting,C,8,8.0,AL,Alex Jackson,656577,17276,17276
PHI,Phillies,0,0,0,0,0,0,0,0,0,0,0,0,0,0,0,0,,0,0,0.226289,0.303351,0.391116,0.694467,0.306594,0.0868535,0.27889,0.311425,0.164827,5.07449,0.289983,-1.25984e-06,,0.00954399,-0.00069089,0.000247289,4.66086e-05,4.53487e-05,0.000103459,-0.0011175284671480767,-0.0006786369194742292,88.8324,0.0,,0.0,,999.0,0.0,OF,/players/gabriel-rincones/31958/stats/batting,OF,26,26.0,NL,Gabriel Rincones Jr.,687282,31958,31958
CIN,Reds,0,0,0,0,0,0,0,0,0,0,0,0,0,0,0,0,,0,0,0.234629,0.282497,0.364835,0.647333,0.284962,0.0533856,0.235159,0.227019,0.130207,5.49626,0.289365,-4.31655e-07,,0.0080338,-0.00220107,0.000386956,5.71035e-06,5.27869e-06,9.97375e-05,-0.002528320340843493,0.0006955974968150258,75.6687,0.0,,0.0,,999.0,0.0,2B,/players/edwin-arroyo/29957/stats/batting,2B,18,18.0,NL,Edwin Arroyo,695490,29957,29957
TBR,Rays,0,0,0,0,0,0,0,0,0,0,0,0,0,0,0,0,,0,0,0.204492,0.28423,0.358081,0.642311,0.28625,0.0816726,0.300695,0.271613,0.153588,4.67078,0.268558,-1.21951e-07,,0.0037137,-0.000965097,-0.000301898,1.6837e-05,1.6715e-05,9.88932e-05,-0.0008965830602392089,0.000469707214506343,80.1258,0.0,,0.0,,999.0,0.0,C,/players/kenny-piper/29962/stats/batting,C,12,12.0,AL,Kenny Piper,700652,29962,29962
MIA,Marlins,0,0,0,0,0,0,0,0,0,0,0,0,0,0,0,0,,0,0,0.213956,0.264496,0.329378,0.593874,0.263603,0.0546217,0.255815,0.21352,0.115423,3.88934,0.271789,-1.23077e-06,,0.0239276,-0.0135028,-0.000866447,-0.000182383,-0.000183614,9.76588e-05,-0.01463281449105125,0.005306391627527773,62.0572,0.0,,0.0,,999.0,0.0,C,/players/brian-navarreto/16398/stats/batting,C,20,20.0,NL,Brian Navarreto,640459,16398,16398
LAD,Dodgers,0,0,0,0,0,0,0,0,0,0,0,0,0,0,0,0,,0,0,0.23655,0.28645,0.390491,0.67694,0.296055,0.0591295,0.223491,0.264572,0.153941,5.04029,0.280109,5.04955e-05,,0.00440411,-0.00071333,0.000118191,-5.48247e-06,4.5013e-05,9.71549e-05,-0.0007243442232720554,0.00027251176652498543,85.223,0.0,,0.0,,746.030029296875,0.00574713,OF,/players/alek-thomas/23792/stats/batting,OF,22,22.0,NL,Alek Thomas,677950,23792,23792
CLE,Guardians,0,0,0,0,0,0,0,0,0,0,0,0,0,0,0,0,,0,0,0.218012,0.291169,0.376205,0.667375,0.295234,0.0824747,0.300803,0.274182,0.158194,5.65794,0.287663,0.0,,0.00437545,-0.000741992,0.000469014,4.95524e-05,4.95524e-05,9.68119e-05,-0.000584471727052005,6.050948286429048e-06,87.3857,0.0,,0.0,,999.0,0.0,OF,/players/kahlil-watson/29905/stats/batting,OF,5,5.0,AL,Kahlil Watson,696135,29905,29905
TOR,Blue Jays,0,0,0,0,0,0,0,0,0,0,0,0,0,0,0,0,,0,0,0.203099,0.295014,0.376739,0.671753,0.298678,0.104475,0.373523,0.279701,0.173639,3.95969,0.302769,0.0,,0.00411034,-0.00056846,-0.000720286,-3.52463e-05,-3.52463e-05,9.64583e-05,-0.0005021147953812033,5.1318900659680367e-05,89.8405,0.0,,0.0,,999.0,0.0,C/1B,/players/shawn-ross/32054/stats/batting,C/1B,14,14.0,AL,Shawn Ross,676566,32054,32054
,,0,0,0,0,0,0,0,0,0,0,0,0,0,0,0,0,,0,0,0.234907,0.319525,0.397872,0.717397,0.317016,0.106394,0.24723,0.430342,0.162965,1.84524,0.284209,-0.000104815,,0.0154074,5.5073e-05,0.0,-0.000163664,-0.000268478,9.31164e-05,-0.0002481178889865987,-0.0032407406251877546,100.133,0.0,,0.0,,377.510009765625,1.0,DH/OF,/players/marcell-ozuna/10324/stats/batting,DH/OF,-1,-1.0,,Marcell Ozuna,542303,10324,10324
LAD,Dodgers,0,0,0,0,0,0,0,0,0,0,0,0,0,0,0,0,,0,0,0.226151,0.316353,0.405776,0.722129,0.318958,0.0982651,0.27725,0.354428,0.179624,2.17648,0.281039,-1.04895e-05,,0.0156107,0.000258393,0.0,-0.000150759,-0.000161248,9.23378e-05,-7.093828753568232e-05,-0.0032407406251877546,100.578,0.0,,0.0,,745.8300170898438,0.05645161,C,/players/dalton-rushing/31382/stats/batting,C,22,22.0,NL,Dalton Rushing,687221,31382,31382
COL,Rockies,0,1,1,0,0,0,0,0,0,0,0,0,0,0,0,0,,0,0,0.243544,0.30195,0.403991,0.705941,0.309196,0.0745549,0.280257,0.266023,0.160446,5.86126,0.318443,0.000207429,,0.160473,-0.00840241,0.000839159,0.000738138,0.000945567,8.89553e-05,-0.031094157486222684,-0.014438617625273764,81.352,-1.0,,-1.0,,232.9199981689453,0.02884615,OF,/players/jordan-beck/31431/stats/batting,OF,19,19.0,NL,Jordan Beck,687597,31431,31431
MIL,Brewers,0,0,0,0,0,0,0,0,0,0,0,0,0,0,0,0,,0,0,0.217382,0.307942,0.360305,0.668247,0.298935,0.104798,0.268367,0.390503,0.142923,6.74816,0.282426,-5.625e-07,,0.00450465,-0.00061279,-0.000201618,0.000109447,0.000108885,8.52358e-05,-0.0005216258650762029,-4.729653301183134e-05,87.8898,0.0,,0.0,,999.0,0.0,SS,/players/jett-williams/sa3020134/stats/batting,SS,23,,NL,Jett Williams,702518,sa3020134,sa3020134
HOU,Astros,0,0,0,0,0,0,0,0,0,0,0,0,0,0,0,0,,0,0,0.20522,0.283392,0.367895,0.651287,0.289022,0.087269,0.323861,0.269464,0.162675,3.82837,0.275155,0.0,,0.00380216,-0.000876646,-0.000596211,-1.30589e-05,-1.30589e-05,8.33346e-05,-0.0007551150338258594,0.0001753944088704884,83.8522,0.0,,0.0,,999.0,0.14285714,C,/players/collin-price/31415/stats/batting,C,21,21.0,AL,Collin Price,805672,31415,31415
DET,Tigers,0,0,0,0,0,0,0,0,0,0,0,0,0,0,0,0,,0,0,0.217325,0.282345,0.392998,0.675343,0.296243,0.0735062,0.229442,0.32037,0.175673,1.94019,0.245009,-1.71429e-06,,0.00403261,-0.00064619,-0.000742931,-4.03189e-05,-4.20332e-05,7.97053e-05,-0.0006440486467909068,2.8674316126853228e-05,86.8996,0.0,,0.0,,999.0,0.0,C,/players/carlos-perez/10642/stats/batting,C,6,6.0,AL,Carlos Pérez,542208,10642,10642
PIT,Pirates,0,0,0,0,0,0,0,0,0,0,0,0,0,0,0,0,,0,0,0.225516,0.286604,0.360349,0.646954,0.286618,0.0679152,0.277297,0.244919,0.134833,6.15208,0.294842,-3.02899e-05,,0.0448218,-0.0114701,0.000996409,0.00150942,0.00147913,7.93022e-05,-0.012445502914488316,-0.0022443323396146297,75.6864,0.0,,0.0,,999.0,0.01162791,OF,/players/billy-cook/29573/stats/batting,OF,27,27.0,NL,Billy Cook,695257,29573,29573
LAA,Angels,0,0,0,0,0,0,0,0,0,0,0,0,0,0,0,0,,0,0,0.235193,0.301597,0.378064,0.679661,0.301059,0.0597641,0.219137,0.272725,0.142871,5.32612,0.278927,-4.90196e-07,,0.022894,-0.00269323,-0.00282256,0.000318548,0.000318058,7.73338e-05,-0.0017503213603049517,-0.005137375555932522,91.7696,0.0,,0.0,,999.0,0.03225806,OF,/players/gustavo-campero/22707/stats/batting,OF,1,1.0,AL,Gustavo Campero,672569,22707,22707
CIN,Reds,0,0,0,0,0,0,0,0,0,0,0,0,0,0,0,0,,0,0,0.2497,0.295577,0.401082,0.696658,0.304424,0.0554302,0.226281,0.244962,0.151381,4.60848,0.297265,3.5782e-05,,0.0234812,-0.00210602,-0.00123498,0.000140104,0.000175886,7.3298e-05,-0.002761453069979325,-0.003549793269485235,88.7166,0.0,,0.0,,147.7100067138672,0.01290323,3B/OF,/players/noelvi-marte/26517/stats/batting,3B/OF,18,18.0,NL,Noelvi Marte,682622,26517,26517
SEA,Mariners,0,0,0,0,0,0,0,0,0,0,0,0,0,0,0,0,,0,0,0.211044,0.279808,0.333128,0.612936,0.274345,0.0731641,0.293804,0.249023,0.122084,4.61478,0.284947,-4.30108e-07,,0.00333375,-0.00134505,-0.000482805,-1.02454e-05,-1.06755e-05,7.30104e-05,-0.000969943785094074,0.000288799696136266,79.1255,0.0,,0.0,,999.0,0.0,C,/players/willie-maciver/24641/stats/batting,C,11,11.0,AL,Willie MacIver,680862,24641,24641
PIT,Pirates,0,1,1,0,0,0,0,0,0,0,0,0,0,0,0,0,,0,0,0.245987,0.311017,0.361982,0.672999,0.299435,0.0818775,0.203857,0.401642,0.115995,5.72241,0.298471,1.25e-05,,0.113053,-0.0148833,-0.00137573,0.00202505,0.00203755,7.08515e-05,-0.018424298148602247,-0.016036224085837603,84.2796,-1.0,,-1.0,,999.0,0.2173913,OF,/players/ronny-simon/25346/stats/batting,OF,27,27.0,NL,Ronny Simon,682927,25346,25346
HOU,Astros,0,0,0,0,0,0,0,0,0,0,0,0,0,0,0,0,,0,0,0.232576,0.30041,0.368579,0.668989,0.297024,0.0739691,0.276233,0.267778,0.136003,4.71055,0.305734,-2.44019e-06,,0.00443792,-0.000679514,0.000119492,5.86101e-07,-1.85409e-06,6.63542e-05,-0.0005341604713748893,-0.00034347082691965625,89.4094,0.0,,0.0,,746.02001953125,0.0,OF,/players/joey-loperfido/29630/stats/batting,OF,21,21.0,AL,Joey Loperfido,694388,29630,29630
CHW,White Sox,0,0,0,0,0,0,0,0,0,0,0,0,0,0,0,0,,0,0,0.22424,0.323556,0.270585,0.594141,0.278471,0.114321,0.195827,0.583783,0.046345,4.76356,0.283608,0.0,,0.00758065,-0.00265423,0.000279494,6.48078e-05,6.48078e-05,6.57731e-05,-0.0023836729742470197,-2.9148301109671593e-05,75.6429,0.0,,0.0,,999.0,0.0,OF,/players/rikuu-nishida/33795/stats/batting,OF,4,4.0,AL,Rikuu Nishida,807747,33795,33795
TBR,Rays,0,0,0,0,0,0,0,0,0,0,0,0,0,0,0,0,,0,0,0.220524,0.300086,0.403774,0.703859,0.309089,0.0935494,0.30243,0.309326,0.18325,4.34142,0.28392,-1.34752e-06,,0.00485908,-0.000258355,-0.000271846,7.43055e-06,6.08303e-06,6.09801e-05,-0.00019561665521905525,-0.0007348085346166044,95.987,0.0,,0.0,,999.0,0.0,OF,/players/jack-suwinski/22244/stats/batting,OF,12,12.0,AL,Jack Suwinski,669261,22244,22244
MIA,Marlins,0,0,0,0,0,0,0,0,0,0,0,0,0,0,0,0,,0,0,0.243136,0.318622,0.378453,0.697075,0.309642,0.0924822,0.23849,0.387781,0.135317,2.74552,0.303997,-8.4507e-07,,0.0292703,-0.00143438,-6.44413e-05,-0.000344941,-0.000345786,5.79945e-05,-0.002556491584982723,-0.005311354820150882,92.9232,0.0,,0.0,,999.0,0.0,1B,/players/jonathon-long/sa3022864/stats/batting,1B,20,,NL,Jonathon Long,675085,sa3022864,sa3022864
MIL,Brewers,0,1,1,0,0,0,0,0,0,0,0,0,0,0,0,0,,0,0,0.229429,0.297212,0.327418,0.62463,0.280882,0.0816247,0.269595,0.302768,0.0979886,5.97602,0.310001,-2.62774e-05,,0.0697409,-0.022373,-0.000150843,0.00324963,0.00322335,4.54364e-05,-0.01946860458701849,-0.005397756249294616,75.7865,-1.0,,-1.0,,999.0,0.0,OF,/players/brandon-lockridge/21496/stats/batting,OF,23,23.0,NL,Brandon Lockridge,663604,21496,21496
ARI,Diamondbacks,0,1,1,0,0,0,0,0,0,0,0,0,0,0,0,0,,0,0,0.229616,0.319648,0.372684,0.692332,0.308898,0.114649,0.246964,0.464234,0.143068,3.30075,0.286916,-0.000798571,,0.135867,-0.00742115,-0.000399166,-0.00107005,-0.00186862,4.19572e-05,-0.011712144361808896,-0.02725101780379191,93.2477,-1.0,,-1.0,,999.0,0.50413223,1B/OF,/players/pavin-smith/19892/stats/batting,1B/OF,15,15.0,NL,Pavin Smith,656976,19892,19892
CHC,Cubs,0,0,0,0,0,0,0,0,0,0,0,0,0,0,0,0,,0,0,0.220186,0.283192,0.341685,0.624878,0.278662,0.0716869,0.254762,0.281388,0.121499,3.30009,0.277283,-1.14667e-05,,0.00347153,-0.00120727,-0.000456554,-1.6767e-05,-2.82337e-05,4.07711e-05,-0.0012002488092548447,0.00031505071092396975,75.3788,0.0,,0.0,,999.0,0.04285714,C,/players/austin-wynns/15271/stats/batting,C,17,17.0,NL,Austin Wynns,642851,15271,15271
SDP,Padres,0,0,0,0,0,0,0,0,0,0,0,0,0,0,0,0,,0,0,0.210499,0.266899,0.353844,0.620743,0.27369,0.06881,0.348943,0.197196,0.143345,5.91183,0.305302,-2.52101e-07,,0.00362342,-0.00149402,0.000100876,6.09392e-05,6.06871e-05,3.75129e-05,-0.0012929405347676948,0.0002551973666413687,74.001,0.0,,0.0,,999.0,0.10344828,3B,/players/gage-workman/27573/stats/batting,3B,29,29.0,NL,Gage Workman,669398,27573,27573
MIA,Marlins,0,0,0,0,0,0,0,0,0,0,0,0,0,0,0,0,,0,0,0.2238,0.284897,0.338488,0.623385,0.278147,0.0667483,0.25899,0.257725,0.114688,3.02385,0.290296,-1.66667e-05,,0.00345508,-0.00122372,-0.000288995,-4.57545e-05,-6.24211e-05,3.70422e-05,-0.0014044397466932423,0.00048260969924740493,71.8074,0.0,,0.0,,999.0,0.0,C,/players/logan-driscoll/25475/stats/batting,C,20,20.0,NL,Logan Driscoll,686482,25475,25475
NYY,Yankees,0,0,0,0,0,0,0,0,0,0,0,0,0,0,0,0,,0,0,0.214448,0.308483,0.323281,0.631765,0.287888,0.0992063,0.228086,0.434951,0.108833,5.26114,0.267895,-1.22137e-06,,0.00411904,-0.000998394,9.73907e-05,7.29894e-05,7.1768e-05,3.32686e-05,-0.0008370851064682938,-0.00036557223211275414,81.9177,0.0,,0.0,,999.0,0.00694444,SS,/players/max-schuemann/24488/stats/batting,SS,9,9.0,AL,Max Schuemann,680474,24488,24488
PIT,Pirates,0,0,0,0,0,0,0,0,0,0,0,0,0,0,0,0,,0,0,0.240753,0.300092,0.353052,0.653144,0.290668,0.0719054,0.23316,0.308395,0.112298,4.69954,0.302845,2.03704e-06,,0.0126482,-0.00270414,-0.00090039,-8.51941e-05,-8.31571e-05,3.30463e-05,-0.0034567196416901425,-0.00043742681737057865,78.4014,0.0,,0.0,,999.0,0.01449275,2B/3B,/players/nick-yorke/27504/stats/batting,2B/3B,27,27.0,NL,Nick Yorke,694377,27504,27504
ATH,Athletics,0,0,0,0,0,0,0,0,0,0,0,0,0,0,0,0,,0,0,0.223569,0.287508,0.338323,0.625831,0.279647,0.0712691,0.22417,0.317924,0.114754,4.79791,0.273769,-1.06383e-07,,0.00350298,-0.00117582,-0.000430135,1.6138e-05,1.60316e-05,2.85921e-05,-0.0014589700949727558,0.00034146980033256114,67.9026,0.0,,0.0,,999.0,0.0,C,/players/bryan-lavastida/24765/stats/batting,C,10,10.0,AL,Bryan Lavastida,681526,24765,24765
ARI,Diamondbacks,0,0,0,0,0,0,0,0,0,0,0,0,0,0,0,0,,0,0,0.234812,0.303776,0.339018,0.642794,0.28856,0.0816166,0.200182,0.407713,0.104206,2.50604,0.282932,0.0,,0.00414249,-0.000974951,0.000746797,-5.15491e-05,-5.15491e-05,2.73256e-05,-0.0011130133170809131,-2.4807523004710674e-05,79.6125,0.0,,0.0,,999.0,0.3125,1B/DH,/players/lujames-groover/33552/stats/batting,1B/DH,15,15.0,NL,LuJames Groover,694410,33552,33552
MIN,Twins,0,0,0,0,0,0,0,0,0,0,0,0,0,0,0,0,,0,0,0.241057,0.292527,0.369178,0.661705,0.292296,0.0523503,0.205563,0.254668,0.128121,2.78528,0.285256,-2.85714e-07,,0.00427289,-0.000844545,-1.85689e-05,-5.42946e-05,-5.45803e-05,2.21388e-05,-0.000830462624435313,-0.00048153185889532324,84.5633,0.0,,0.0,,999.0,0.0,OF,/players/gabriel-gonzalez/28833/stats/batting,OF,8,8.0,AL,Gabriel Gonzalez,694224,28833,28833
MIA,Marlins,0,0,0,0,0,0,0,0,0,0,0,0,0,0,0,0,,0,0,0.225409,0.289033,0.338652,0.627685,0.280347,0.0733022,0.267949,0.273568,0.113243,5.90436,0.297963,-5.88235e-07,,0.0038558,-0.00126164,-8.50529e-05,0.000109875,0.000109287,1.97262e-05,-0.0012817441893275827,6.926810601726174e-05,73.2826,0.0,,0.0,,999.0,0.0,OF,/players/andrew-pintar/sa3020715/stats/batting,OF,20,,NL,Andrew Pintar,801464,sa3020715,sa3020715
LAD,Dodgers,0,0,0,0,0,0,0,0,0,0,0,0,0,0,0,0,,0,0,0.232425,0.277871,0.333788,0.611659,0.271466,0.0565251,0.153063,0.369292,0.101363,2.25958,0.259262,-1.16279e-07,,0.00324187,-0.00143693,-0.000356297,-4.15354e-05,-4.16517e-05,1.743e-05,-0.0015298050711862743,0.00041530808084644377,68.7375,0.0,,0.0,,999.0,0.07692308,C,/players/eliezer-alfonzo/22741/stats/batting,C,22,22.0,NL,Eliezer Alfonzo,672613,22741,22741
LAA,Angels,0,0,0,0,0,0,0,0,0,0,0,0,0,0,0,0,,0,0,0.21496,0.259989,0.316442,0.576431,0.256258,0.0486926,0.228738,0.212875,0.101482,2.86724,0.264711,-2.29885e-06,,0.00551304,-0.00384456,-0.000479605,-7.5013e-05,-7.73118e-05,1.70013e-05,-0.0036933530791429803,0.0010636044025886804,60.6558,0.0,,0.0,,999.0,0.0,C,/players/sebastian-rivero/21735/stats/batting,C,1,1.0,AL,Sebastián Rivero,665861,21735,21735
BAL,Orioles,0,1,1,0,0,0,0,0,0,0,0,0,0,0,0,0,,0,0,0.234943,0.288188,0.385843,0.674031,0.29613,0.0544581,0.26641,0.204415,0.1509,3.72074,0.296068,-3.44262e-05,,0.0925416,-0.0149246,-0.000576429,-0.000941002,-0.000975428,1.66855e-05,-0.011780006578192115,-0.020175193960312754,89.7636,-1.0,,-1.0,,999.0,0.01666667,OF,/players/heston-kjerstad/31166/stats/batting,OF,2,2.0,AL,Heston Kjerstad,677008,31166,31166
PIT,Pirates,0,0,0,0,0,0,0,0,0,0,0,0,0,0,0,0,,0,0,0.234741,0.286413,0.384825,0.671238,0.294262,0.0580784,0.274939,0.211241,0.150084,4.40475,0.301561,0.0,,0.00434153,-0.00077591,0.000219037,-2.9728e-05,-2.9728e-05,1.35951e-05,-0.0010287804707331816,-0.00024392596969846636,80.8113,0.0,,0.0,,999.0,0.03571429,OF,/players/jhostynxon-garcia/28142/stats/batting,OF,27,27.0,NL,Jhostynxon Garcia,691373,28142,28142
CHW,White Sox,0,0,0,0,0,0,0,0,0,0,0,0,0,0,0,0,,0,0,0.2274,0.289853,0.370886,0.660739,0.291832,0.0742503,0.267268,0.277812,0.143486,5.14929,0.290958,0.0,,0.00425671,-0.000860734,-0.000202424,2.54034e-05,2.54034e-05,1.33999e-05,-0.0007324571815843228,-0.0006653868476860225,84.9218,0.0,,0.0,,999.0,0.0,OF,/players/jake-cave/14477/stats/batting,OF,4,4.0,AL,Jake Cave,595909,14477,14477
NYM,Mets,0,0,0,0,0,0,0,0,0,0,0,0,0,0,0,0,,0,0,0.20813,0.261747,0.324727,0.586473,0.260997,0.0536932,0.295604,0.181639,0.116597,4.00475,0.279242,-1.20482e-06,,0.00290776,-0.00177104,-0.000175142,-3.38708e-05,-3.50756e-05,1.11138e-05,-0.001773009204043774,0.0005964631563983858,63.4902,0.0,,0.0,,999.0,0.0,C,/players/hayden-senger/21489/stats/batting,C,25,25.0,NL,Hayden Senger,663584,21489,21489
PIT,Pirates,0,0,0,0,0,0,0,0,0,0,0,0,0,0,0,0,,0,0,0.226097,0.261786,0.365316,0.627102,0.274066,0.0418415,0.253888,0.164803,0.139219,3.55329,0.277036,-1.26582e-06,,0.00332486,-0.00135394,-0.000392191,2.0256e-06,7.59777e-07,1.09882e-05,-0.0015571934128502107,0.00037941362825222313,67.2712,0.0,,0.0,,999.0,0.03225806,C,/players/christian-bethancourt/10028/stats/batting,C,27,27.0,NL,Christian Bethancourt,542194,10028,10028
MIA,Marlins,0,0,0,0,0,0,0,0,0,0,0,0,0,0,0,0,,0,0,0.238264,0.284573,0.400073,0.684646,0.298567,0.0517329,0.310458,0.166634,0.161809,5.25651,0.319912,0.0,,0.00449181,-0.000625629,-5.98696e-05,-2.32933e-05,-2.32933e-05,1.07005e-05,-0.0007783100591041148,-0.000522832586284494,85.4985,0.0,,0.0,,999.0,0.0,OF,/players/riley-alderman/sa3022562/stats/batting,OF,20,,NL,Kemp Alderman,694580,sa3022562,sa3022562
DET,Tigers,0,0,0,0,0,0,0,0,0,0,0,0,0,0,0,0,,0,0,0.231917,0.291113,0.36417,0.655282,0.290108,0.0729948,0.235534,0.309912,0.132252,4.00836,0.283018,-6.61157e-07,,0.00419654,-0.000920903,-0.000122402,2.0795e-05,2.01338e-05,9.33071e-06,-0.0008524533950549085,-0.0005853652255609632,82.6393,0.0,,0.0,,999.0,0.125,OF,/players/corey-julks/20311/stats/batting,OF,6,6.0,AL,Corey Julks,667452,20311,20311
SFG,Giants,0,1,1,0,0,0,0,0,0,0,0,0,0,0,0,0,,0,0,0.213469,0.284635,0.345413,0.630048,0.280781,0.0852713,0.306071,0.2786,0.131944,6.92501,0.294994,-6.79245e-06,,0.069677,-0.0224369,-0.00480496,0.00285565,0.00284886,5.57679e-06,-0.01829247921705246,-0.006965454202145338,77.4411,-1.0,,-1.0,,999.0,0.04761905,OF,/players/grant-mccray/25690/stats/batting,OF,30,30.0,NL,Grant McCray,687529,25690,25690
COL,Rockies,0,0,0,0,0,0,0,0,0,0,0,0,0,0,0,0,,0,0,0.264378,0.336824,0.36836,0.705184,0.316141,0.0653388,0.132389,0.493537,0.103982,5.17562,0.29546,5.08671e-06,,0.00510524,-1.21998e-05,-0.000229348,2.5673e-06,7.65401e-06,-6.9998e-07,-0.0007208278466350748,-0.0006923108012415469,86.0081,0.0,,0.0,,745.8599853515625,0.19095477,OF,/players/tyler-freeman/22532/stats/batting,OF,19,19.0,NL,Tyler Freeman,671289,22532,22532
NYM,Mets,0,0,0,0,0,0,0,0,0,0,0,0,0,0,0,0,,0,0,0.201898,0.306495,0.267152,0.573647,0.268918,0.115657,0.222484,0.519844,0.0652547,5.38416,0.262659,-8.84956e-08,,0.00345685,-0.00166059,-2.84109e-05,6.03017e-05,6.02132e-05,-3.25727e-06,-0.001564170994242886,0.00012591008089657407,68.8006,0.0,,0.0,,999.0,0.0,2B/3B/SS,/players/christian-cairo/sa3010028/stats/batting,2B/3B/SS,25,,NL,Christian Cairo,686551,sa3010028,sa3010028
PHI,Phillies,0,0,0,0,0,0,0,0,0,0,0,0,0,0,0,0,,0,0,0.228353,0.277362,0.401577,0.678939,0.295829,0.0477949,0.311888,0.153244,0.173225,5.20002,0.303025,-8.77193e-07,,0.0131887,-0.00216365,-5.03165e-05,-5.11381e-05,-5.20153e-05,-1.46653e-05,-0.002923650223237928,-0.0014392053344636224,81.6149,0.0,,0.0,,748.5900268554688,0.02970297,OF,/players/colby-thomas/31855/stats/batting,OF,26,26.0,NL,Colby Thomas,687515,31855,31855
LAD,Dodgers,0,0,0,0,0,0,0,0,0,0,0,0,0,0,0,0,,0,0,0.217212,0.270057,0.318402,0.588459,0.262587,0.0624666,0.285085,0.219116,0.10119,5.85562,0.29394,-2.5e-06,,0.00323588,-0.00188156,0.000111375,0.000123857,0.000121357,-1.46856e-05,-0.0018162265623686835,0.00026569562760414556,62.785,0.0,,0.0,,740.77001953125,0.0,2B/SS,/players/hyeseong-kim/35322/stats/batting,2B/SS,22,22.0,NL,Hyeseong Kim,808975,35322,35322
HOU,Astros,0,0,0,0,0,0,0,0,0,0,0,0,0,0,0,0,,0,0,0.220497,0.283257,0.309632,0.592888,0.267189,0.0716668,0.243909,0.293826,0.0891354,5.62862,0.285986,-6.50407e-07,,0.0271721,-0.0137674,-0.00186443,0.000477579,0.000476928,-2.01776e-05,-0.012112856144085526,-0.0003212181618437171,68.6897,0.0,,0.0,,999.0,0.0,2B/3B/SS,/players/raynel-delgado/22272/stats/batting,2B/3B/SS,21,21.0,AL,Raynel Delgado,669384,22272,22272
WSN,Nationals,0,0,0,0,0,0,0,0,0,0,0,0,0,0,0,0,,0,0,0.240677,0.27187,0.376688,0.648558,0.282846,0.0395305,0.244316,0.1618,0.136012,4.21909,0.295501,-6.69065e-06,,0.0118291,-0.00352325,-0.000287059,-9.51467e-06,-1.62053e-05,-2.60687e-05,-0.0040334997029276565,-0.0004413803108036518,74.2801,0.0,,0.0,,999.0,0.0,3B,/players/trey-lipscomb/31567/stats/batting,3B,24,24.0,NL,Trey Lipscomb,702358,31567,31567
MIA,Marlins,0,0,0,0,0,0,0,0,0,0,0,0,0,0,0,0,,0,0,0.219885,0.276243,0.334354,0.610597,0.271775,0.0651631,0.259469,0.25114,0.114468,5.65805,0.283019,1.63265e-06,,0.00711317,-0.00312171,-0.000255942,0.000155088,0.00015672,-3.64967e-05,-0.003223760679247789,5.26997318957001e-05,67.5357,0.0,,0.0,,999.0,0.0,2B/3B/SS,/players/maximo-acosta/27963/stats/batting,2B/3B/SS,20,20.0,NL,Maximo Acosta,691185,27963,27963
CHC,Cubs,0,0,0,0,0,0,0,0,0,0,0,0,0,0,0,0,,0,0,0.219107,0.305871,0.356239,0.66211,0.296407,0.104845,0.248735,0.421512,0.137132,4.39108,0.273593,-8e-08,,0.0044164,-0.000701039,-0.000358918,-2.77075e-05,-2.77875e-05,-4.21963e-05,-0.0006902675413584802,-0.001130522898165509,87.2758,0.0,,0.0,,999.0,0.2,1B,/players/bj-murray/29767/stats/batting,1B,17,17.0,NL,BJ Murray Jr.,681230,29767,29767
CHW,White Sox,0,0,0,0,0,0,0,0,0,0,0,0,0,0,0,0,,0,0,0.22935,0.27621,0.388141,0.66435,0.290444,0.0560183,0.341559,0.164008,0.15879,2.82482,0.319507,-2.25564e-06,,0.0126248,-0.00272756,-0.000180526,-0.000133335,-0.000135591,-4.69702e-05,-0.0025545290700392798,-0.0024953412357717752,83.9579,0.0,,0.0,,999.0,0.13043478,1B,/players/tim-elko/31522/stats/batting,1B,4,4.0,AL,Tim Elko,671284,31522,31522
STL,Cardinals,0,0,0,0,0,0,0,0,0,0,0,0,0,0,0,0,,0,0,0.245606,0.282632,0.347725,0.630357,0.278299,0.0387468,0.159078,0.243571,0.10212,3.64032,0.279678,-6.56934e-06,,0.0227058,-0.0079988,-0.00141612,-0.000543033,-0.000549603,-5.00196e-05,-0.008438762626610696,-0.0004901935462839901,74.7456,0.0,,0.0,,999.0,0.07142857,3B,/players/cesar-prieto/30163/stats/batting,3B,28,28.0,NL,César Prieto,693409,30163,30163
SFG,Giants,0,0,0,0,0,0,0,0,0,0,0,0,0,0,0,0,,0,0,0.212967,0.281515,0.307434,0.588948,0.266144,0.0813327,0.219715,0.370174,0.0944667,2.39959,0.262596,0.0,,0.00921607,-0.00482034,-0.001935,-0.000115599,-0.000115599,-5.1052e-05,-0.004738515577628277,0.0003798148827627301,67.6279,0.0,,0.0,,999.0,0.0,C,/players/zachary-morgan/sa3019968/stats/batting,C,30,,NL,Zach Morgan,681439,sa3019968,sa3019968
MIL,Brewers,0,0,0,0,0,0,0,0,0,0,0,0,0,0,0,0,,0,0,0.201592,0.273549,0.296128,0.569676,0.258358,0.0820957,0.27927,0.293966,0.0945355,4.44839,0.273275,-9.00901e-07,,0.00308825,-0.00202919,-0.000128502,-1.81971e-05,-1.9098e-05,-6.45298e-05,-0.0020660088448494207,2.5819113943725824e-05,60.6851,0.0,,0.0,,999.0,0.0,2B/SS,/players/ethan-murray/sa3017051/stats/batting,2B/SS,23,,NL,Ethan Murray,696140,sa3017051,sa3017051
PIT,Pirates,0,0,0,0,0,0,0,0,0,0,0,0,0,0,0,0,,0,0,0.216847,0.280016,0.34021,0.620226,0.276106,0.0769914,0.281192,0.273804,0.123363,5.41804,0.287725,-2.03704e-06,,0.00741553,-0.00281935,-0.000613593,0.000115377,0.00011334,-6.56281e-05,-0.003152290861180518,-0.000304951099678874,68.6386,0.0,,0.0,,999.0,0.02222222,OF,/players/tyler-callihan/27497/stats/batting,OF,27,27.0,NL,Tyler Callihan,682997,27497,27497
NYM,Mets,0,0,0,0,0,0,0,0,0,0,0,0,0,0,0,0,,0,0,0.230713,0.28934,0.367607,0.656947,0.290029,0.0734589,0.228796,0.321067,0.136894,4.3291,0.279231,-2.50633e-05,,0.0167751,-0.00369469,0.000734574,-9.87715e-05,-0.000123835,-7.21851e-05,-0.0036736925248987973,-0.002660487953107804,82.9545,0.0,,0.0,,748.2100219726562,0.09090909,1B,/players/eric-wagaman/23395/stats/batting,1B,25,25.0,NL,Eric Wagaman,676572,23395,23395
CIN,Reds,0,0,0,0,0,0,0,0,0,0,0,0,0,0,0,0,,0,0,0.22051,0.255248,0.34834,0.603588,0.264474,0.0392748,0.275013,0.142811,0.12783,2.57828,0.282243,-1.42857e-06,,0.00905618,-0.00498022,-0.00134823,-0.000111017,-0.000112446,-7.37948e-05,-0.005548705186811276,0.000966583495028317,61.9325,0.0,,0.0,,999.0,0.0,C,/players/will-banfield/23790/stats/batting,C,18,18.0,NL,Will Banfield,677943,23790,23790
COL,Rockies,0,0,0,0,0,0,0,0,0,0,0,0,0,0,0,0,,0,0,0.24656,0.303183,0.367669,0.670852,0.297067,0.0715517,0.198724,0.360056,0.121109,4.29454,0.292675,-2.64463e-06,,0.00887889,-0.00135599,-0.000514488,-7.58871e-05,-7.85318e-05,-0.000120761,-0.0028670817482634448,-0.0011317723547108471,73.2203,0.0,,0.0,,999.0,0.0,3B,/players/vimael-machin/17684/stats/batting,3B,19,19.0,NL,Vimael Machín,605353,17684,17684
CHW,White Sox,0,1,1,0,0,0,0,0,0,0,0,0,0,0,0,0,,0,0,0.224886,0.303731,0.352344,0.656075,0.293645,0.0973244,0.244805,0.39756,0.127458,3.588,0.281489,-0.000414752,,0.0734397,-0.0135568,-0.000554551,-0.000514876,-0.000929628,-0.000135805,-0.012737545650452375,-0.0145977609208785,86.1808,-1.0,,-1.0,,999.0,0.05185185,OF,/players/tommy-pham/2967/stats/batting,OF,4,4.0,AL,Tommy Pham,502054,2967,2967
ATH,Athletics,0,0,0,0,0,0,0,0,0,0,0,0,0,0,0,0,,0,0,0.202056,0.260875,0.306198,0.567073,0.254479,0.0605122,0.280875,0.215442,0.104142,4.62263,0.268901,-5.26316e-07,,0.00590573,-0.00432914,-0.000494211,0.000147641,0.000147115,-0.000136994,-0.004836480060475878,0.0004317151033319533,50.424,0.0,,0.0,,999.0,0.0,2B,/players/jack-winkler/29830/stats/batting,2B,10,10.0,AL,Jack Winkler,676466,29830,29830
KCR,Royals,0,0,0,0,0,0,0,0,0,0,0,0,0,0,0,0,,0,0,0.228185,0.273017,0.385146,0.658163,0.287181,0.0527609,0.292743,0.180229,0.156961,6.65062,0.298485,-2.6087e-07,,0.012283,-0.00306931,0.0,0.000413908,0.000413647,-0.00015456,-0.0028660667303483933,-0.0032407406251877546,78.2493,0.0,,0.0,,999.0,0.0,OF,/players/gavin-cross/sa3019985/stats/batting,OF,7,,AL,Gavin Cross,688457,sa3019985,sa3019985
SDP,Padres,0,1,1,0,0,0,0,0,0,0,0,0,0,0,0,0,,0,0,0.259117,0.30054,0.387316,0.687856,0.301335,0.0522503,0.162151,0.322232,0.128198,3.87922,0.290624,-0.000170471,,0.0642376,-0.0074065,0.0,-0.000592493,-0.000762963,-0.000166916,-0.006203966273460537,-0.015123456716537476,92.5354,-1.0,,-1.0,,722.9099731445312,0.5304878,3B/DH/OF,/players/miguel-andujar/15878/stats/batting,3B/DH/OF,29,29.0,NL,Miguel Andujar,609280,15878,15878
ATL,Braves,0,0,0,0,0,0,0,0,0,0,0,0,0,0,0,0,,0,0,0.226111,0.286921,0.33529,0.622211,0.278324,0.0616402,0.227367,0.271104,0.109179,2.94256,0.278207,-1.50427e-05,,0.0148163,-0.00521483,-0.00189429,-0.000312847,-0.00032789,-0.000194383,-0.005828446999657899,-0.0015856436803005636,73.0094,0.0,,0.0,,999.0,0.26168224,2B/SS,/players/kyle-farmer/14813/stats/batting,2B/SS,16,16.0,NL,Kyle Farmer,571657,14813,14813
ATH,Athletics,0,1,1,0,0,0,0,0,0,0,0,0,0,0,0,0,,0,0,0.246634,0.329143,0.318866,0.648008,0.296124,0.0905128,0.149475,0.60554,0.072232,2.98566,0.286811,-1.4e-05,,0.105757,-0.017062,-0.00752271,-0.00158397,-0.00159797,-0.000199329,-0.026513388729654253,-0.01215234212577343,79.3454,-1.0,,-1.0,,999.0,0.04,2B,/players/michael-stefanic/25353/stats/batting,2B,10,10.0,AL,Michael Stefanic,683021,25353,25353
,,0,0,0,0,0,0,0,0,0,0,0,0,0,0,0,0,,0,0,0.219538,0.265582,0.327317,0.592898,0.262919,0.056465,0.2704,0.20882,0.107778,5.61604,0.28748,-2.32759e-06,,0.0292272,-0.0168297,-0.00231604,0.00206193,0.0020596,-0.000200867,-0.014874247834086418,-0.0003098717425018549,63.2249,0.0,,0.0,,999.0,0.0,SS,/players/andrew-velazquez/14196/stats/batting,SS,-1,-1.0,,Andrew Velazquez,623205,14196,14196
SDP,Padres,0,0,0,0,0,0,0,0,0,0,0,0,0,0,0,0,,0,0,0.201134,0.259923,0.294134,0.554058,0.24936,0.0691165,0.290499,0.237923,0.0930005,5.64483,0.275797,-2.77778e-06,,0.0138707,-0.0117165,-0.000152102,0.000648926,0.000646148,-0.000245209,-0.010368343035224825,0.0009281452803406864,57.6891,0.0,,0.0,,999.0,0.06666667,SS,/players/mason-mccoy/22232/stats/batting,SS,29,29.0,NL,Mason McCoy,669200,22232,22232
LAD,Dodgers,0,2,2,0,0,0,0,0,0,0,0,0,0,0,0,0,,0,0,0.218494,0.279306,0.353962,0.633268,0.280617,0.0731992,0.234217,0.312527,0.135468,2.74044,0.262813,0.000387591,,0.173935,-0.0563502,-0.00402913,-0.00189235,-0.00150476,-0.000255744,-0.06037615588866174,-0.005418023560196161,74.8725,-2.0,,-2.0,,999.0,0.0125,OF,/players/enrique-hernandez/10472/stats/batting,OF,22,22.0,NL,Enrique Hernández,571771,10472,10472
SDP,Padres,0,1,1,0,0,0,0,0,0,0,0,0,0,0,0,0,,0,0,0.226372,0.297005,0.330162,0.627167,0.282071,0.0846322,0.259052,0.326699,0.10379,5.86539,0.295933,-1.83007e-05,,0.109648,-0.0336405,-0.00267898,0.00342883,0.00341053,-0.000261161,-0.026298996759578586,-0.015641938894987106,79.6204,-1.0,,-1.0,,999.0,0.03921569,OF,/players/samad-taylor/22274/stats/batting,OF,29,29.0,NL,Samad Taylor,669392,22274,22274
MIA,Marlins,0,1,1,0,0,0,0,0,0,0,0,0,0,0,0,0,,0,0,0.21994,0.276696,0.33204,0.608735,0.271367,0.0642059,0.209954,0.30581,0.112099,3.88599,0.262028,-4.77273e-06,,0.074389,-0.0330772,-0.00110005,-0.000138383,-0.000143156,-0.000277088,-0.03593745856778696,0.0036839009262621403,67.262,-1.0,,-1.0,,999.0,0.0,2B,/players/jared-serna/28326/stats/batting,2B,20,20.0,NL,Jared Serna,691858,28326,28326
PIT,Pirates,0,1,2,0,0,0,0,0,0,0,0,0,0,0,0,0,,0,0,0.228638,0.289422,0.361676,0.651098,0.288515,0.0697998,0.20045,0.348215,0.133038,3.83653,0.265622,0.0,,0.149073,-0.0351547,-0.0164827,-0.0003521,-0.0003521,-0.000328214,-0.043539878708543256,-0.010309863835573196,76.9582,-1.0,,-1.0,,999.0,0.0,1B/SS,/players/jacob-gonzalez/33225/stats/batting,1B/SS,27,27.0,NL,Jacob Gonzalez,694378,33225,33225
SFG,Giants,1,3,3,1,0,0,0,0,0,0,0,0,1,0,0,0,,0,0,0.220455,0.299275,0.326429,0.625703,0.283023,0.0830159,0.228566,0.363203,0.105974,3.68621,0.274707,-0.000301181,,0.296191,-0.0876169,0.0334605,-0.00333645,-0.00363763,-0.000362592,-0.08585636038333178,-0.023175328969955444,78.9444,2.6,2.6,2.6,2.6,999.0,0.0,3B,/players/brett-harris/29788/stats/batting,3B,30,30.0,NL,Brett Harris,695391,29788,29788
,,0,0,0,0,0,0,0,0,0,0,0,0,0,0,0,0,,0,0,0.210021,0.293848,0.316632,0.610479,0.277019,0.0999485,0.198919,0.502459,0.106611,2.93994,0.246908,-0.000240323,,0.0224378,-0.00826681,0.00087826,-8.13895e-05,-0.000321712,-0.000366669,-0.008657943195430562,-0.0037513700081035495,72.8444,0.0,,0.0,,999.0,0.14615385,1B,/players/carlos-santana/2396/stats/batting,1B,-1,-1.0,,Carlos Santana,467793,2396,2396
SFG,Giants,1,3,3,1,0,0,0,0,0,0,0,0,1,0,0,0,,0,0,0.229861,0.297715,0.33203,0.629745,0.282778,0.0796197,0.25409,0.313353,0.102169,5.87403,0.302377,0.0,,0.279787,-0.0835511,0.00278214,0.0104383,0.0104383,-0.000449819,-0.06800247821956873,-0.03626107005402446,78.7802,2.6,2.6,2.6,2.6,999.0,0.18181818,OF,/players/scott-bandura/33398/stats/batting,OF,30,30.0,NL,Scott Bandura,814154,33398,33398
CIN,Reds,0,2,2,0,0,0,0,0,0,0,0,0,0,0,0,0,,0,0,0.220788,0.301517,0.348326,0.649844,0.291382,0.0972474,0.214411,0.453555,0.127538,3.22121,0.264444,-2.89474e-05,,0.16964,-0.0350573,-0.0108768,-0.00238063,-0.00240958,-0.000500478,-0.04411745071411133,-0.017049629241228104,79.973,-2.0,,-2.0,,999.0,0.0,2B,/players/juan-brito/26693/stats/batting,2B,18,18.0,NL,Juan Brito,682877,26693,26693
ATL,Braves,0,0,0,0,0,0,0,0,0,0,0,0,0,0,0,0,,0,0,0.216919,0.263808,0.317618,0.581426,0.258536,0.0529811,0.29637,0.178767,0.100699,7.24016,0.299018,-3.41463e-06,,0.0185668,-0.0121378,-0.00150549,0.00155364,0.00155023,-0.000510943,-0.011025556246750057,-0.002431417931802571,59.743,0.0,,0.0,,999.0,0.02898551,OF,/players/dashawn-keirsey-jr/24496/stats/batting,OF,16,16.0,NL,DaShawn Keirsey Jr.,680577,24496,24496
PHI,Phillies,0,1,1,0,0,0,0,0,0,0,0,0,0,0,0,0,,0,0,0.2398,0.292073,0.386964,0.679038,0.298148,0.06566,0.253925,0.258581,0.147164,2.4095,0.295565,-0.0002125,,0.152224,-0.0217687,-0.00728431,-0.00142873,-0.00164123,-0.000613665,-0.031433676136657596,-0.02240776363760233,83.17,-1.0,,-1.0,,999.0,0.01960784,OF,/players/bryan-de-la-cruz/19600/stats/batting,OF,26,26.0,NL,Bryan De La Cruz,650559,19600,19600
ARI,Diamondbacks,1,2,3,1,0,0,0,0,0,0,0,0,0,0,0,0,,0,0,0.24402,0.289929,0.350262,0.640191,0.283117,0.0566236,0.123406,0.458839,0.106243,4.6409,0.266354,3.10345e-05,,0.237149,-0.0698973,0.00793786,-0.00221872,-0.00218769,-0.00120259,-0.07727577304467559,-0.018913996405899525,75.9632,3.6,3.6,3.6,3.6,999.0,0.06701031,2B/3B,/players/ildemaro-vargas/13324/stats/batting,2B/3B,15,15.0,NL,Ildemaro Vargas,545121,13324,13324
COL,Rockies,0,2,2,0,0,0,0,0,0,0,0,0,0,0,0,0,,0,0,0.252708,0.315017,0.382703,0.697719,0.308969,0.0679895,0.201384,0.337612,0.129994,5.22934,0.302138,-0.000360559,,0.21847,-0.0118144,0.000639097,0.00136557,0.00100501,-0.00122067,-0.043042131583206356,-0.03223127359524369,81.1998,-2.0,,-2.0,,748.4099731445312,0.16939891,OF,/players/troy-johnston/26143/stats/batting,OF,19,19.0,NL,Troy Johnston,687859,26143,26143
ATL,Braves,0,1,1,0,0,0,0,0,0,0,0,0,0,0,0,0,,0,0,0.242208,0.306195,0.366764,0.672959,0.299033,0.074919,0.200865,0.372981,0.124556,2.87009,0.284184,-0.000872438,,0.148766,-0.0201098,0.000958032,-0.00148774,-0.00236017,-0.001277,-0.024878793861716986,-0.034072831680532545,86.8935,-1.0,,-1.0,,999.0,0.57446809,1B,/players/dominic-smith/15653/stats/batting,1B,16,16.0,NL,Dominic Smith,642086,15653,15653
COL,Rockies,0,1,1,0,0,0,0,0,0,0,0,0,0,0,0,0,,0,0,0.231256,0.282852,0.355978,0.63883,0.282022,0.0627013,0.180131,0.348087,0.124722,4.68886,0.26645,-0.000187,,0.118099,-0.0363013,-0.0246409,-0.000943022,-0.00113002,-0.00160748,-0.059042580309323967,0.0008220989257097244,63.1333,-1.0,,-1.0,,999.0,0.03614458,C,/players/brett-sullivan/18217/stats/batting,C,19,19.0,NL,Brett Sullivan,664954,18217,18217
NYM,Mets,0,1,1,0,0,0,0,0,0,0,0,0,0,0,0,0,,0,0,0.197784,0.254943,0.298877,0.55382,0.248384,0.0633903,0.321083,0.197427,0.101093,5.26872,0.28289,7.45098e-06,,0.052062,-0.0451693,0.00622148,-0.000184417,-0.000176966,-0.0017112,-0.04465834383154288,0.0011288891546428204,55.0342,-1.0,,-1.0,,999.0,0.15384615,OF,/players/cristian-pache/19948/stats/batting,OF,25,25.0,NL,Cristian Pache,665506,19948,19948
PIT,Pirates,1,3,3,1,1,0,0,0,0,0,0,0,1,0,0,0,,0,0,0.258544,0.30267,0.34839,0.65106,0.289196,0.0482677,0.189383,0.254869,0.089846,5.78723,0.313401,0.000328324,,0.333175,-0.0762196,-0.00569748,0.00406328,0.0043916,-0.00171283,-0.0896794144064188,-0.03964809654280543,77.4148,2.6,2.6,2.6,2.6,672.4199829101562,0.00334448,OF,/players/jake-mangum/26202/stats/batting,OF,27,27.0,NL,Jake Mangum,663968,26202,26202
WSN,Nationals,1,2,2,0,0,0,0,0,0,0,0,0,1,0,0,0,,0,0,0.241485,0.296657,0.397242,0.693899,0.304026,0.0659661,0.277279,0.237905,0.155757,3.60809,0.309926,-1.81159e-05,,0.234118,-0.0217538,-0.015925,-0.00212259,-0.0021407,-0.00178702,-0.03212861646898091,-0.05573979578912258,88.4805,-2.0,-2.0,-2.0,-2.0,999.0,0.13333333,1B,/players/yohandy-morales/33361/stats/batting,1B,24,24.0,NL,Yohandy Morales,691002,33361,33361
LAA,Angels,0,1,2,0,0,0,0,0,0,0,0,0,0,0,0,0,,0,0,0.224696,0.288,0.307893,0.595892,0.269146,0.0699394,0.199226,0.351056,0.0831971,4.48461,0.274833,-6.68263e-05,,0.124733,-0.0594946,-0.00119041,-0.00146199,-0.00152882,-0.00193525,-0.056524405837990344,-0.017548430943861604,69.6062,-1.0,,-1.0,,999.0,0.07070707,2B,/players/adam-frazier/15223/stats/batting,2B,1,1.0,AL,Adam Frazier,624428,15223,15223
SFG,Giants,1,3,4,1,1,0,0,0,0,0,0,0,1,0,0,0,,0,0,0.242711,0.28455,0.384498,0.669048,0.292605,0.0547725,0.260104,0.210579,0.141786,3.43392,0.305069,-2.47328e-05,,0.346979,-0.067534,-0.00704041,-0.00413866,-0.00416339,-0.0021572,-0.0658673644065857,-0.06923176720738411,85.3686,2.6,2.6,2.6,2.6,999.0,0.125,OF,/players/victor-bericoto/26468/stats/batting,OF,30,30.0,NL,Victor Bericoto,682674,26468,26468
